PID,VERSION,NO,ADDR,GOTO,SPEC1,CON1,SPEC2,CON2,KEY1,VAL1,KEY2,VAL2,REMARKS
CAL_NEXBRAND_CMT,129,1,INIT,-,-,-,-,-,-,-,-,-,-
CAL_NEXBRAND_CMT,129,2,-,-,-,-,-,-,CALL,EL_PE321A,-,-,CEILING_TYPE
CAL_NEXBRAND_CMT,129,3,-,-,-,-,-,-,CALL,EL_PE322A,-,-,"E322A_M1, E322A_M2, E322A_M3, E322A_M4, E322A_M5, E322A_W1L, E322A_W2L"
CAL_NEXBRAND_CMT,129,4,-,-,-,-,-,-,CALL,EL_PE321A06,-,-,FAN 관련
CAL_NEXBRAND_CMT,129,5,-,-,-,-,-,-,CALL,EL_PE322A15,-,-,CLNDWG
CAL_NEXBRAND_CMT,129,6,-,-,-,-,-,-,CALL,EL_PF321A15,-,-,에어컨 2개 적용 & CCTV 적용시 CCTV HOLE WORKING DWG 문구 추가
CAL_NEXBRAND_CMT,129,7,-,-,-,-,-,-,CALL,EL_PE321A28,-,-,DWG_CEILINGPLATFORM
CAL_NEXBRAND_CMT,129,8,-,-,-,-,-,-,CALL,EL_PE321A99,-,-,"CCTV HOLE 관련 주석 (EL_PE321A99, E321A99_CCTV_P, E321A99_HOLE)"
CAL_NEXBRAND_CMT,129,9,-,-,-,-,-,-,CALL,EL_PE321A21,-,-,EL_PE321A21_2 (CDS19 FAN LOUVER 주석 관련)
CAL_NEXBRAND_CMT,129,10,-,-,-,-,-,-,CALL,CAL_NEX_TYPE,-,-,-
CAL_NEXBRAND_CMT,129,11,-,-,-,-,-,-,CALL,CAL_CEILING_EXIT,-,-,-
CAL_NEXBRAND_CMT,129,12,-,-,-,-,-,-,CALL,CAL_CEILING_PAD_CMT,-,-,-
CAL_NEXBRAND_CMT,129,13,-,-,-,-,-,-,CALL,CAL_NEX_CEILING_PLATE_HOLE_DWG,-,-,-
CAL_NEXBRAND_CMT,129,14,-,-,-,-,-,-,CALL,CAL_CEILING_PLATE_HOLE_DWG_CMT,-,-,"NEX 표준천장(다른 부품으로 표준의장 N으로 입력된 현장) 천장 홀 가공도
NEX 표준의장 입력된 경우, CAL_NEXBRAND_CMT 내 CAL_NEX_CEILING_PLATE_HOLE_DWG 에서 홀 가공도 불러옴"
CAL_NEXBRAND_CMT,129,15,-,-,-,-,-,-,CALL,CAL_CEILING_REINFORCE_CMT,-,-,CEILING_WORK_DWG 사용
CAL_NEXBRAND_CMT,129,16,-,-,-,-,-,-,CALL,CAL_AA_FRAME,-,-,-
CAL_NEXBRAND_CMT,129,17,-,-,-,-,-,-,-,-,-,-,-
CAL_NEXBRAND_CMT,129,18,-,-,-,-,-,-,-,-,-,-,-
CAL_NEXBRAND_CMT,129,19,-,-,EL_ABRAND,",NEX_MR,NEX_MRL",EL_BMDL,"!(VISC,NEOD,NEOD_A1)",E321A_M2,[$ {EL_EWM2}-2 $],-,-,NEX는 M2값이 WALL과 CEILING이 다름 (WALL : ({EL_ECCA}-{E322A_M1})/2+21 / CEILING ({EL_ECCA}-{E322A_M1})/2+19)
CAL_NEXBRAND_CMT,129,20,-,-,-,-,-,-,-,-,-,-,-
CAL_NEXBRAND_CMT,129,21,-,-,EL_ABRAND,",NEX_MR,NEX_MRL",EL_BCLC,N,NEX_CC,-,-,-,-
CAL_NEXBRAND_CMT,129,22,-,-,EL_ABRAND,",NEX_MR,NEX_MRL",EL_BCLC,N,NEX_CC,P022,-,-,P022
CAL_NEXBRAND_CMT,129,23,-,-,EL_ABRAND,",NEX_MR,NEX_MRL",EL_BCLC,N,NEX_CC,P017,-,-,CDS19 (천장판:P017)
CAL_NEXBRAND_CMT,129,24,-,-,EL_ABRAND,",NEX_MR,NEX_MRL",EL_BCLC,N,NEX_CC,P023,-,-,CDS21 (천장판:P023)
CAL_NEXBRAND_CMT,129,25,-,-,EL_ABRAND,",NEX_MR,NEX_MRL",EL_BCLC,N,NEX_CC,P023,-,-,CDS31 (천장판:P023)
CAL_NEXBRAND_CMT,129,26,-,-,EL_ABRAND,",NEX_MR,NEX_MRL",EL_BCLC,N,NEX_CC,P021,-,-,"CDS31 (천장판:P021), 11월 18일 부터 적용"
CAL_NEXBRAND_CMT,129,27,-,-,EL_ABRAND,",NEX_MR,NEX_MRL",EL_BCLC,N,NEX_CC,P023,-,-,CDS91 (천장판:P023)
CAL_NEXBRAND_CMT,129,28,-,-,EL_ABRAND,",NEX_MR,NEX_MRL",EL_BCLC,N,NEX_CC,P026,-,-,CDF35 (천장판:P026)
CAL_NEXBRAND_CMT,129,29,-,-,EL_ABRAND,",NEX_MR,NEX_MRL",EL_BCLC,N,NEX_CC,P023,-,-,CDF26 (천장판:P023)
CAL_NEXBRAND_CMT,129,30,-,-,EL_ABRAND,",NEX_MR,NEX_MRL",EL_BCLC,N,NEX_CC,P026,-,-,CDI3DA1 (천장판:P026)
CAL_NEXBRAND_CMT,129,31,-,-,EL_ABRAND,",NEX_MR,NEX_MRL",EL_BCLC,N,NEX_CC,P026,-,-,P026
CAL_NEXBRAND_CMT,129,32,-,-,EL_ABRAND,",NEX_MR,NEX_MRL",EL_BCLC,N,NEX_CC,P022,-,-,P022
CAL_NEXBRAND_CMT,129,33,-,-,EL_ABRAND,",NEX_MR,NEX_MRL",EL_BCLC,N,NEX_CC,P027,-,-,P027
CAL_NEXBRAND_CMT,129,34,-,-,EL_ABRAND,",NEX_MR,NEX_MRL",EL_BCLC,N,NEX_CC,"CEILING PLATE : P022, DECO PLATE : P017+SUSMIR",-,-,P017
CAL_NEXBRAND_CMT,129,35,-,-,EL_ABRAND,",NEX_MR,NEX_MRL",EL_BCLC,N,NEX_CC,"CEILING PLATE : P022, DECO PLATE : P017+SUSMIR",-,-,P017
CAL_NEXBRAND_CMT,129,36,-,-,EL_ABRAND,",NEX_MR,NEX_MRL",EL_BCLC,!N,NEX_CC,{EL_BCLC},-,-,-
CAL_NEXBRAND_CMT,129,37,-,-,-,-,-,-,-,-,-,-,-
CAL_NEXBRAND_CMT,129,38,-,-,-,-,-,-,EE_GAP,0,-,-,-
CAL_NEXBRAND_CMT,129,39,-,-,EL_ATYP,",GTSS_E,GTSS",EL_DSETUP,OT_GEN2,EE_GAP,255,-,-,OT_GEN2 현장 천장 EE 값 변경 (CAL_CEILING_BASIC_INFO_CMT Ver.28 첨부파일 참조)
CAL_NEXBRAND_CMT,129,40,-,-,EL_ATYP,",GTSS_E,GTSS",EL_DSETUP,OT_GEN2,EE_GAP,320,-,-,-
CAL_NEXBRAND_CMT,129,41,-,-,-,-,-,-,-,-,-,-,-
CAL_NEXBRAND_CMT,129,42,-,-,EL_ABRAND,",NEX_MR,NEX_MRL",NEX_CC,N,L_CMT,"- CEILING TYPE : {EL_BCL}
- CA={EL_ECCA}, CB={EL_ECCB}, JJ={EL_ECJJ}, EE=[$ {EL_ECEE} - {EE_GAP} $], {EL_AOPEN}, BELT = {EL_ERPW}본
- LIGHTING : {EL_ALI}V & {EL_AHZ}Hz, {EL_ECSF} TYPE",NEXBRAND_CMT,"{NEXBRAND_CMT}{L_CMT}
",-
CAL_NEXBRAND_CMT,129,43,-,-,EL_ABRAND,",NEX_MR,NEX_MRL",NEX_CC,!N,L_CMT,"- CEILING TYPE : {EL_BCL}, COLOR : {NEX_CC}
- CA={EL_ECCA}, CB={EL_ECCB}, JJ={EL_ECJJ}, EE=[$ {EL_ECEE} - {EE_GAP} $], {EL_AOPEN}, BELT = {EL_ERPW}본
- LIGHTING : {EL_ALI}V & {EL_AHZ}Hz, {EL_ECSF} TYPE",NEXBRAND_CMT,"{NEXBRAND_CMT}{L_CMT}
",-
CAL_NEXBRAND_CMT,129,44,-,-,-,-,-,-,-,-,-,-,-
CAL_NEXBRAND_CMT,129,45,-,-,NEX_CEILING_PLATE_HOLE_DWG,!N,EL_ZFDB,>20230326,L_CMT,{NEX_CEILING_PLATE_HOLE_DWG},NEXBRAND_CMT,"{NEXBRAND_CMT}{L_CMT}
",-
CAL_NEXBRAND_CMT,129,46,-,-,CEILING_PLATE_HOLE_DWG_CMT,!N,EL_BWMT,N,L_CMT,{CEILING_PLATE_HOLE_DWG_CMT},NEXBRAND_CMT,"{NEXBRAND_CMT}{L_CMT}
",NEX 표준천장(다른 부품으로 표준의장 N으로 입력된 현장) 천장 홀 가공도
CAL_NEXBRAND_CMT,129,47,-,-,-,-,-,-,-,-,-,-,-
CAL_NEXBRAND_CMT,129,48,-,-,EL_ABRAND,",NEX_MR,NEX_MRL",EL_BWMT,",NXP_EAB,NXP_EGS,NXP_EAR,NXP_EGR",L_CMT,- CORNER WALL LED LIGHT 적용을 위한 CABLE HOLE DWG. 32113795G01 반영할 것.,NEXBRAND_CMT,"{NEXBRAND_CMT}{L_CMT}
",NEX HIGH 모델 CORNER WALL LED LIGHT 적용을 위한 수정 가공도
CAL_NEXBRAND_CMT,129,49,-,-,EL_ABRAND,",NEX_MR,NEX_MRL",EL_BWMT,",NXP_EAB,NXP_EGS,NXP_EAR,NXP_EGR",L_CMT,- CORNER WALL LED LIGHT 적용을 위한 CABLE HOLE DWG. 32113795G02 반영할 것.,NEXBRAND_CMT,"{NEXBRAND_CMT}{L_CMT}
",-
CAL_NEXBRAND_CMT,129,50,-,-,-,-,-,-,-,-,-,-,-
CAL_NEXBRAND_CMT,129,51,-,-,EL_ABRAND,",NEX_MR,NEX_MRL",EL_BMDL,",VISC,NEOD,NEOD_A1",L_CMT,"- M1={EL_EWM1}, M2={EL_EWM2}, M3={EL_EWM3}, M4={EL_EWM4}, M5={EL_EWM5}, W1L={E322A_W1L}, W2L={E322A_W2L}",NEXBRAND_CMT,"{NEXBRAND_CMT}{L_CMT}
",NEX+NEO는 M2값이 WALL과 CEILING이 같음
CAL_NEXBRAND_CMT,129,52,-,-,EL_ABRAND,",NEX_MR,NEX_MRL",EL_BMDL,"!(VISC,NEOD,NEOD_A1)",L_CMT,"- M1={EL_EWM1}, M2={E321A_M2}, M3={EL_EWM3}, M4={EL_EWM4}, M5={EL_EWM5}",NEXBRAND_CMT,"{NEXBRAND_CMT}{L_CMT}
",NEX는 M2값이 WALL과 CEILING이 다름 (WALL : ({EL_ECCA}-{E322A_M1})/2+21 / CEILING ({EL_ECCA}-{E322A_M1})/2+19)
CAL_NEXBRAND_CMT,129,53,-,-,EL_ABRAND,",NEX_MR,NEX_MRL",EL_BMDL,"!(VISC,NEOD,NEOD_A1)",L_CMT,"- M3={EL_EWM3}, M4={EL_EWM4}, M5={EL_EWM5}",NEXBRAND_CMT,"{NEXBRAND_CMT}{L_CMT}
",-
CAL_NEXBRAND_CMT,129,54,-,-,-,-,-,-,-,-,-,-,-
CAL_NEXBRAND_CMT,129,55,-,-,EL_ABRAND,",NEX_MR,NEX_MRL",EL_DBGMS,?SPK?,L_CMT,- 음성 합성장치용 및 BGM 용 스피커는 CAR TOP BOX 별도 동봉,NEXBRAND_CMT,"{NEXBRAND_CMT}{L_CMT}
",M1C_0043
CAL_NEXBRAND_CMT,129,56,-,-,EL_ABRAND,",NEX_MR,NEX_MRL",EL_DBGMS,!?SPK?,L_CMT,- 음성 합성장치용 스피커는 OPB 적용,NEXBRAND_CMT,"{NEXBRAND_CMT}{L_CMT}
",-
CAL_NEXBRAND_CMT,129,57,-,-,-,-,-,-,-,-,-,-,-
CAL_NEXBRAND_CMT,129,58,-,-,EL_ABRAND,",NEX_MR,NEX_MRL",EL_BCL,CDB3BA2,L_CMT,"- SPEAKER CASE 삭제할 것.
- 음성합성장치 및 BGM 홀에 방음패드 부착 할 것",NEXBRAND_CMT,"{NEXBRAND_CMT}{L_CMT}
",M1C_0523
CAL_NEXBRAND_CMT,129,59,-,-,EL_ABRAND,",NEX_MR,NEX_MRL",EL_BCL,",CDB3BA2,CDI3IH0",L_CMT,- 비상등은 LIGHT ASS'Y (LED MODULE)에 포함된 일체형임.,NEXBRAND_CMT,"{NEXBRAND_CMT}{L_CMT}
",M1C_0439
CAL_NEXBRAND_CMT,129,60,-,-,EL_ABRAND,",NEX_MR,NEX_MRL",CEILING_PAD_CMT,N,L_CMT,"- CEILING PLATE 전면에 방음패드 부착할 것.(미끄럼 방지용, 일반 현장)",NEXBRAND_CMT,"{NEXBRAND_CMT}{L_CMT}
",M1C_0046
CAL_NEXBRAND_CMT,129,61,-,-,EL_ABRAND,",NEX_MR,NEX_MRL",CEILING_PAD_CMT,N,L_CMT,"- 천정 커버 적용시, 커버 위 미끄럼 방지를 위한 패드 적용할 것",NEXBRAND_CMT,"{NEXBRAND_CMT}{L_CMT}
",M1C_0046
CAL_NEXBRAND_CMT,129,62,-,-,-,-,-,-,-,-,-,-,-
CAL_NEXBRAND_CMT,129,63,-,-,EL_ABRAND,",NEX_MR,NEX_MRL",DWG_F321A15,",?32100986G07?,?32100986G08?,?32100986G09?,?32100986G10?,?32100986G17?,?32100986G18?,?32100986G19?,?32100986G20?,?32114084G03?,?32114084G04?",L_CMT,"- CCTV HOLE WORKING DWG.32110219 반영할 것. (위치 : {E321A99_CCTV_P}, 천장TYPE : {EL_BCL} , WT = 19)",NEXBRAND_CMT,"{NEXBRAND_CMT}{L_CMT}
",에어컨 2개 적용 & CCTV 적용시 CCTV HOLE WORKING DWG 문구 추가
CAL_NEXBRAND_CMT,129,64,-,-,EL_ABRAND,",NEX_MR,NEX_MRL",E321A99_HOLE,!N,L_CMT,"- {E321A99_HOLE} 적용하여 CCTV HOLE 가공할 것 (위치 : {E321A99_CCTV_P}, 천장TYPE : {EL_BCL} , WT = 19)",NEXBRAND_CMT,"{NEXBRAND_CMT}{L_CMT}
",M1C_0303
CAL_NEXBRAND_CMT,129,65,-,-,-,-,-,-,-,-,-,-,-
CAL_NEXBRAND_CMT,129,66,-,-,EL_ABRAND,",NEX_MR,NEX_MRL",EL_PF321A15,!N,L_CMT, - FAN HOLE WORKING DWG : 32110097,NEXBRAND_CMT,"{NEXBRAND_CMT}{L_CMT}
",-
CAL_NEXBRAND_CMT,129,67,-,-,EL_ABRAND,",NEX_MR,NEX_MRL",EL_PF321A15,!N,L_CMT, - FAN HOLE WORKING DWG : 32110200G01,NEXBRAND_CMT,"{NEXBRAND_CMT}{L_CMT}
",-
CAL_NEXBRAND_CMT,129,68,-,-,EL_ABRAND,",NEX_MR,NEX_MRL",EL_PF321A15,!N,L_CMT, - FAN HOLE WORKING DWG : 32110200G02,NEXBRAND_CMT,"{NEXBRAND_CMT}{L_CMT}
",-
CAL_NEXBRAND_CMT,129,69,-,-,-,-,-,-,-,-,-,-,-
CAL_NEXBRAND_CMT,129,70,-,-,EL_ABRAND,",NEX_MR,NEX_MRL",DWG_CEILINGPLATFORM,!N,L_CMT,- CEILING PLATFORM 취부용 HOLE 추가 가공할 것. (도번 {DWG_CEILINGPLATFORM} CEILING TOE GUARD HOLE 가공도),NEXBRAND_CMT,"{NEXBRAND_CMT}{L_CMT}
",-
CAL_NEXBRAND_CMT,129,71,-,-,-,-,-,-,-,-,-,-,-
CAL_NEXBRAND_CMT,129,72,-,-,EL_ABRAND,LUXEN_2,EL_ASPSCD,KC01,L_CMT,- 천장 수정가공도 : DWG ________________ 참고하여 제작할 것 (SAFETY GUARD 고정용),NEXBRAND_CMT,"{NEXBRAND_CMT}{L_CMT}
",-
CAL_NEXBRAND_CMT,129,73,-,-,-,-,-,-,-,-,-,-,-
CAL_NEXBRAND_CMT,129,74,-,-,CEILING_WORK_DWG,!N,-,-,L_CMT,- {CEILING_WORK_DWG} 도면 적용하여 출입구측 보강 높이 변경 및 따냄 작업할 것,NEXBRAND_CMT,"{NEXBRAND_CMT}{L_CMT}
",-
CAL_NEXBRAND_CMT,129,75,-,-,-,-,-,-,-,-,-,-,-
CAL_NEXBRAND_CMT,129,76,-,-,NEX_TYPE,",NEX_NEW,NEX_PLUS,NEX_LUXEN,NEX_ECO,NEX_OLD",EL_BCL,"!(CDS14_1,CDS19_1,CDS34_1,CDS54_1)",L_CMT,- 구출구 적용 (KEY DEVICE는 별도 수배),NEXBRAND_CMT,"{NEXBRAND_CMT}{L_CMT}
","CDS14_1,CDS19_1,CDS34_1,CDS54_1 외는 외작이기에 구출구 적용관련 문구만 반영 (도면 내 표기)"
CAL_NEXBRAND_CMT,129,77,-,-,NEX_TYPE,",NEX_NEW,NEX_PLUS,NEX_LUXEN,NEX_ECO,NEX_OLD",EL_BCL,",CDS14_1,CDS19_1,CDS34_1,CDS54_1",L_CMT,"- 구출구 적용 (KEY DEVICE는 별도 수배)
- 32111268 도면에 따라 구출구 HOLE 가공 및 SWITCH, KEY DEVICE 부착 할 것. (분할타입 적용)
- 구출구 HINGE 위치 : FRONT (S/W & KEY : REAR)",NEXBRAND_CMT,"{NEXBRAND_CMT}{L_CMT}
","CDS14_1,CDS19_1,CDS34_1,CDS54_1 는 NEX 내작이기에 가공수정도 작명표기를 위한 주석반영"
CAL_NEXBRAND_CMT,129,78,-,-,NEX_TYPE,",NEX_NEW,NEX_PLUS,NEX_LUXEN,NEX_ECO,NEX_OLD",EL_BCL,",CDS14_1,CDS19_1,CDS34_1,CDS54_1",L_CMT,"- 구출구 적용 (KEY DEVICE는 별도 수배)
- 32111268 도면에 따라 구출구 HOLE 가공 및 SWITCH, KEY DEVICE 부착 할 것. (분할타입 적용)
- 구출구는 90도 회전시켜 적용할 것.
- 구출구 HINGE 위치 : FRONT (S/W & KEY : REAR)",NEXBRAND_CMT,"{NEXBRAND_CMT}{L_CMT}
",-
CAL_NEXBRAND_CMT,129,79,-,-,EL_ABRAND,",NEX_MR,NEX_MRL",EL_BCL,CDI3IH0,L_CMT,"- 구출구 HOLE 가공하지 말고, 구출구 관련 자재는 수배 제외할 것.",NEXBRAND_CMT,"{NEXBRAND_CMT}{L_CMT}
",-
CAL_NEXBRAND_CMT,129,80,-,-,EL_ABRAND,",NEX_MR,NEX_MRL",EL_BCL,CDI3IH0,L_CMT,"- 신형 구출구 적용
- 32111268 도면에 따라 구출구 HOLE 가공 및 SWITCH, KEY DEVICE 부착 할 것. (분할타입 적용)
- 구출구 HINGE 위치 : FRONT (S/W & KEY : REAR)",NEXBRAND_CMT,"{NEXBRAND_CMT}{L_CMT}
",-
CAL_NEXBRAND_CMT,129,81,-,-,EL_ABRAND,",NEX_MR,NEX_MRL",EL_BCL,",CDS21_1,CDS31_1,CDS91_1,CDF35_1,CDF26_1,?CDI3DA?,?CDB3BA?,CDB1PB0",L_CMT,- TOE GUARD 수정도 : CEILING WORKING DWG 32110132G01 신규 개정 도면을 반영 할 것.,NEXBRAND_CMT,"{NEXBRAND_CMT}{L_CMT}
","NEX ECO 와 NEX PLUS에서 LOW, MID 천장은 제외"
CAL_NEXBRAND_CMT,129,82,-,-,EL_ABRAND,",NEX_MR,NEX_MRL",EL_BCL,",CDI3IH0,CDC1DN0,CDI2DH0,CDI2DH1",L_CMT,- SIDE TOE GUARD 수정도 : 32100746 반영 할 것. (BELT Q'ty = {EL_ERPW}),NEXBRAND_CMT,"{NEXBRAND_CMT}{L_CMT}
",-
CAL_NEXBRAND_CMT,129,83,-,-,EL_ABRAND,NEX_MRL,EL_BCL,",CDI3IH0,CDC1DN0,CDI2DH0,CDI2DH1",L_CMT,- CEILING WORKING DWG : 32100749G01로 작업할 것.,NEXBRAND_CMT,"{NEXBRAND_CMT}{L_CMT}
",-
CAL_NEXBRAND_CMT,129,84,-,-,EL_ABRAND,NEX_MRL,EL_BCL,",CDI3IH0,CDC1DN0,CDI2DH0,CDI2DH1",L_CMT,- CEILING WORKING DWG : 32100749G02로 작업할 것.,NEXBRAND_CMT,"{NEXBRAND_CMT}{L_CMT}
",-
CAL_NEXBRAND_CMT,129,85,-,-,EL_ABRAND,NEX_MRL,EL_BCL,",CDI3IH0,CDC1DN0,CDI2DH0,CDI2DH1",L_CMT,- CEILING WORKING DWG : 32100749G03로 작업할 것.,NEXBRAND_CMT,"{NEXBRAND_CMT}{L_CMT}
",-
CAL_NEXBRAND_CMT,129,86,-,-,EL_ABRAND,NEX_MRL,EL_BCL,",CDI3IH0,CDC1DN0,CDI2DH0,CDI2DH1",L_CMT,- CEILING WORKING DWG : 32100749G04로 작업할 것.,NEXBRAND_CMT,"{NEXBRAND_CMT}{L_CMT}
",NEX MRL DUTY 확장 - 5본 추가
CAL_NEXBRAND_CMT,129,87,-,-,-,-,-,-,-,-,-,-,-
CAL_NEXBRAND_CMT,129,88,-,-,EL_ABRAND,NEX_MRL,EL_BCL,-,L_CMT,- BELT수={EL_ERPW},NEXBRAND_CMT,"{NEXBRAND_CMT}{L_CMT}
","서국영M요청 (2022-06-30), TAP PLATE 자재수배를 위함(도면)"
CAL_NEXBRAND_CMT,129,89,-,-,-,-,-,-,-,-,-,-,-
CAL_NEXBRAND_CMT,129,90,-,-,EL_ABRAND,",NEX_MR,NEX_MRL",EL_PE322A15,!N,L_CMT,- AIR CLEANER HOLE DWG : {CLNDWG} 참고하여 공기청정기 취부 HOLE 가공할 것,NEXBRAND_CMT,"{NEXBRAND_CMT}{L_CMT}
",-
CAL_NEXBRAND_CMT,129,91,-,-,EL_ABRAND,",NEX_MR,NEX_MRL",EL_PF321A15,!N,L_CMT,"- 카 에어컨 적용되므로 DUCT HOLE 가공도 321B370G01 적용하여 변경 작업할 것.
- FAN HOLE 2EA 적용할 것.",NEXBRAND_CMT,"{NEXBRAND_CMT}{L_CMT}
",-
CAL_NEXBRAND_CMT,129,92,-,-,-,-,-,-,-,-,-,-,-
CAL_NEXBRAND_CMT,129,93,-,-,EL_ABRAND,NEX_MRL,EL_BCL,",?CDB3BA?,CDB1PB0,CDI3IH0,CDC1DN0,CDI2DH0,CDI2DH1,?CDI3DA?",L_CMT,- TAP PLATE는 32111162G02로 변경 적용할 것.,NEXBRAND_CMT,"{NEXBRAND_CMT}{L_CMT}
",-
CAL_NEXBRAND_CMT,129,94,-,-,EL_ABRAND,NEX_MRL,EL_BCL,",?CDB3BA?,CDB1PB0,CDI3IH0,CDC1DN0,CDI2DH0,CDI2DH1,?CDI3DA?",L_CMT,- TAP PLATE는 32111162G04로 변경 적용할 것.,NEXBRAND_CMT,"{NEXBRAND_CMT}{L_CMT}
",-
CAL_NEXBRAND_CMT,129,95,-,-,EL_ABRAND,NEX_MRL,EL_BCL,",?CDB3BA?,CDB1PB0,CDI3IH0,CDC1DN0,CDI2DH0,CDI2DH1,?CDI3DA?",L_CMT,- TAP PLATE는 32111162G06로 변경 적용할 것.,NEXBRAND_CMT,"{NEXBRAND_CMT}{L_CMT}
",NEX MRL DUTY 확장 - 5본용
CAL_NEXBRAND_CMT,129,96,-,-,EL_ABRAND,NEX_MR,EL_BCL,"!(INT,?CD191?,?CD199?,?CD219A?,?CD253A?,CD299B,?CD319A?,?CD399A?,CD451B,CD511B,CD519D,?CD571?)",L_CMT,- TAP PLATE는 32110727G01로 변경적용할 것. (TAP PLATE : 243mm),NEXBRAND_CMT,"{NEXBRAND_CMT}{L_CMT}
",전산작업요청 : 00428 참고 / TAP PLATE 243mm 적용 관련 문구 추가 (GTLX_E) 적용
CAL_NEXBRAND_CMT,129,97,-,-,EL_ABRAND,NEX_MR,EL_BCL,"!(INT,?CD191?,?CD199?,?CD219A?,?CD253A?,CD299B,?CD319A?,?CD399A?,CD451B,CD511B,CD519D,?CD571?)",L_CMT,- TAP PLATE는 321D0040H02로 적용할 것. (TAP PLATE : 230mm),NEXBRAND_CMT,"{NEXBRAND_CMT}{L_CMT}
","TAP PLATE 230 적용 관련 문구 추가 반영, 작업요청 02633"
CAL_NEXBRAND_CMT,129,98,-,-,-,-,-,-,-,-,-,-,-
CAL_NEXBRAND_CMT,129,99,-,-,-,-,-,-,K4,"[$ 5*(round(((({AA_FRAME} - ({EL_ECCA} + 50)) * 0.5) + 52.5)/5,0)) $]",-,-,요청번호 2630
CAL_NEXBRAND_CMT,129,100,-,NEXT_1,EL_ABRAND,",NEX_MR,NEX_MRL",EL_ASPSCD,KC01,-,-,-,-,-
CAL_NEXBRAND_CMT,129,101,-,-,EL_ABRAND,",NEX_MR,NEX_MRL",EL_ASPSCD,KC01,L_CMT,- ISOLATION PAD BRACKET : VC13522G01/G02 각 2SET 적용 (KE={K4}),NEXBRAND_CMT,"{NEXBRAND_CMT}{L_CMT}
",작업요청 02667
CAL_NEXBRAND_CMT,129,102,-,-,EL_ABRAND,",NEX_MR,NEX_MRL",EL_ASPSCD,KC01,L_CMT,- ISOLATION PAD BRACKET : VC13522G01/G02 각 2SET 적용 (KE=55),NEXBRAND_CMT,"{NEXBRAND_CMT}{L_CMT}
",작업요청 02667
CAL_NEXBRAND_CMT,129,103,-,-,EL_ABRAND,",NEX_MR,NEX_MRL",EL_ASPSCD,KC01,L_CMT,- ISOLATION ASSY 는 32111882G1000 변경 적용 (TAP PLATE=354mm),NEXBRAND_CMT,"{NEXBRAND_CMT}{L_CMT}
",작업요청 02667
CAL_NEXBRAND_CMT,129,104,-,-,EL_ABRAND,",NEX_MR,NEX_MRL",EL_ASPSCD,KC01,L_CMT,- ISOLATION ASSY 는 32111882G0900 변경 적용 (TAP PLATE=354mm),NEXBRAND_CMT,"{NEXBRAND_CMT}{L_CMT}
",작업요청 02667
CAL_NEXBRAND_CMT,129,105,-,-,EL_ATYP,",GTSS_E,GTSS",EL_DSETUP,OT_GEN2,L_CMT,- ISOLATION ASSY 는 32115506G03 변경 적용,NEXBRAND_CMT,"{NEXBRAND_CMT}{L_CMT}
",-
CAL_NEXBRAND_CMT,129,106,-,-,EL_ATYP,",GTSS_E,GTSS",EL_DSETUP,OT_GEN2,L_CMT,- ISOLATION ASSY 는 32115506G04 변경 적용,NEXBRAND_CMT,"{NEXBRAND_CMT}{L_CMT}
",-
CAL_NEXBRAND_CMT,129,107,-,-,EL_ATYP,",GTSS_E,GTSS",EL_ERPW,",2,3",L_CMT,- ISOLATION ASSY : 32111882G0200 (TAP PLATE=307mm),NEXBRAND_CMT,"{NEXBRAND_CMT}{L_CMT}
",-
CAL_NEXBRAND_CMT,129,108,-,-,EL_ATYP,",GTSS_E,GTSS",EL_ERPW,4,L_CMT,- ISOLATION ASSY : 32111882G0300 (TAP PLATE=380mm),NEXBRAND_CMT,"{NEXBRAND_CMT}{L_CMT}
",-
CAL_NEXBRAND_CMT,129,109,-,-,EL_ATYP,",GTSS_E,GTSS",EL_ERPW,5,L_CMT,- ISOLATION ASSY : 32111882G1100 (TAP PLATE=449mm),NEXBRAND_CMT,"{NEXBRAND_CMT}{L_CMT}
",-
CAL_NEXBRAND_CMT,129,110,-,-,-,-,-,-,-,-,-,-,-
CAL_NEXBRAND_CMT,129,111,-,-,-,-,-,-,-,-,-,-,-
CAL_NEXBRAND_CMT,129,112,-,-,EL_ABRAND,?NEX?,EL_BCL,",CDI3DA1,CDB3BA2,CDI3IH0",L_CMT,"- FAN, FAN LOUVER, FAN HOLE는 1개 적용.",NEXBRAND_CMT,"{NEXBRAND_CMT}{L_CMT}
",-
CAL_NEXBRAND_CMT,129,113,-,-,EL_ABRAND,?NEX?,EL_BCL,",CDI3DA1,CDB3BA2,CDI3IH0",L_CMT,- FAN 2EA 적용되므로 좌우 모두 FAN HOLE 가공할 것.,NEXBRAND_CMT,"{NEXBRAND_CMT}{L_CMT}
",-
CAL_NEXBRAND_CMT,129,114,-,-,EL_ABRAND,?NEX?,EL_BCL,",CDI3DA1,CDB3BA2,CDI3IH0",L_CMT,- FAN 2EA 적용되므로 좌우 모두 FAN HOLE 가공할 것.,NEXBRAND_CMT,"{NEXBRAND_CMT}{L_CMT}
",-
CAL_NEXBRAND_CMT,129,115,-,-,EL_ABRAND,?NEX?,EL_BCL,",CDS21_1,CDS31_1,CDS91_1,CDF35_1,CDF26_1",L_CMT,"- FAN, FAN LOUVER, FAN HOLE는 1개 적용. (32100153G10 참고)",NEXBRAND_CMT,"{NEXBRAND_CMT}{L_CMT}
",-
CAL_NEXBRAND_CMT,129,116,-,-,EL_ABRAND,?NEX?,EL_BCL,",CDS21_1,CDS31_1,CDS91_1,CDF35_1,CDF26_1",L_CMT,"- FAN, FAN LOUVER, FAN HOLE는 2개 적용. (32100153G11 참고)",NEXBRAND_CMT,"{NEXBRAND_CMT}{L_CMT}
",-
CAL_NEXBRAND_CMT,129,117,-,-,EL_ABRAND,?NEX?,EL_BCL,",CDS21_1,CDS31_1,CDS91_1,CDF35_1,CDF26_1",L_CMT,"- FAN, FAN LOUVER, FAN HOLE는 2개 적용. (32100153G11 참고)",NEXBRAND_CMT,"{NEXBRAND_CMT}{L_CMT}
",-
CAL_NEXBRAND_CMT,129,118,-,-,EL_ABRAND,?NEX?,EL_BCL,",CDS14_1,CDS34_1,CDS54_1",L_CMT,- SMALL FAN 적용되므로 FAN SUPPORT 및 FAN HOLE COVER SMALL FAN용 적용할 것.,NEXBRAND_CMT,"{NEXBRAND_CMT}{L_CMT}
",-
CAL_NEXBRAND_CMT,129,119,-,-,EL_ABRAND,?NEX?,EL_BCL,",CDS21_1,CDS31_1,CDS91_1,CDF35_1,CDF26_1,CDI3DA1",L_CMT,"- FAN 1EA 적용, SMALL FAN 적용으로, 32111692 DETAIL OF ""B"", ""C"" 적용하여 제작 할 것.",NEXBRAND_CMT,"{NEXBRAND_CMT}{L_CMT}
",-
CAL_NEXBRAND_CMT,129,120,-,-,EL_ABRAND,?NEX?,EL_BCL,",CDS21_1,CDS31_1,CDS91_1,CDF35_1,CDF26_1,CDI3DA1",L_CMT,"- FAN 1EA 적용, SMALL FAN 적용으로, 32111692 DETAIL OF ""B"", ""C"" 적용하여 제작 할 것.",NEXBRAND_CMT,"{NEXBRAND_CMT}{L_CMT}
",-
CAL_NEXBRAND_CMT,129,121,-,-,EL_ABRAND,?NEX?,EL_BCL,",CDS19_1,CDS14_1,CDS34_1,CDS54_1",L_CMT,- FAN 1EA 적용.,NEXBRAND_CMT,"{NEXBRAND_CMT}{L_CMT}
",-
CAL_NEXBRAND_CMT,129,122,-,-,EL_ABRAND,?NEX?,EL_BCL,",CDS19_1,CDS14_1,CDS34_1,CDS54_1",L_CMT,- FAN 2EA 적용,NEXBRAND_CMT,"{NEXBRAND_CMT}{L_CMT}
",-
CAL_NEXBRAND_CMT,129,123,-,-,EL_ABRAND,?NEX?,EL_BCL,",CDS19_1,CDS14_1,CDS34_1,CDS54_1",L_CMT,- FAN 2EA 적용,NEXBRAND_CMT,"{NEXBRAND_CMT}{L_CMT}
",-
CAL_NEXBRAND_CMT,129,124,-,-,-,-,-,-,-,-,-,-,-
CAL_NEXBRAND_CMT,129,125,-,-,EL_ABRAND,",NEX_MR,NEX_MRL",EL_BCL,",?CDS14?,?CDS34?,?CDS54?",L_CMT,- 32112235 FAN HOLE COVER 따냄 치수 201/201로 변경 가공할 것.,NEXBRAND_CMT,"{NEXBRAND_CMT}{L_CMT}
",-
CAL_NEXBRAND_CMT,129,126,-,-,-,-,-,-,-,-,-,-,-
CAL_NEXBRAND_CMT,129,127,NEXT_1,-,-,-,-,-,-,-,-,-,-
CAL_NEXBRAND_CMT,129,128,-,-,EL_ABRAND,?NEX?,EL_BCL,",CDI3DA1,CDI3IH0,CDS21_1,CDS31_1,CDS91_1,CDF35_1,CDF26_1",L_CMT,"- 카 에어컨 적용 HOLE & REINFORCE WORKING DWG. 32100153G02 SHEET_2 :
  : A TYPE 으로 작업할 것, [FA]=60, [FB]=100",NEXBRAND_CMT,"{NEXBRAND_CMT}{L_CMT}
",-
CAL_NEXBRAND_CMT,129,129,-,-,EL_ABRAND,?NEX?,EL_BCL,",CDI3DA1,CDI3IH0,CDS21_1,CDS31_1,CDS91_1,CDF35_1,CDF26_1",L_CMT,"- 카 에어컨 적용 HOLE & REINFORCE WORKING DWG. 32100153G02 SHEET_2 :
  : A TYPE 으로 작업할 것, [FA]=60, [FB]=175",NEXBRAND_CMT,"{NEXBRAND_CMT}{L_CMT}
",-
CAL_NEXBRAND_CMT,129,130,-,-,EL_ABRAND,?NEX?,EL_BCL,",CDI3DA1,CDI3IH0,CDS21_1,CDS31_1,CDS91_1,CDF35_1,CDF26_1",L_CMT,"- 카 에어컨 적용 HOLE & REINFORCE WORKING DWG. 32100153G02 SHEET_2 :
  : A TYPE 으로 작업할 것, [FA]=60, [FB]=175",NEXBRAND_CMT,"{NEXBRAND_CMT}{L_CMT}
",-
CAL_NEXBRAND_CMT,129,131,-,-,EL_ABRAND,?NEX?,EL_BCL,",CDI3DA1,CDI3IH0,CDS21_1,CDS31_1,CDS91_1,CDF35_1,CDF26_1",L_CMT,"- 카 에어컨 적용 HOLE & REINFORCE WORKING DWG. 32100153G02 SHEET_2 :
  : B TYPE 으로 작업할 것, [FA]=60, [FB]=100",NEXBRAND_CMT,"{NEXBRAND_CMT}{L_CMT}
",-
CAL_NEXBRAND_CMT,129,132,-,-,EL_ABRAND,?NEX?,EL_BCL,",CDI3DA1,CDI3IH0,CDS21_1,CDS31_1,CDS91_1,CDF35_1,CDF26_1",L_CMT,"- 카 에어컨 적용 HOLE & REINFORCE WORKING DWG. 32100153G02 SHEET_2 :
  : B TYPE 으로 작업할 것, [FA]=60, [FB]=175",NEXBRAND_CMT,"{NEXBRAND_CMT}{L_CMT}
",-
CAL_NEXBRAND_CMT,129,133,-,-,EL_ABRAND,?NEX?,EL_BCL,",CDI3DA1,CDI3IH0,CDS21_1,CDS31_1,CDS91_1,CDF35_1,CDF26_1",L_CMT,"- 카 에어컨 적용 HOLE & REINFORCE WORKING DWG. 32100153G02 SHEET_2 :
  : B TYPE 으로 작업할 것, [FA]=60, [FB]=175",NEXBRAND_CMT,"{NEXBRAND_CMT}{L_CMT}
",-
CAL_NEXBRAND_CMT,129,134,-,-,-,-,-,-,-,-,-,-,-
CAL_NEXBRAND_CMT,129,135,-,-,EL_ABRAND,NEX_MR,EL_BCL,",CDS21_1,CDS31_1,CDS91_1,CDF35_1,CDF26_1,CDI3DA1",L_CMT,- DWG.32111171 FAN SUPPORT WORKING DWG. 확인하여 작업 할 것.,NEXBRAND_CMT,"{NEXBRAND_CMT}{L_CMT}
",-
CAL_NEXBRAND_CMT,129,136,-,-,EL_ABRAND,NEX_MRL,EL_BCL,",CDS21_1,CDS31_1,CDS91_1,CDF35_1,CDF26_1,CDI3DA1",L_CMT,- DWG.32111054 FAN SUPPORT WORKING DWG. 확인하여 작업 할 것.,NEXBRAND_CMT,"{NEXBRAND_CMT}{L_CMT}
",-
CAL_NEXBRAND_CMT,129,137,-,-,-,-,-,-,-,-,-,-,-
CAL_NEXBRAND_CMT,129,138,-,-,EL_ABRAND,NEX_MR,EL_BCL,",CDS21_1,CDS31_1,CDS91_1,CDF35_1,CDF26_1,CDI3DA1",L_CMT,- DWG.32111171 AIRCON SUPPORT WORKING DWG. 확인하여 작업 할 것.,NEXBRAND_CMT,"{NEXBRAND_CMT}{L_CMT}
",-
CAL_NEXBRAND_CMT,129,139,-,-,EL_ABRAND,NEX_MR,EL_BCL,",CDS21_1,CDS31_1,CDS91_1,CDF35_1,CDF26_1,CDI3DA1",L_CMT,- AIRCON : 1EA,NEXBRAND_CMT,"{NEXBRAND_CMT}{L_CMT}
",-
CAL_NEXBRAND_CMT,129,140,-,-,EL_ABRAND,NEX_MR,EL_BCL,",CDS21_1,CDS31_1,CDS91_1,CDF35_1,CDF26_1,CDI3DA1",L_CMT,- AIRCON : 2EA,NEXBRAND_CMT,"{NEXBRAND_CMT}{L_CMT}
",-
CAL_NEXBRAND_CMT,129,141,-,-,-,-,-,-,-,-,-,-,-
CAL_NEXBRAND_CMT,129,142,-,-,EL_ABRAND,NEX_MRL,EL_BCL,",CDS21_1,CDS31_1,CDS91_1,CDF35_1,CDF26_1,CDI3DA1",L_CMT,- DWG.32111054 AIRCON SUPPORT WORKING DWG. 확인하여 작업 할 것.,NEXBRAND_CMT,"{NEXBRAND_CMT}{L_CMT}
",-
CAL_NEXBRAND_CMT,129,143,-,-,EL_ABRAND,NEX_MRL,EL_BCL,",CDS21_1,CDS31_1,CDS91_1,CDF35_1,CDF26_1,CDI3DA1",L_CMT,- AIRCON : 1EA,NEXBRAND_CMT,"{NEXBRAND_CMT}{L_CMT}
",-
CAL_NEXBRAND_CMT,129,144,-,-,EL_ABRAND,NEX_MRL,EL_BCL,",CDS21_1,CDS31_1,CDS91_1,CDF35_1,CDF26_1,CDI3DA1",L_CMT,- AIRCON : 2EA,NEXBRAND_CMT,"{NEXBRAND_CMT}{L_CMT}
",-
CAL_NEXBRAND_CMT,129,145,-,-,-,-,-,-,-,-,-,-,-
CAL_NEXBRAND_CMT,129,146,-,-,EL_ABRAND,?NEX?,EL_BCL,CDS19_1,L_CMT,- DWG.32114825 AIRCON SUPPORT WORKING DWG. 확인하여 작업 할 것.,NEXBRAND_CMT,"{NEXBRAND_CMT}{L_CMT}
",NEX 일반 AIRCON 적용시 전산 반영
CAL_NEXBRAND_CMT,129,147,-,-,EL_ABRAND,?NEX?,EL_BCL,",CDS14_1,CDS34_1,CDS54_1,CDS21_1,CDS31_1,CDS91_1,CDF35_1,CDF26_1",L_CMT,- 카 에어컨 적용되므로 DUCT HOLE 가공도 321B370G01 적용하여 변경 작업할 것.,NEXBRAND_CMT,"{NEXBRAND_CMT}{L_CMT}
",NEX 일반 AIRCON 적용시 전산 반영
CAL_NEXBRAND_CMT,129,148,-,-,-,-,-,-,-,-,-,-,-
CAL_NEXBRAND_CMT,129,149,-,-,EL_ABRAND,?NEX?,EL_BCL,",CDS14_1,CDS34_1",L_CMT,- DOWN LIGHT 수량 6EA -> 8EA 로 변경 (주석부표기 : 생산팀 요청),NEXBRAND_CMT,"{NEXBRAND_CMT}{L_CMT}
",-
CAL_NEXBRAND_CMT,129,150,-,-,EL_ABRAND,?NEX?,EL_BCL,CDS54_1,L_CMT,- DOWN LIGHT 수량 5EA -> 8EA 로 변경 (주석부표기 : 생산팀 요청),NEXBRAND_CMT,"{NEXBRAND_CMT}{L_CMT}
",-
CAL_NEXBRAND_CMT,129,151,-,-,-,-,-,-,-,-,-,-,-
CAL_NEXBRAND_CMT,129,152,-,-,EL_AUSE,PI,EL_BCL,CDS14_1,L_CMT,- WORKING DWG. : 32114094 적용할 것.,NEXBRAND_CMT,"{NEXBRAND_CMT}{L_CMT}
",HOME ELEVATOR 전산화
CAL_NEXBRAND_CMT,129,153,-,-,EL_AUSE,PI,EL_BCL,CDS54_1,L_CMT,- WORKING DWG. : 32114050 적용할 것.,NEXBRAND_CMT,"{NEXBRAND_CMT}{L_CMT}
",-
CAL_NEXBRAND_CMT,129,154,-,-,-,-,-,-,-,-,-,-,-
CAL_NEXBRAND_CMT,129,155,-,-,-,-,-,-,-,-,-,-,-
CAL_NEXBRAND_CMT,129,156,#,-,EL_ABRAND,",NEX_MR,NEX_MRL",EL_ASPSCD,KC01,L_CMT,"*V0004612 적용 하되, 하기 내용 따를 것.",NEXBRAND_CMT,"{NEXBRAND_CMT}{L_CMT}
",-
CAL_NEXBRAND_CMT,129,157,#,-,EL_ABRAND,",NEX_MR,NEX_MRL",EL_ASPSCD,KC01,L_CMT,"- (1) ISOLATION ASSY 는 32111882G1000 (TAP PLATE=354mm) 변경 적용.
  (KE =[$ {K4} $], KF=[$ {K4} + 20 $]로 변경 적용.)",NEXBRAND_CMT,"{NEXBRAND_CMT}{L_CMT}
",-
CAL_NEXBRAND_CMT,129,158,#,-,EL_ABRAND,",NEX_MR,NEX_MRL",EL_ASPSCD,KC01,L_CMT,"- (1) ISOLATION ASSY 는 32111882G1000 (TAP PLATE=354mm) 변경 적용.
  (KE = 15, KF=35, 2-D10x40 SLOTS -> 2-D10x20 SLOTS로 변경 적용.)",NEXBRAND_CMT,"{NEXBRAND_CMT}{L_CMT}
",-
CAL_NEXBRAND_CMT,129,159,#,NEXT_2,EL_ABRAND,",NEX_MR,NEX_MRL",EL_ASPSCD,KC01,L_CMT,"- (2) CELING PLATE 도면 상 DETAIL OF 'B"" 측면 따냄 치수 [B1]=[B2]=180으로 적용 제작할 것.
- (3) CELING PLATE 도면 상 DETAIL OF 'B"" 측면 따냄 높이 60mm 적용 제작할 것.
- (4) 32112235 FAN HOLE COVER는 중앙부 따냄 미적용할 것.",NEXBRAND_CMT,"{NEXBRAND_CMT}{L_CMT}
",-
CAL_NEXBRAND_CMT,129,160,-,-,-,-,-,-,-,-,-,-,-
CAL_NEXBRAND_CMT,129,161,-,-,EL_ABRAND,NEX_MR,EL_ASPSCD,!KC01,L_CMT,"- CELING PLATE 도면 상 DETAIL OF 'B"" 측면 따냄 치수 [B1]=[B2]=140 으로 적용 제작할 것.",NEXBRAND_CMT,"{NEXBRAND_CMT}{L_CMT}
",-
CAL_NEXBRAND_CMT,129,162,-,-,EL_ABRAND,NEX_MR,EL_ASPSCD,KC01,L_CMT,"- CELING PLATE 도면 상 DETAIL OF 'B"" 측면 따냄 치수 [B1]=[B2]=220 으로 적용 제작할 것.",NEXBRAND_CMT,"{NEXBRAND_CMT}{L_CMT}
",작업요청 02162
CAL_NEXBRAND_CMT,129,163,-,-,EL_ABRAND,NEX_MRL,EL_ASPSCD,!KC01,L_CMT,"- CELING PLATE 도면 상 DETAIL OF 'B"" 측면 따냄 치수 [B1]=[B2]=140 으로 적용 제작할 것.",NEXBRAND_CMT,"{NEXBRAND_CMT}{L_CMT}
",-
CAL_NEXBRAND_CMT,129,164,-,-,EL_ABRAND,NEX_MRL,EL_ASPSCD,KC01,L_CMT,"- CELING PLATE 도면 상 DETAIL OF 'B"" 측면 따냄 치수 [B1]=[B2]=220 으로 적용 제작할 것.",NEXBRAND_CMT,"{NEXBRAND_CMT}{L_CMT}
",작업요청 02162
CAL_NEXBRAND_CMT,129,165,-,-,EL_ABRAND,NEX_MRL,EL_ASPSCD,!KC01,L_CMT,"- CELING PLATE 도면 상 DETAIL OF 'B"" 측면 따냄 치수 [B1]=220, [B2]=140 으로 적용 제작할 것.",NEXBRAND_CMT,"{NEXBRAND_CMT}{L_CMT}
",-
CAL_NEXBRAND_CMT,129,166,-,-,EL_ABRAND,NEX_MRL,EL_ASPSCD,KC01,L_CMT,"- CELING PLATE 도면 상 DETAIL OF 'B"" 측면 따냄 치수 [B1]=[B2]=220 으로 적용 제작할 것.",NEXBRAND_CMT,"{NEXBRAND_CMT}{L_CMT}
",작업요청 02162
CAL_NEXBRAND_CMT,129,167,-,-,EL_ABRAND,NEX_MRL,EL_ASPSCD,!KC01,L_CMT,"- CELING PLATE 도면 상 DETAIL OF 'B"" 측면 따냄 치수 [B1]=[B2]=220 으로 적용 제작할 것.",NEXBRAND_CMT,"{NEXBRAND_CMT}{L_CMT}
",-
CAL_NEXBRAND_CMT,129,168,-,-,EL_ABRAND,NEX_MRL,EL_ASPSCD,KC01,L_CMT,"- CELING PLATE 도면 상 DETAIL OF 'B"" 측면 따냄 치수 [B1]=[B2]=220 으로 적용 제작할 것.",NEXBRAND_CMT,"{NEXBRAND_CMT}{L_CMT}
",작업요청 02162
CAL_NEXBRAND_CMT,129,169,-,-,EL_ABRAND,NEX_MRL,EL_ASPSCD,!KC01,L_CMT,"- CELING PLATE 도면 상 DETAIL OF 'B"" 측면 따냄 치수 DWG. 32115626 참고",NEXBRAND_CMT,"{NEXBRAND_CMT}{L_CMT}
",NEX MRL DUTY 확장
CAL_NEXBRAND_CMT,129,170,-,-,EL_ABRAND,NEX_MRL,EL_ETM,?GH15S?,L_CMT,"- DWG.32112301G12 참고하여 제작할 것. (TAP PLATE=320, KE=55)",NEXBRAND_CMT,"{NEXBRAND_CMT}{L_CMT}
",-
CAL_NEXBRAND_CMT,129,171,-,-,EL_ABRAND,NEX_MRL,EL_ETM,?GH15S?,L_CMT,"- DWG.32112301G13 참고하여 제작할 것. (TAP PLATE=320, KE=55)",NEXBRAND_CMT,"{NEXBRAND_CMT}{L_CMT}
",-
CAL_NEXBRAND_CMT,129,172,-,-,EL_ABRAND,NEX_MRL,EL_ETM,?GH25S?,L_CMT,"- DWG.32112301G14 참고하여 제작할 것. (TAP PLATE=450, KE=55)",NEXBRAND_CMT,"{NEXBRAND_CMT}{L_CMT}
",-
CAL_NEXBRAND_CMT,129,173,-,-,EL_ABRAND,NEX_MRL,EL_ETM,?GH25S?,L_CMT,"- DWG.32112301G15 참고하여 제작할 것. (TAP PLATE=450, KE=55)",NEXBRAND_CMT,"{NEXBRAND_CMT}{L_CMT}
",-
CAL_NEXBRAND_CMT,129,174,-,-,-,-,-,-,-,-,-,-,-
CAL_NEXBRAND_CMT,129,175,-,-,EL_ABRAND,",NEX_MR,NEX_MRL",EL_AOPEN,",2SL,2SR",L_CMT,- 측면 보강 따냄 위치 [EE]-151을 [EE]-188 로 변경 적용할 것,NEXBRAND_CMT,"{NEXBRAND_CMT}{L_CMT}
",-
CAL_NEXBRAND_CMT,129,176,-,-,-,-,-,-,-,-,-,-,-
CAL_NEXBRAND_CMT,129,177,NEXT_2,-,-,-,-,-,-,-,-,-,-
CAL_NEXBRAND_CMT,129,178,-,-,EL_ABRAND,?NEX?,EL_BCL,CDS19_1,L_CMT,- FAN LOUVER 조립하여 출하할 것.,NEXBRAND_CMT,"{NEXBRAND_CMT}{L_CMT}
",작업요청 02792
CAL_NEXBRAND_CMT,129,179,-,-,EL_ABRAND,?NEX?,EL_BCL,CDS19_1,L_CMT,"- FAN BRKT 내측으로 적용
- Fan Hole 내측 적용되므로 구출구 간섭 여부 확인 부탁드립니다.",NEXBRAND_CMT,"{NEXBRAND_CMT}{L_CMT}
",작업요청 03369
