VERSION,HOUID,DOUID,NO,ADDR,SPEC1,CON1,SPEC2,CON2,SPEC3,CON3,SPEC4,CON4,SPEC5,CON5,SPEC6,CON6,SPEC7,CON7,SPEC8,CON8,SPEC9,CON9,SPEC10,CON10,SPEC11,CON11,SPEC12,CON12,SPEC13,CON13,SPEC14,CON14,SPEC15,CON15,SPEC16,CON16,SPEC17,CON17,SPEC18,CON18,SPEC19,CON19,SPEC20,CON20,KEY1,VAL1,KEY2,VAL2,KEY3,VAL3,KEY4,VAL4,KEY5,VAL5,KEY6,VAL6,KEY7,VAL7,KEY8,VAL8,KEY9,VAL9,KEY10,VAL10,KEY11,VAL11,KEY12,VAL12,KEY13,VAL13,KEY14,VAL14,KEY15,VAL15,KEY16,VAL16,KEY17,VAL17,KEY18,VAL18,KEY19,VAL19,KEY20,VAL20,GOTO,REMARKS,SPEC21,CON21,SPEC22,CON22,SPEC23,CON23,SPEC24,CON24,SPEC25,CON25,SPEC26,CON26,SPEC27,CON27,SPEC28,CON28,SPEC29,CON29,SPEC30,CON30
44,1292445,91651266,1,INIT,,,,,,,,,,,,,,,,,,,,,,,,,,,,,,,,,,,,,,,,,,,,,,,,,,,,,,,,,,,,,,,,,,,,,,,,,,,,,,,,,,,,,,,,,,,,,,,,,,,,,,
44,1292445,91651267,2,,,,,,,,,,,,,,,,,,,,,,,,,,,,,,,,,,,,,,,,,,CALL,CAL_FIRST_DATE,,,,,,,,,,,,,,,,,,,,,,,,,,,,,,,,,,,,,,,,FIRST_DATE,,,,,,,,,,,,,,,,,,,,
44,1292445,91651268,3,,,,,,,,,,,,,,,,,,,,,,,,,,,,,,,,,,,,,,,,,,OUTPUT,EL_PA103A03_1,,,,,,,,,,,,,,,,,,,,,,,,,,,,,,,,,,,,,,,,A103A03_1 : PULL BOX ASSY,,,,,,,,,,,,,,,,,,,,
44,1292445,91651269,4,,,,,,,,,,,,,,,,,,,,,,,,,,,,,,,,,,,,,,,,,,EL_PA103A03_1,,,,,,,,,,,,,,,,,,,,,,,,,,,,,,,,,,,,,,,,,,,,,,,,,,,,,,,,,,,,,
44,1292445,91651270,5,,,,,,,,,,,,,,,,,,,,,,,,,,,,,,,,,,,,,,,,,,OUTPUT,EL_PA103A03_2,,,,,,,,,,,,,,,,,,,,,,,,,,,,,,,,,,,,,,,,A103A03_2 : MC FOUNDATION COVER,,,,,,,,,,,,,,,,,,,,
44,1292445,91651271,6,,,,,,,,,,,,,,,,,,,,,,,,,,,,,,,,,,,,,,,,,,EL_PA103A03_2,,,,,,,,,,,,,,,,,,,,,,,,,,,,,,,,,,,,,,,,,,,,,,,,,,,,,,,,,,,,,
44,1292445,91651272,7,,,,,,,,,,,,,,,,,,,,,,,,,,,,,,,,,,,,,,,,,,OUTPUT,EL_PA103A03_3,OUTPUT,EL_PA103A03_4,,,,,,,,,,,,,,,,,,,,,,,,,,,,,,,,,,,,,,A103A03_3 : SUPPORT BEAM (CAR HITCH측),,,,,,,,,,,,,,,,,,,,
44,1292445,91651273,8,,,,,,,,,,,,,,,,,,,,,,,,,,,,,,,,,,,,,,,,,,EL_PA103A03_3,,EL_PA103A03_4,,,,,,,,,,,,,,,,,,,,,,,,,,,,,,,,,,,,,,,A103A03_4 : SUPPORT BEAM (CWT HITCH측),,,,,,,,,,,,,,,,,,,,
44,1292445,91651274,9,MAIN,,,,,,,,,,,,,,,,,,,,,,,,,,,,,,,,,,,,,,,,,,,,,,,,,,,,,,,,,,,,,,,,,,,,,,,,,,,,,,,,,,,,,,,,,,,,,,,,,,,,,,
44,1292445,91651275,10,,EL_ATYP,",GTLX,GTLX_E",EL_ETM,?GH?,FIRST_DATE,<=20230806,,,,,,,,,,,,,,,,,,,,,,,,,,,,,,,,,,,EL_PA103A03_1,10101604G0100,,,,,,,,,,,,,,,,,,,,,,,,,,,,,,,,,,,,,,,,,,,,,,,,,,,,,,,,,,,,
44,1292445,91651276,11,,,,,,,,,,,,,,,,,,,,,,,,,,,,,,,,,,,,,,,,,,,,,,,,,,,,,,,,,,,,,,,,,,,,,,,,,,,,,,,,,,,,,,,,,,,,,,,,,,,,,,,
44,1292445,91651277,12,,EL_ABRAND,NEX_MR,EL_ASPSCD,KC01,EL_DREUSE,N,EL_ECWTP,R,,,EL_ETM,",GH15A,GH15B,GH25C,GH25D,GH15SA,GH15SB,GH25SC,GH25SD",EL_ACAPA,">=450,<=1200",EL_ASPD,">=60,<=105",EL_ERPW,",2,3,4",EL_EPP,">=500,<=600",,,,,,,,,,,,,,,,,,,,,EL_PA103A03_2,C101P013266,,,,,,,,,,,,,,,,,,,,,,,,,,,,,,,,,,,,,,,PICK3,K10310416G01,,,,,,,,,,,,,,,,,,,,
44,1292445,91651278,13,,EL_ABRAND,NEX_MR,EL_ASPSCD,KC01,EL_DREUSE,N,EL_ECWTP,R,,,EL_ETM,",GH15A,GH15B,GH25C,GH25D,GH15SA,GH15SB,GH25SC,GH25SD",EL_ACAPA,">=450,<=1200",EL_ASPD,">=60,<=105",EL_ERPW,",2,3,4",EL_EPP,">600,<=700",,,,,,,,,,,,,,,,,,,,,EL_PA103A03_2,C101P013267,,,,,,,,,,,,,,,,,,,,,,,,,,,,,,,,,,,,,,,PICK3,K10310416G01,,,,,,,,,,,,,,,,,,,,
44,1292445,91651279,14,,EL_ABRAND,NEX_MR,EL_ASPSCD,KC01,EL_DREUSE,N,EL_ECWTP,R,,,EL_ETM,",GH15A,GH15B,GH25C,GH25D,GH15SA,GH15SB,GH25SC,GH25SD",EL_ACAPA,">=450,<=1200",EL_ASPD,">=60,<=105",EL_ERPW,",2,3,4",EL_EPP,">700,<=800",,,,,,,,,,,,,,,,,,,,,EL_PA103A03_2,C101P013268,,,,,,,,,,,,,,,,,,,,,,,,,,,,,,,,,,,,,,,PICK3,K10310416G01,,,,,,,,,,,,,,,,,,,,
44,1292445,91651280,15,,EL_ABRAND,NEX_MR,EL_ASPSCD,KC01,EL_DREUSE,N,EL_ECWTP,R,,,EL_ETM,",GH15A,GH15B,GH25C,GH25D,GH15SA,GH15SB,GH25SC,GH25SD",EL_ACAPA,">=450,<=1200",EL_ASPD,">=60,<=105",EL_ERPW,",2,3,4",EL_EPP,">800,<=900",,,,,,,,,,,,,,,,,,,,,EL_PA103A03_2,C101P013269,,,,,,,,,,,,,,,,,,,,,,,,,,,,,,,,,,,,,,,PICK3,K10310416G01,,,,,,,,,,,,,,,,,,,,
44,1292445,91651281,16,,EL_ABRAND,NEX_MR,EL_ASPSCD,KC01,EL_DREUSE,N,EL_ECWTP,R,,,EL_ETM,",GH15A,GH15B,GH25C,GH25D,GH15SA,GH15SB,GH25SC,GH25SD",EL_ACAPA,">=450,<=1200",EL_ASPD,">=60,<=105",EL_ERPW,",2,3,4",EL_EPP,">900,<=1000",,,,,,,,,,,,,,,,,,,,,EL_PA103A03_2,C101P013270,,,,,,,,,,,,,,,,,,,,,,,,,,,,,,,,,,,,,,,PICK3,K10310416G01,,,,,,,,,,,,,,,,,,,,
44,1292445,91651282,17,,EL_ABRAND,NEX_MR,EL_ASPSCD,KC01,EL_DREUSE,N,EL_ECWTP,R,,,EL_ETM,",GH15A,GH15B,GH25C,GH25D,GH15SA,GH15SB,GH25SC,GH25SD",EL_ACAPA,">=450,<=1200",EL_ASPD,">=60,<=105",EL_ERPW,",2,3,4",EL_EPP,">1000,<=1100",,,,,,,,,,,,,,,,,,,,,EL_PA103A03_2,C101P013444,,,,,,,,,,,,,,,,,,,,,,,,,,,,,,,,,,,,,,,PICK3,K10310416G01,,,,,,,,,,,,,,,,,,,,
44,1292445,91651283,18,,EL_ABRAND,NEX_MR,EL_ASPSCD,KC01,EL_DREUSE,N,EL_ECWTP,R,,,EL_ETM,",GH15A,GH15B,GH25C,GH25D,GH15SA,GH15SB,GH25SC,GH25SD",EL_ACAPA,">=450,<=1200",EL_ASPD,">=60,<=105",EL_ERPW,",2,3,4",EL_EPP,">1100,<=1200",,,,,,,,,,,,,,,,,,,,,EL_PA103A03_2,C101P013445,,,,,,,,,,,,,,,,,,,,,,,,,,,,,,,,,,,,,,,PICK3,K10310416G01,,,,,,,,,,,,,,,,,,,,
44,1292445,91651284,19,,EL_ABRAND,NEX_MR,EL_ASPSCD,KC01,EL_DREUSE,N,EL_ECWTP,R,,,EL_ETM,",GH15A,GH15B,GH25C,GH25D,GH15SA,GH15SB,GH25SC,GH25SD",EL_ACAPA,">=450,<=1200",EL_ASPD,">=60,<=105",EL_ERPW,",2,3,4",EL_EPP,">1200,<=1300",,,,,,,,,,,,,,,,,,,,,EL_PA103A03_2,C101P013446,,,,,,,,,,,,,,,,,,,,,,,,,,,,,,,,,,,,,,,PICK3,K10310416G01,,,,,,,,,,,,,,,,,,,,
44,1292445,91651285,20,,EL_ABRAND,NEX_MR,EL_ASPSCD,KC01,EL_DREUSE,N,EL_ECWTP,R,,,EL_ETM,",GH15A,GH15B,GH25C,GH25D,GH15SA,GH15SB,GH25SC,GH25SD",EL_ACAPA,">=450,<=1200",EL_ASPD,">=60,<=105",EL_ERPW,",2,3,4",EL_EPP,">1300,<=1400",,,,,,,,,,,,,,,,,,,,,EL_PA103A03_2,C101P013447,,,,,,,,,,,,,,,,,,,,,,,,,,,,,,,,,,,,,,,PICK3,K10310416G01,,,,,,,,,,,,,,,,,,,,
44,1292445,91651286,21,,EL_ABRAND,NEX_MR,EL_ASPSCD,KC01,EL_DREUSE,N,EL_ECWTP,R,,,EL_ETM,",GH15A,GH15B,GH25C,GH25D,GH15SA,GH15SB,GH25SC,GH25SD",EL_ACAPA,">=450,<=1200",EL_ASPD,">=60,<=105",EL_ERPW,",2,3,4",EL_EPP,">1400,<=1500",,,,,,,,,,,,,,,,,,,,,EL_PA103A03_2,C101P013448,,,,,,,,,,,,,,,,,,,,,,,,,,,,,,,,,,,,,,,PICK3,K10310416G01,,,,,,,,,,,,,,,,,,,,
44,1292445,91651287,22,,EL_ABRAND,NEX_MR,EL_ASPSCD,KC01,EL_DREUSE,N,EL_ECWTP,R,,,EL_ETM,",GH25A,GH25B,GH25SA,GH25SB",EL_ACAPA,">=450,<=1200",EL_ASPD,">=60,<=105",EL_ERPW,",2,3,4",EL_EPP,">=500,<=600",,,,,,,,,,,,,,,,,,,,,EL_PA103A03_2,C101P013299,,,,,,,,,,,,,,,,,,,,,,,,,,,,,,,,,,,,,,,PICK3,K10310416G02,,,,,,,,,,,,,,,,,,,,
44,1292445,91651288,23,,EL_ABRAND,NEX_MR,EL_ASPSCD,KC01,EL_DREUSE,N,EL_ECWTP,R,,,EL_ETM,",GH25A,GH25B,GH25SA,GH25SB",EL_ACAPA,">=450,<=1200",EL_ASPD,">=60,<=105",EL_ERPW,",2,3,4",EL_EPP,">600,<=700",,,,,,,,,,,,,,,,,,,,,EL_PA103A03_2,C101P013300,,,,,,,,,,,,,,,,,,,,,,,,,,,,,,,,,,,,,,,PICK3,K10310416G02,,,,,,,,,,,,,,,,,,,,
44,1292445,91651289,24,,EL_ABRAND,NEX_MR,EL_ASPSCD,KC01,EL_DREUSE,N,EL_ECWTP,R,,,EL_ETM,",GH25A,GH25B,GH25SA,GH25SB",EL_ACAPA,">=450,<=1200",EL_ASPD,">=60,<=105",EL_ERPW,",2,3,4",EL_EPP,">700,<=800",,,,,,,,,,,,,,,,,,,,,EL_PA103A03_2,C101P013301,,,,,,,,,,,,,,,,,,,,,,,,,,,,,,,,,,,,,,,PICK3,K10310416G02,,,,,,,,,,,,,,,,,,,,
44,1292445,91651290,25,,EL_ABRAND,NEX_MR,EL_ASPSCD,KC01,EL_DREUSE,N,EL_ECWTP,R,,,EL_ETM,",GH25A,GH25B,GH25SA,GH25SB",EL_ACAPA,">=450,<=1200",EL_ASPD,">=60,<=105",EL_ERPW,",2,3,4",EL_EPP,">800,<=900",,,,,,,,,,,,,,,,,,,,,EL_PA103A03_2,C101P013302,,,,,,,,,,,,,,,,,,,,,,,,,,,,,,,,,,,,,,,PICK3,K10310416G02,,,,,,,,,,,,,,,,,,,,
44,1292445,91651291,26,,EL_ABRAND,NEX_MR,EL_ASPSCD,KC01,EL_DREUSE,N,EL_ECWTP,R,,,EL_ETM,",GH25A,GH25B,GH25SA,GH25SB",EL_ACAPA,">=450,<=1200",EL_ASPD,">=60,<=105",EL_ERPW,",2,3,4",EL_EPP,">900,<=1000",,,,,,,,,,,,,,,,,,,,,EL_PA103A03_2,C101P013303,,,,,,,,,,,,,,,,,,,,,,,,,,,,,,,,,,,,,,,PICK3,K10310416G02,,,,,,,,,,,,,,,,,,,,
44,1292445,91651292,27,,EL_ABRAND,NEX_MR,EL_ASPSCD,KC01,EL_DREUSE,N,EL_ECWTP,R,,,EL_ETM,",GH25A,GH25B,GH25SA,GH25SB",EL_ACAPA,">=450,<=1200",EL_ASPD,">=60,<=105",EL_ERPW,",2,3,4",EL_EPP,">1000,<=1100",,,,,,,,,,,,,,,,,,,,,EL_PA103A03_2,C101P013449,,,,,,,,,,,,,,,,,,,,,,,,,,,,,,,,,,,,,,,PICK3,K10310416G02,,,,,,,,,,,,,,,,,,,,
44,1292445,91651293,28,,EL_ABRAND,NEX_MR,EL_ASPSCD,KC01,EL_DREUSE,N,EL_ECWTP,R,,,EL_ETM,",GH25A,GH25B,GH25SA,GH25SB",EL_ACAPA,">=450,<=1200",EL_ASPD,">=60,<=105",EL_ERPW,",2,3,4",EL_EPP,">1100,<=1200",,,,,,,,,,,,,,,,,,,,,EL_PA103A03_2,C101P013450,,,,,,,,,,,,,,,,,,,,,,,,,,,,,,,,,,,,,,,PICK3,K10310416G02,,,,,,,,,,,,,,,,,,,,
44,1292445,91651294,29,,EL_ABRAND,NEX_MR,EL_ASPSCD,KC01,EL_DREUSE,N,EL_ECWTP,R,,,EL_ETM,",GH25A,GH25B,GH25SA,GH25SB",EL_ACAPA,">=450,<=1200",EL_ASPD,">=60,<=105",EL_ERPW,",2,3,4",EL_EPP,">1200,<=1300",,,,,,,,,,,,,,,,,,,,,EL_PA103A03_2,C101P013451,,,,,,,,,,,,,,,,,,,,,,,,,,,,,,,,,,,,,,,PICK3,K10310416G02,,,,,,,,,,,,,,,,,,,,
44,1292445,91651295,30,,EL_ABRAND,NEX_MR,EL_ASPSCD,KC01,EL_DREUSE,N,EL_ECWTP,R,,,EL_ETM,",GH25A,GH25B,GH25SA,GH25SB",EL_ACAPA,">=450,<=1200",EL_ASPD,">=60,<=105",EL_ERPW,",2,3,4",EL_EPP,">1300,<=1400",,,,,,,,,,,,,,,,,,,,,EL_PA103A03_2,C101P013452,,,,,,,,,,,,,,,,,,,,,,,,,,,,,,,,,,,,,,,PICK3,K10310416G02,,,,,,,,,,,,,,,,,,,,
44,1292445,91651296,31,,EL_ABRAND,NEX_MR,EL_ASPSCD,KC01,EL_DREUSE,N,EL_ECWTP,R,,,EL_ETM,",GH25A,GH25B,GH25SA,GH25SB",EL_ACAPA,">=450,<=1200",EL_ASPD,">=60,<=105",EL_ERPW,",2,3,4",EL_EPP,">1400,<=1500",,,,,,,,,,,,,,,,,,,,,EL_PA103A03_2,C101P013453,,,,,,,,,,,,,,,,,,,,,,,,,,,,,,,,,,,,,,,PICK3,K10310416G02,,,,,,,,,,,,,,,,,,,,
44,1292445,91651297,32,,EL_ABRAND,NEX_MR,EL_ASPSCD,KC01,EL_DREUSE,Y,EL_ECWTP,R,,,EL_ETM,",?GH15S?,?GH25S?",EL_ACAPA,">=450,<=1200",EL_ASPD,">=60,<=105",EL_ERPW,",2,3,4",EL_EPP,">=500,<=600",,,,,,,,,,,,,,,,,,,,,EL_PA103A03_2,C101P013414,,,,,,,,,,,,,,,,,,,,,,,,,,,,,,,,,,,,,,,PICK3,K10310416G03,,,,,,,,,,,,,,,,,,,,
44,1292445,91651298,33,,EL_ABRAND,NEX_MR,EL_ASPSCD,KC01,EL_DREUSE,Y,EL_ECWTP,!R,EL_EMFD,90,EL_ETM,",?GH15S?,?GH25S?",EL_ACAPA,">=450,<=1200",EL_ASPD,">=60,<=105",EL_ERPW,",2,3,4",EL_EPP,">=500,<=600",,,,,,,,,,,,,,,,,,,,,EL_PA103A03_2,C101P013414,,,,,,,,,,,,,,,,,,,,,,,,,,,,,,,,,,,,,,,PICK3,K10310416G03,,,,,,,,,,,,,,,,,,,,
44,1292445,91651299,34,,EL_ABRAND,NEX_MR,EL_ASPSCD,KC01,EL_DREUSE,Y,EL_ECWTP,R,,,EL_ETM,",?GH15S?,?GH25S?",EL_ACAPA,">=450,<=1200",EL_ASPD,">=60,<=105",EL_ERPW,",2,3,4",EL_EPP,">600,<=700",,,,,,,,,,,,,,,,,,,,,EL_PA103A03_2,C101P013415,,,,,,,,,,,,,,,,,,,,,,,,,,,,,,,,,,,,,,,PICK3,K10310416G03,,,,,,,,,,,,,,,,,,,,
44,1292445,91651300,35,,EL_ABRAND,NEX_MR,EL_ASPSCD,KC01,EL_DREUSE,Y,EL_ECWTP,!R,EL_EMFD,90,EL_ETM,",?GH15S?,?GH25S?",EL_ACAPA,">=450,<=1200",EL_ASPD,">=60,<=105",EL_ERPW,",2,3,4",EL_EPP,">600,<=700",,,,,,,,,,,,,,,,,,,,,EL_PA103A03_2,C101P013415,,,,,,,,,,,,,,,,,,,,,,,,,,,,,,,,,,,,,,,PICK3,K10310416G03,,,,,,,,,,,,,,,,,,,,
44,1292445,91651301,36,,EL_ABRAND,NEX_MR,EL_ASPSCD,KC01,EL_DREUSE,Y,EL_ECWTP,R,,,EL_ETM,",?GH15S?,?GH25S?",EL_ACAPA,">=450,<=1200",EL_ASPD,">=60,<=105",EL_ERPW,",2,3,4",EL_EPP,">700,<=800",,,,,,,,,,,,,,,,,,,,,EL_PA103A03_2,C101P013416,,,,,,,,,,,,,,,,,,,,,,,,,,,,,,,,,,,,,,,PICK3,K10310416G03,,,,,,,,,,,,,,,,,,,,
44,1292445,91651302,37,,EL_ABRAND,NEX_MR,EL_ASPSCD,KC01,EL_DREUSE,Y,EL_ECWTP,!R,EL_EMFD,90,EL_ETM,",?GH15S?,?GH25S?",EL_ACAPA,">=450,<=1200",EL_ASPD,">=60,<=105",EL_ERPW,",2,3,4",EL_EPP,">700,<=800",,,,,,,,,,,,,,,,,,,,,EL_PA103A03_2,C101P013416,,,,,,,,,,,,,,,,,,,,,,,,,,,,,,,,,,,,,,,PICK3,K10310416G03,,,,,,,,,,,,,,,,,,,,
44,1292445,91651303,38,,EL_ABRAND,NEX_MR,EL_ASPSCD,KC01,EL_DREUSE,Y,EL_ECWTP,R,,,EL_ETM,",?GH15S?,?GH25S?",EL_ACAPA,">=450,<=1200",EL_ASPD,">=60,<=105",EL_ERPW,",2,3,4",EL_EPP,">800,<=900",,,,,,,,,,,,,,,,,,,,,EL_PA103A03_2,C101P013417,,,,,,,,,,,,,,,,,,,,,,,,,,,,,,,,,,,,,,,PICK3,K10310416G03,,,,,,,,,,,,,,,,,,,,
44,1292445,91651304,39,,EL_ABRAND,NEX_MR,EL_ASPSCD,KC01,EL_DREUSE,Y,EL_ECWTP,!R,EL_EMFD,90,EL_ETM,",?GH15S?,?GH25S?",EL_ACAPA,">=450,<=1200",EL_ASPD,">=60,<=105",EL_ERPW,",2,3,4",EL_EPP,">800,<=900",,,,,,,,,,,,,,,,,,,,,EL_PA103A03_2,C101P013417,,,,,,,,,,,,,,,,,,,,,,,,,,,,,,,,,,,,,,,PICK3,K10310416G03,,,,,,,,,,,,,,,,,,,,
44,1292445,91651305,40,,EL_ABRAND,NEX_MR,EL_ASPSCD,KC01,EL_DREUSE,Y,EL_ECWTP,R,,,EL_ETM,",?GH15S?,?GH25S?",EL_ACAPA,">=450,<=1200",EL_ASPD,">=60,<=105",EL_ERPW,",2,3,4",EL_EPP,">900,<=1000",,,,,,,,,,,,,,,,,,,,,EL_PA103A03_2,C101P013418,,,,,,,,,,,,,,,,,,,,,,,,,,,,,,,,,,,,,,,PICK3,K10310416G03,,,,,,,,,,,,,,,,,,,,
44,1292445,91651306,41,,EL_ABRAND,NEX_MR,EL_ASPSCD,KC01,EL_DREUSE,Y,EL_ECWTP,!R,EL_EMFD,90,EL_ETM,",?GH15S?,?GH25S?",EL_ACAPA,">=450,<=1200",EL_ASPD,">=60,<=105",EL_ERPW,",2,3,4",EL_EPP,">900,<=1000",,,,,,,,,,,,,,,,,,,,,EL_PA103A03_2,C101P013418,,,,,,,,,,,,,,,,,,,,,,,,,,,,,,,,,,,,,,,PICK3,K10310416G03,,,,,,,,,,,,,,,,,,,,
44,1292445,91651307,42,,EL_ABRAND,NEX_MR,EL_ASPSCD,KC01,EL_DREUSE,Y,EL_ECWTP,R,,,EL_ETM,",?GH15S?,?GH25S?",EL_ACAPA,">=450,<=1200",EL_ASPD,">=60,<=105",EL_ERPW,",2,3,4",EL_EPP,">1000,<=1100",,,,,,,,,,,,,,,,,,,,,EL_PA103A03_2,C101P013429,,,,,,,,,,,,,,,,,,,,,,,,,,,,,,,,,,,,,,,PICK3,K10310416G03,,,,,,,,,,,,,,,,,,,,
44,1292445,91651308,43,,EL_ABRAND,NEX_MR,EL_ASPSCD,KC01,EL_DREUSE,Y,EL_ECWTP,!R,EL_EMFD,90,EL_ETM,",?GH15S?,?GH25S?",EL_ACAPA,">=450,<=1200",EL_ASPD,">=60,<=105",EL_ERPW,",2,3,4",EL_EPP,">1000,<=1100",,,,,,,,,,,,,,,,,,,,,EL_PA103A03_2,C101P013429,,,,,,,,,,,,,,,,,,,,,,,,,,,,,,,,,,,,,,,PICK3,K10310416G03,,,,,,,,,,,,,,,,,,,,
44,1292445,91651309,44,,EL_ABRAND,NEX_MR,EL_ASPSCD,KC01,EL_DREUSE,Y,EL_ECWTP,R,,,EL_ETM,",?GH15S?,?GH25S?",EL_ACAPA,">=450,<=1200",EL_ASPD,">=60,<=105",EL_ERPW,",2,3,4",EL_EPP,">1100,<=1200",,,,,,,,,,,,,,,,,,,,,EL_PA103A03_2,C101P013430,,,,,,,,,,,,,,,,,,,,,,,,,,,,,,,,,,,,,,,PICK3,K10310416G03,,,,,,,,,,,,,,,,,,,,
44,1292445,91651310,45,,EL_ABRAND,NEX_MR,EL_ASPSCD,KC01,EL_DREUSE,Y,EL_ECWTP,!R,EL_EMFD,90,EL_ETM,",?GH15S?,?GH25S?",EL_ACAPA,">=450,<=1200",EL_ASPD,">=60,<=105",EL_ERPW,",2,3,4",EL_EPP,">1100,<=1200",,,,,,,,,,,,,,,,,,,,,EL_PA103A03_2,C101P013430,,,,,,,,,,,,,,,,,,,,,,,,,,,,,,,,,,,,,,,PICK3,K10310416G03,,,,,,,,,,,,,,,,,,,,
44,1292445,91651311,46,,EL_ABRAND,NEX_MR,EL_ASPSCD,KC01,EL_DREUSE,Y,EL_ECWTP,R,,,EL_ETM,",?GH15S?,?GH25S?",EL_ACAPA,">=450,<=1200",EL_ASPD,">=60,<=105",EL_ERPW,",2,3,4",EL_EPP,">1200,<=1300",,,,,,,,,,,,,,,,,,,,,EL_PA103A03_2,C101P013431,,,,,,,,,,,,,,,,,,,,,,,,,,,,,,,,,,,,,,,PICK3,K10310416G03,,,,,,,,,,,,,,,,,,,,
44,1292445,91651312,47,,EL_ABRAND,NEX_MR,EL_ASPSCD,KC01,EL_DREUSE,Y,EL_ECWTP,!R,EL_EMFD,90,EL_ETM,",?GH15S?,?GH25S?",EL_ACAPA,">=450,<=1200",EL_ASPD,">=60,<=105",EL_ERPW,",2,3,4",EL_EPP,">1200,<=1300",,,,,,,,,,,,,,,,,,,,,EL_PA103A03_2,C101P013431,,,,,,,,,,,,,,,,,,,,,,,,,,,,,,,,,,,,,,,PICK3,K10310416G03,,,,,,,,,,,,,,,,,,,,
44,1292445,91651313,48,,EL_ABRAND,NEX_MR,EL_ASPSCD,KC01,EL_DREUSE,Y,EL_ECWTP,R,,,EL_ETM,",?GH15S?,?GH25S?",EL_ACAPA,">=450,<=1200",EL_ASPD,">=60,<=105",EL_ERPW,",2,3,4",EL_EPP,">1300,<=1400",,,,,,,,,,,,,,,,,,,,,EL_PA103A03_2,C101P013432,,,,,,,,,,,,,,,,,,,,,,,,,,,,,,,,,,,,,,,PICK3,K10310416G03,,,,,,,,,,,,,,,,,,,,
44,1292445,91651314,49,,EL_ABRAND,NEX_MR,EL_ASPSCD,KC01,EL_DREUSE,Y,EL_ECWTP,!R,EL_EMFD,90,EL_ETM,",?GH15S?,?GH25S?",EL_ACAPA,">=450,<=1200",EL_ASPD,">=60,<=105",EL_ERPW,",2,3,4",EL_EPP,">1300,<=1400",,,,,,,,,,,,,,,,,,,,,EL_PA103A03_2,C101P013432,,,,,,,,,,,,,,,,,,,,,,,,,,,,,,,,,,,,,,,PICK3,K10310416G03,,,,,,,,,,,,,,,,,,,,
44,1292445,91651315,50,,EL_ABRAND,NEX_MR,EL_ASPSCD,KC01,EL_DREUSE,Y,EL_ECWTP,R,,,EL_ETM,",?GH15S?,?GH25S?",EL_ACAPA,">=450,<=1200",EL_ASPD,">=60,<=105",EL_ERPW,",2,3,4",EL_EPP,">1400,<=1500",,,,,,,,,,,,,,,,,,,,,EL_PA103A03_2,C101P013433,,,,,,,,,,,,,,,,,,,,,,,,,,,,,,,,,,,,,,,PICK3,K10310416G03,,,,,,,,,,,,,,,,,,,,
44,1292445,91651316,51,,EL_ABRAND,NEX_MR,EL_ASPSCD,KC01,EL_DREUSE,Y,EL_ECWTP,!R,EL_EMFD,90,EL_ETM,",?GH15S?,?GH25S?",EL_ACAPA,">=450,<=1200",EL_ASPD,">=60,<=105",EL_ERPW,",2,3,4",EL_EPP,">1400,<=1500",,,,,,,,,,,,,,,,,,,,,EL_PA103A03_2,C101P013433,,,,,,,,,,,,,,,,,,,,,,,,,,,,,,,,,,,,,,,PICK3,K10310416G03,,,,,,,,,,,,,,,,,,,,
44,1292445,91651317,52,,EL_ABRAND,NEX_MR,EL_ASPSCD,KC01,EL_DREUSE,Y,EL_ECWTP,!R,EL_EMFD,",SL,SR",EL_ERPW,",2,4",EL_ETM,",?GH15S?,?GH25S?",EL_ACAPA,">=450,<=1200",EL_ASPD,">=60,<=105",EL_EPP,">=500,<=600",,,,,,,,,,,,,,,,,,,,,EL_PA103A03_2,C101P013419,,,,,,,,,,,,,,,,,,,,,,,,,,,,,,,,,,,,,,,PICK3,K10310416G04,,,,,,,,,,,,,,,,,,,,
44,1292445,91651318,53,,EL_ABRAND,NEX_MR,EL_ASPSCD,KC01,EL_DREUSE,Y,EL_ECWTP,!R,EL_EMFD,",SL,SR",EL_ERPW,",2,4",EL_ETM,",?GH15S?,?GH25S?",EL_ACAPA,">=450,<=1200",EL_ASPD,">=60,<=105",EL_EPP,">600,<=700",,,,,,,,,,,,,,,,,,,,,EL_PA103A03_2,C101P013420,,,,,,,,,,,,,,,,,,,,,,,,,,,,,,,,,,,,,,,PICK3,K10310416G04,,,,,,,,,,,,,,,,,,,,
44,1292445,91651319,54,,EL_ABRAND,NEX_MR,EL_ASPSCD,KC01,EL_DREUSE,Y,EL_ECWTP,!R,EL_EMFD,",SL,SR",EL_ERPW,",2,4",EL_ETM,",?GH15S?,?GH25S?",EL_ACAPA,">=450,<=1200",EL_ASPD,">=60,<=105",EL_EPP,">700,<=800",,,,,,,,,,,,,,,,,,,,,EL_PA103A03_2,C101P013421,,,,,,,,,,,,,,,,,,,,,,,,,,,,,,,,,,,,,,,PICK3,K10310416G04,,,,,,,,,,,,,,,,,,,,
44,1292445,91651320,55,,EL_ABRAND,NEX_MR,EL_ASPSCD,KC01,EL_DREUSE,Y,EL_ECWTP,!R,EL_EMFD,",SL,SR",EL_ERPW,",2,4",EL_ETM,",?GH15S?,?GH25S?",EL_ACAPA,">=450,<=1200",EL_ASPD,">=60,<=105",EL_EPP,">800,<=900",,,,,,,,,,,,,,,,,,,,,EL_PA103A03_2,C101P013422,,,,,,,,,,,,,,,,,,,,,,,,,,,,,,,,,,,,,,,PICK3,K10310416G04,,,,,,,,,,,,,,,,,,,,
44,1292445,91651321,56,,EL_ABRAND,NEX_MR,EL_ASPSCD,KC01,EL_DREUSE,Y,EL_ECWTP,!R,EL_EMFD,",SL,SR",EL_ERPW,",2,4",EL_ETM,",?GH15S?,?GH25S?",EL_ACAPA,">=450,<=1200",EL_ASPD,">=60,<=105",EL_EPP,">900,<=1000",,,,,,,,,,,,,,,,,,,,,EL_PA103A03_2,C101P013423,,,,,,,,,,,,,,,,,,,,,,,,,,,,,,,,,,,,,,,PICK3,K10310416G04,,,,,,,,,,,,,,,,,,,,
44,1292445,91651322,57,,EL_ABRAND,NEX_MR,EL_ASPSCD,KC01,EL_DREUSE,Y,EL_ECWTP,!R,EL_EMFD,",SL,SR",EL_ERPW,",2,4",EL_ETM,",?GH15S?,?GH25S?",EL_ACAPA,">=450,<=1200",EL_ASPD,">=60,<=105",EL_EPP,">1000,<=1100",,,,,,,,,,,,,,,,,,,,,EL_PA103A03_2,C101P013434,,,,,,,,,,,,,,,,,,,,,,,,,,,,,,,,,,,,,,,PICK3,K10310416G04,,,,,,,,,,,,,,,,,,,,
44,1292445,91651323,58,,EL_ABRAND,NEX_MR,EL_ASPSCD,KC01,EL_DREUSE,Y,EL_ECWTP,!R,EL_EMFD,",SL,SR",EL_ERPW,",2,4",EL_ETM,",?GH15S?,?GH25S?",EL_ACAPA,">=450,<=1200",EL_ASPD,">=60,<=105",EL_EPP,">1100,<=1200",,,,,,,,,,,,,,,,,,,,,EL_PA103A03_2,C101P013435,,,,,,,,,,,,,,,,,,,,,,,,,,,,,,,,,,,,,,,PICK3,K10310416G04,,,,,,,,,,,,,,,,,,,,
44,1292445,91651324,59,,EL_ABRAND,NEX_MR,EL_ASPSCD,KC01,EL_DREUSE,Y,EL_ECWTP,!R,EL_EMFD,",SL,SR",EL_ERPW,",2,4",EL_ETM,",?GH15S?,?GH25S?",EL_ACAPA,">=450,<=1200",EL_ASPD,">=60,<=105",EL_EPP,">1200,<=1300",,,,,,,,,,,,,,,,,,,,,EL_PA103A03_2,C101P013436,,,,,,,,,,,,,,,,,,,,,,,,,,,,,,,,,,,,,,,PICK3,K10310416G04,,,,,,,,,,,,,,,,,,,,
44,1292445,91651325,60,,EL_ABRAND,NEX_MR,EL_ASPSCD,KC01,EL_DREUSE,Y,EL_ECWTP,!R,EL_EMFD,",SL,SR",EL_ERPW,",2,4",EL_ETM,",?GH15S?,?GH25S?",EL_ACAPA,">=450,<=1200",EL_ASPD,">=60,<=105",EL_EPP,">1300,<=1400",,,,,,,,,,,,,,,,,,,,,EL_PA103A03_2,C101P013437,,,,,,,,,,,,,,,,,,,,,,,,,,,,,,,,,,,,,,,PICK3,K10310416G04,,,,,,,,,,,,,,,,,,,,
44,1292445,91651326,61,,EL_ABRAND,NEX_MR,EL_ASPSCD,KC01,EL_DREUSE,Y,EL_ECWTP,!R,EL_EMFD,",SL,SR",EL_ERPW,",2,4",EL_ETM,",?GH15S?,?GH25S?",EL_ACAPA,">=450,<=1200",EL_ASPD,">=60,<=105",EL_EPP,">1400,<=1500",,,,,,,,,,,,,,,,,,,,,EL_PA103A03_2,C101P013438,,,,,,,,,,,,,,,,,,,,,,,,,,,,,,,,,,,,,,,PICK3,K10310416G04,,,,,,,,,,,,,,,,,,,,
44,1292445,91651327,62,,EL_ABRAND,NEX_MR,EL_ASPSCD,KC01,EL_DREUSE,Y,EL_ECWTP,!R,EL_EMFD,",SL,SR",EL_ERPW,3,EL_ETM,",?GH15S?,?GH25S?",EL_ACAPA,">=450,<=1200",EL_ASPD,">=60,<=105",EL_EPP,">=500,<=600",,,,,,,,,,,,,,,,,,,,,EL_PA103A03_2,C101P013424,,,,,,,,,,,,,,,,,,,,,,,,,,,,,,,,,,,,,,,PICK3,K10310416G05,,,,,,,,,,,,,,,,,,,,
44,1292445,91651328,63,,EL_ABRAND,NEX_MR,EL_ASPSCD,KC01,EL_DREUSE,Y,EL_ECWTP,!R,EL_EMFD,",SL,SR",EL_ERPW,3,EL_ETM,",?GH15S?,?GH25S?",EL_ACAPA,">=450,<=1200",EL_ASPD,">=60,<=105",EL_EPP,">600,<=700",,,,,,,,,,,,,,,,,,,,,EL_PA103A03_2,C101P013425,,,,,,,,,,,,,,,,,,,,,,,,,,,,,,,,,,,,,,,PICK3,K10310416G05,,,,,,,,,,,,,,,,,,,,
44,1292445,91651329,64,,EL_ABRAND,NEX_MR,EL_ASPSCD,KC01,EL_DREUSE,Y,EL_ECWTP,!R,EL_EMFD,",SL,SR",EL_ERPW,3,EL_ETM,",?GH15S?,?GH25S?",EL_ACAPA,">=450,<=1200",EL_ASPD,">=60,<=105",EL_EPP,">700,<=800",,,,,,,,,,,,,,,,,,,,,EL_PA103A03_2,C101P013426,,,,,,,,,,,,,,,,,,,,,,,,,,,,,,,,,,,,,,,PICK3,K10310416G05,,,,,,,,,,,,,,,,,,,,
44,1292445,91651330,65,,EL_ABRAND,NEX_MR,EL_ASPSCD,KC01,EL_DREUSE,Y,EL_ECWTP,!R,EL_EMFD,",SL,SR",EL_ERPW,3,EL_ETM,",?GH15S?,?GH25S?",EL_ACAPA,">=450,<=1200",EL_ASPD,">=60,<=105",EL_EPP,">800,<=900",,,,,,,,,,,,,,,,,,,,,EL_PA103A03_2,C101P013427,,,,,,,,,,,,,,,,,,,,,,,,,,,,,,,,,,,,,,,PICK3,K10310416G05,,,,,,,,,,,,,,,,,,,,
44,1292445,91651331,66,,EL_ABRAND,NEX_MR,EL_ASPSCD,KC01,EL_DREUSE,Y,EL_ECWTP,!R,EL_EMFD,",SL,SR",EL_ERPW,3,EL_ETM,",?GH15S?,?GH25S?",EL_ACAPA,">=450,<=1200",EL_ASPD,">=60,<=105",EL_EPP,">900,<=1000",,,,,,,,,,,,,,,,,,,,,EL_PA103A03_2,C101P013428,,,,,,,,,,,,,,,,,,,,,,,,,,,,,,,,,,,,,,,PICK3,K10310416G05,,,,,,,,,,,,,,,,,,,,
44,1292445,91651332,67,,EL_ABRAND,NEX_MR,EL_ASPSCD,KC01,EL_DREUSE,Y,EL_ECWTP,!R,EL_EMFD,",SL,SR",EL_ERPW,3,EL_ETM,",?GH15S?,?GH25S?",EL_ACAPA,">=450,<=1200",EL_ASPD,">=60,<=105",EL_EPP,">1000,<=1100",,,,,,,,,,,,,,,,,,,,,EL_PA103A03_2,C101P013439,,,,,,,,,,,,,,,,,,,,,,,,,,,,,,,,,,,,,,,PICK3,K10310416G05,,,,,,,,,,,,,,,,,,,,
44,1292445,91651333,68,,EL_ABRAND,NEX_MR,EL_ASPSCD,KC01,EL_DREUSE,Y,EL_ECWTP,!R,EL_EMFD,",SL,SR",EL_ERPW,3,EL_ETM,",?GH15S?,?GH25S?",EL_ACAPA,">=450,<=1200",EL_ASPD,">=60,<=105",EL_EPP,">1100,<=1200",,,,,,,,,,,,,,,,,,,,,EL_PA103A03_2,C101P013440,,,,,,,,,,,,,,,,,,,,,,,,,,,,,,,,,,,,,,,PICK3,K10310416G05,,,,,,,,,,,,,,,,,,,,
44,1292445,91651334,69,,EL_ABRAND,NEX_MR,EL_ASPSCD,KC01,EL_DREUSE,Y,EL_ECWTP,!R,EL_EMFD,",SL,SR",EL_ERPW,3,EL_ETM,",?GH15S?,?GH25S?",EL_ACAPA,">=450,<=1200",EL_ASPD,">=60,<=105",EL_EPP,">1200,<=1300",,,,,,,,,,,,,,,,,,,,,EL_PA103A03_2,C101P013441,,,,,,,,,,,,,,,,,,,,,,,,,,,,,,,,,,,,,,,PICK3,K10310416G05,,,,,,,,,,,,,,,,,,,,
44,1292445,91651335,70,,EL_ABRAND,NEX_MR,EL_ASPSCD,KC01,EL_DREUSE,Y,EL_ECWTP,!R,EL_EMFD,",SL,SR",EL_ERPW,3,EL_ETM,",?GH15S?,?GH25S?",EL_ACAPA,">=450,<=1200",EL_ASPD,">=60,<=105",EL_EPP,">1300,<=1400",,,,,,,,,,,,,,,,,,,,,EL_PA103A03_2,C101P013442,,,,,,,,,,,,,,,,,,,,,,,,,,,,,,,,,,,,,,,PICK3,K10310416G05,,,,,,,,,,,,,,,,,,,,
44,1292445,91651336,71,,EL_ABRAND,NEX_MR,EL_ASPSCD,KC01,EL_DREUSE,Y,EL_ECWTP,!R,EL_EMFD,",SL,SR",EL_ERPW,3,EL_ETM,",?GH15S?,?GH25S?",EL_ACAPA,">=450,<=1200",EL_ASPD,">=60,<=105",EL_EPP,">1400,<=1500",,,,,,,,,,,,,,,,,,,,,EL_PA103A03_2,C101P013443,,,,,,,,,,,,,,,,,,,,,,,,,,,,,,,,,,,,,,,PICK3,K10310416G05,,,,,,,,,,,,,,,,,,,,
44,1292445,91651337,72,,EL_ABRAND,NEX_MR,EL_ASPSCD,KC01,,,,,,,,,,,,,,,,,,,,,,,,,,,,,,,,,,,,,,,,,,,,,,,,,,,,,,,,,,,,,,,,,,,,,,,,,,,,,PICK3,,,,,,,,,,,,,,,,,,,,,
44,1292445,91651338,73,,,,,,,,,,,,,,,,,,,,,,,,,,,,,,,,,,,,,,,,,,,,,,,,,,,,,,,,,,,,,,,,,,,,,,,,,,,,,,,,,,,,,,,,,,,,,,,,,,,,,,,
44,1292445,91651339,74,,EL_ATYP,GTLX,EL_ETM,",GH15A,GH15B,GH25C,GH25D,GH15SA,GH15SB,GH25SC,GH25SD",EL_DREUSE,N,EL_ECWTP,R,,,,,,,,,,,,,,,,,,,,,,,,,,,,,,,,,EL_PA103A03_2,10310416G010A,,,,,,,,,,,,,,,,,,,,,,,,,,,,,,,,,,,,,,,,,,,,,,,,,,,,,,,,,,,,
44,1292445,91651340,75,,EL_ATYP,GTLX,EL_ETM,",GH25A,GH25B,GH25E,GH25SA,GH25SB",EL_DREUSE,N,EL_ECWTP,R,,,,,,,,,,,,,,,,,,,,,,,,,,,,,,,,,EL_PA103A03_2,10310416G020A,,,,,,,,,,,,,,,,,,,,,,,,,,,,,,,,,,,,,,,,,,,,,,,,,,,,,,,,,,,,
44,1292445,91651341,76,,EL_ATYP,GTLX,EL_ETM,",?GH15?,?GH25?,?GH15S?,?GH25S?",EL_DREUSE,Y,EL_ECWTP,R,,,,,,,,,,,,,,,,,,,,,,,,,,,,,,,,,EL_PA103A03_2,10310416G030A,,,,,,,,,,,,,,,,,,,,,,,,,,,,,,,,,,,,,,,,,,,,,,,,,,,,,,,,,,,,
44,1292445,91651342,77,,EL_ATYP,GTLX,EL_ETM,",?GH15?,?GH25?,?GH15S?,?GH25S?",EL_DREUSE,Y,EL_ECWTP,!R,EL_EMFD,90,,,,,,,,,,,,,,,,,,,,,,,,,,,,,,,EL_PA103A03_2,10310416G030A,,,,,,,,,,,,,,,,,,,,,,,,,,,,,,,,,,,,,,,,,,,,,,,,,,,,,,,,,,,,
44,1292445,91651343,78,,EL_ATYP,GTLX,EL_ETM,",?GH15?,?GH25?,?GH15S?,?GH25S?",EL_DREUSE,Y,EL_ECWTP,!R,EL_EMFD,",SL,SR",EL_ERPW,",2,4",,,,,,,,,,,,,,,,,,,,,,,,,,,,,EL_PA103A03_2,10310416G040A,,,,,,,,,,,,,,,,,,,,,,,,,,,,,,,,,,,,,,,,,,,,,,,,,,,,,,,,,,,,
44,1292445,91651344,79,,EL_ATYP,GTLX,EL_ETM,",?GH15?,?GH25?,?GH15S?,?GH25S?",EL_DREUSE,Y,EL_ECWTP,!R,EL_EMFD,",SL,SR",EL_ERPW,3,,,,,,,,,,,,,,,,,,,,,,,,,,,,,EL_PA103A03_2,10310416G050A,,,,,,,,,,,,,,,,,,,,,,,,,,,,,,,,,,,,,,,,,,,,,,,,,,,,,,,,,,,,
44,1292445,91651345,80,,EL_ATYP,GTLX,EL_ETM,?GH31?,EL_DREUSE,,EL_ECWTP,,,,,,,,,,,,,,,,,,,,,,,,,,,,,,,,,,EL_PA103A03_2,10310538G0100,,,,,,,,,,,,,,,,,,,,,,,,,,,,,,,,,,,,,,,,,,,,,,,,,,,,,,,,,,,,
44,1292445,91651346,81,,EL_ATYP,GTLX,EL_ETM,?GH35?,EL_DREUSE,,EL_ECWTP,,,,,,,,,,,,,,,,,,,,,,,,,,,,,,,,,,EL_PA103A03_2,10310918G0100,,,,,,,,,,,,,,,,,,,,,,,,,,,,,,,,,,,,,,,,,,,,,,,,,,,,,,,,,,,,
44,1292445,91651347,82,,,,,,,,,,,,,,,,,,,,,,,,,,,,,,,,,,,,,,,,,,,,,,,,,,,,,,,,,,,,,,,,,,,,,,,,,,,,,,,,,,,,,,,,,,,,,,,,,,,,,,,
44,1292445,91651348,83,,EL_ATYP,GTLX_E,EL_ETM,?GH13?,EL_DREUSE,,EL_EPP,">=550,<=650",,,,,,,,,,,,,,,,,,,,,,,,,,,,,,,,,EL_PA103A03_2,10310801G0100,,,,,,,,,,,,,,,,,,,,,,,,,,,,,,,,,,,,,,,,,,,,,,,,,,,,,,,,,,,,
44,1292445,91651349,84,,EL_ATYP,GTLX_E,EL_ETM,?GH13?,EL_DREUSE,,EL_EPP,">650,<=900",,,,,,,,,,,,,,,,,,,,,,,,,,,,,,,,,EL_PA103A03_2,10310801G0200,,,,,,,,,,,,,,,,,,,,,,,,,,,,,,,,,,,,,,,,,,,,,,,,,,,,,,,,,,,,
44,1292445,91651350,85,,EL_ATYP,GTLX_E,EL_ETM,?GH13?,EL_DREUSE,,EL_EPP,">900,<=1500",,,,,,,,,,,,,,,,,,,,,,,,,,,,,,,,,EL_PA103A03_2,10310801G0300,,,,,,,,,,,,,,,,,,,,,,,,,,,,,,,,,,,,,,,,,,,,,,,,,,,,,,,,,,,,
44,1292445,91651351,86,,EL_ATYP,GTLX_E,EL_ETM,?GH18?,EL_DREUSE,,EL_EPP,">=550,<=1500",,,,,,,,,,,,,,,,,,,,,,,,,,,,,,,,,EL_PA103A03_2,10310802G0100,,,,,,,,,,,,,,,,,,,,,,,,,,,,,,,,,,,,,,,,,,,,,,,,,,,,,,,,,,,,
44,1292445,91651352,87,,,,,,,,,,,,,,,,,,,,,,,,,,,,,,,,,,,,,,,,,,,,,,,,,,,,,,,,,,,,,,,,,,,,,,,,,,,,,,,,,,,,,,,,,,,,,,,,,,,,,,,
44,1292445,91651353,88,,EL_ATYP,GTLX_E,EL_ETM,GH15SA,EL_ERPW,2,EL_EPP,">=550,<=700",EL_DREUSE,N,,,,,,,,,,,,,,,,,,,,,,,,,,,,,,,EL_PA103A03_2,10311684G0100,,,,,,,,,,,,,,,,,,,,,,,,,,,,,,,,,,,,,,,,신규 후락/횡락 전체,,,,,,,,,,,,,,,,,,,,
44,1292445,91651354,89,,EL_ATYP,GTLX_E,EL_ETM,GH15SA,EL_ERPW,2,EL_EPP,">700,<=900",EL_DREUSE,N,,,,,,,,,,,,,,,,,,,,,,,,,,,,,,,EL_PA103A03_2,10311684G0200,,,,,,,,,,,,,,,,,,,,,,,,,,,,,,,,,,,,,,,,신규 후락/횡락 전체,,,,,,,,,,,,,,,,,,,,
44,1292445,91651355,90,,EL_ATYP,GTLX_E,EL_ETM,GH15SA,EL_ERPW,2,EL_EPP,">900,<=1250",EL_DREUSE,N,,,,,,,,,,,,,,,,,,,,,,,,,,,,,,,EL_PA103A03_2,10311684G0300,,,,,,,,,,,,,,,,,,,,,,,,,,,,,,,,,,,,,,,,신규 후락/횡락 전체,,,,,,,,,,,,,,,,,,,,
44,1292445,91651356,91,,EL_ATYP,GTLX_E,EL_ETM,GH15SA,EL_ERPW,2,EL_EPP,">1250,<=1500",EL_DREUSE,N,,,,,,,,,,,,,,,,,,,,,,,,,,,,,,,EL_PA103A03_2,10311684G0400,,,,,,,,,,,,,,,,,,,,,,,,,,,,,,,,,,,,,,,,신규 후락/횡락 전체,,,,,,,,,,,,,,,,,,,,
44,1292445,91651357,92,,,,,,,,,,,,,,,,,,,,,,,,,,,,,,,,,,,,,,,,,,,,,,,,,,,,,,,,,,,,,,,,,,,,,,,,,,,,,,,,,,,,,,,,,,,,,,,,,,,,,,,
44,1292445,91651358,93,,EL_ATYP,GTLX_E,EL_ETM,GH15SA,EL_ERPW,2,EL_EPP,">=550,<=700",EL_DREUSE,Y,,,,,,,,,,,,,,,,,,,,,,,,,,,,,,,EL_PA103A03_2,10311684G0500,,,,,,,,,,,,,,,,,,,,,,,,,,,,,,,,,,,,,,,,교체 후락/횡락 전체,,,,,,,,,,,,,,,,,,,,
44,1292445,91651359,94,,EL_ATYP,GTLX_E,EL_ETM,GH15SA,EL_ERPW,2,EL_EPP,">700,<=900",EL_DREUSE,Y,,,,,,,,,,,,,,,,,,,,,,,,,,,,,,,EL_PA103A03_2,10311684G0600,,,,,,,,,,,,,,,,,,,,,,,,,,,,,,,,,,,,,,,,교체 후락/횡락 전체,,,,,,,,,,,,,,,,,,,,
44,1292445,91651360,95,,EL_ATYP,GTLX_E,EL_ETM,GH15SA,EL_ERPW,2,EL_EPP,">900,<=1250",EL_DREUSE,Y,,,,,,,,,,,,,,,,,,,,,,,,,,,,,,,EL_PA103A03_2,10311684G0700,,,,,,,,,,,,,,,,,,,,,,,,,,,,,,,,,,,,,,,,교체 후락/횡락 전체,,,,,,,,,,,,,,,,,,,,
44,1292445,91651361,96,,EL_ATYP,GTLX_E,EL_ETM,GH15SA,EL_ERPW,2,EL_EPP,">1250,<=1500",EL_DREUSE,Y,,,,,,,,,,,,,,,,,,,,,,,,,,,,,,,EL_PA103A03_2,10311684G0800,,,,,,,,,,,,,,,,,,,,,,,,,,,,,,,,,,,,,,,,교체 후락/횡락 전체,,,,,,,,,,,,,,,,,,,,
44,1292445,91651362,97,,,,,,,,,,,,,,,,,,,,,,,,,,,,,,,,,,,,,,,,,,,,,,,,,,,,,,,,,,,,,,,,,,,,,,,,,,,,,,,,,,,,,,,,,,,,,,,,,,,,,,,
44,1292445,91651363,98,,EL_ATYP,GTLX_E,EL_ETM,GH15SA,EL_ERPW,3,EL_EPP,">=550,<=700",EL_DREUSE,N,EL_ECWTP,R,,,,,,,,,,,,,,,,,,,,,,,,,,,,,EL_PA103A03_2,10311684G0900,,,,,,,,,,,,,,,,,,,,,,,,,,,,,,,,,,,,,,,,신규 후락/신규 횡락(LH),,,,,,,,,,,,,,,,,,,,
44,1292445,91651364,99,,EL_ATYP,GTLX_E,EL_ETM,GH15SA,EL_ERPW,3,EL_EPP,">700,<=900",EL_DREUSE,N,EL_ECWTP,R,,,,,,,,,,,,,,,,,,,,,,,,,,,,,EL_PA103A03_2,10311684G1000,,,,,,,,,,,,,,,,,,,,,,,,,,,,,,,,,,,,,,,,신규 후락/신규 횡락(LH),,,,,,,,,,,,,,,,,,,,
44,1292445,91651365,100,,EL_ATYP,GTLX_E,EL_ETM,GH15SA,EL_ERPW,3,EL_EPP,">900,<=1250",EL_DREUSE,N,EL_ECWTP,R,,,,,,,,,,,,,,,,,,,,,,,,,,,,,EL_PA103A03_2,10311684G1100,,,,,,,,,,,,,,,,,,,,,,,,,,,,,,,,,,,,,,,,신규 후락/신규 횡락(LH),,,,,,,,,,,,,,,,,,,,
44,1292445,91651366,101,,EL_ATYP,GTLX_E,EL_ETM,GH15SA,EL_ERPW,3,EL_EPP,">1250,<=1500",EL_DREUSE,N,EL_ECWTP,R,,,,,,,,,,,,,,,,,,,,,,,,,,,,,EL_PA103A03_2,10311684G1200,,,,,,,,,,,,,,,,,,,,,,,,,,,,,,,,,,,,,,,,신규 후락/신규 횡락(LH),,,,,,,,,,,,,,,,,,,,
44,1292445,91651367,102,,EL_ATYP,GTLX_E,EL_ETM,GH15SA,EL_ERPW,3,EL_EPP,">=550,<=700",EL_DREUSE,N,EL_ECWTP,!R,EL_EMFD,90,,,,,,,,,,,,,,,,,,,,,,,,,,,EL_PA103A03_2,10311684G0900,,,,,,,,,,,,,,,,,,,,,,,,,,,,,,,,,,,,,,,,신규 후락/신규 횡락(LH),,,,,,,,,,,,,,,,,,,,
44,1292445,91651368,103,,EL_ATYP,GTLX_E,EL_ETM,GH15SA,EL_ERPW,3,EL_EPP,">700,<=900",EL_DREUSE,N,EL_ECWTP,!R,EL_EMFD,90,,,,,,,,,,,,,,,,,,,,,,,,,,,EL_PA103A03_2,10311684G1000,,,,,,,,,,,,,,,,,,,,,,,,,,,,,,,,,,,,,,,,신규 후락/신규 횡락(LH),,,,,,,,,,,,,,,,,,,,
44,1292445,91651369,104,,EL_ATYP,GTLX_E,EL_ETM,GH15SA,EL_ERPW,3,EL_EPP,">900,<=1250",EL_DREUSE,N,EL_ECWTP,!R,EL_EMFD,90,,,,,,,,,,,,,,,,,,,,,,,,,,,EL_PA103A03_2,10311684G1100,,,,,,,,,,,,,,,,,,,,,,,,,,,,,,,,,,,,,,,,신규 후락/신규 횡락(LH),,,,,,,,,,,,,,,,,,,,
44,1292445,91651370,105,,EL_ATYP,GTLX_E,EL_ETM,GH15SA,EL_ERPW,3,EL_EPP,">1250,<=1500",EL_DREUSE,N,EL_ECWTP,!R,EL_EMFD,90,,,,,,,,,,,,,,,,,,,,,,,,,,,EL_PA103A03_2,10311684G1200,,,,,,,,,,,,,,,,,,,,,,,,,,,,,,,,,,,,,,,,신규 후락/신규 횡락(LH),,,,,,,,,,,,,,,,,,,,
44,1292445,91651371,106,,EL_ATYP,GTLX_E,EL_ETM,GH15SA,EL_ERPW,3,EL_EPP,">=550,<=700",EL_DREUSE,N,EL_ECWTP,!R,EL_EMFD,SL,,,,,,,,,,,,,,,,,,,,,,,,,,,EL_PA103A03_2,10311684G0900,,,,,,,,,,,,,,,,,,,,,,,,,,,,,,,,,,,,,,,,신규 후락/신규 횡락(LH),,,,,,,,,,,,,,,,,,,,
44,1292445,91651372,107,,EL_ATYP,GTLX_E,EL_ETM,GH15SA,EL_ERPW,3,EL_EPP,">700,<=900",EL_DREUSE,N,EL_ECWTP,!R,EL_EMFD,SL,,,,,,,,,,,,,,,,,,,,,,,,,,,EL_PA103A03_2,10311684G1000,,,,,,,,,,,,,,,,,,,,,,,,,,,,,,,,,,,,,,,,신규 후락/신규 횡락(LH),,,,,,,,,,,,,,,,,,,,
44,1292445,91651373,108,,EL_ATYP,GTLX_E,EL_ETM,GH15SA,EL_ERPW,3,EL_EPP,">900,<=1250",EL_DREUSE,N,EL_ECWTP,!R,EL_EMFD,SL,,,,,,,,,,,,,,,,,,,,,,,,,,,EL_PA103A03_2,10311684G1100,,,,,,,,,,,,,,,,,,,,,,,,,,,,,,,,,,,,,,,,신규 후락/신규 횡락(LH),,,,,,,,,,,,,,,,,,,,
44,1292445,91651374,109,,EL_ATYP,GTLX_E,EL_ETM,GH15SA,EL_ERPW,3,EL_EPP,">1250,<=1500",EL_DREUSE,N,EL_ECWTP,!R,EL_EMFD,SL,,,,,,,,,,,,,,,,,,,,,,,,,,,EL_PA103A03_2,10311684G1200,,,,,,,,,,,,,,,,,,,,,,,,,,,,,,,,,,,,,,,,신규 후락/신규 횡락(LH),,,,,,,,,,,,,,,,,,,,
44,1292445,91651375,110,,,,,,,,,,,,,,,,,,,,,,,,,,,,,,,,,,,,,,,,,,,,,,,,,,,,,,,,,,,,,,,,,,,,,,,,,,,,,,,,,,,,,,,,,,,,,,,,,,,,,,,
44,1292445,91651376,111,,EL_ATYP,GTLX_E,EL_ETM,GH15SA,EL_ERPW,3,EL_EPP,">=550,<=700",EL_DREUSE,N,EL_ECWTP,!R,EL_EMFD,SR,,,,,,,,,,,,,,,,,,,,,,,,,,,EL_PA103A03_2,10311684G1300,,,,,,,,,,,,,,,,,,,,,,,,,,,,,,,,,,,,,,,,신규 횡락(RH),,,,,,,,,,,,,,,,,,,,
44,1292445,91651377,112,,EL_ATYP,GTLX_E,EL_ETM,GH15SA,EL_ERPW,3,EL_EPP,">700,<=900",EL_DREUSE,N,EL_ECWTP,!R,EL_EMFD,SR,,,,,,,,,,,,,,,,,,,,,,,,,,,EL_PA103A03_2,10311684G1400,,,,,,,,,,,,,,,,,,,,,,,,,,,,,,,,,,,,,,,,신규 횡락(RH),,,,,,,,,,,,,,,,,,,,
44,1292445,91651378,113,,EL_ATYP,GTLX_E,EL_ETM,GH15SA,EL_ERPW,3,EL_EPP,">900,<=1250",EL_DREUSE,N,EL_ECWTP,!R,EL_EMFD,SR,,,,,,,,,,,,,,,,,,,,,,,,,,,EL_PA103A03_2,10311684G1500,,,,,,,,,,,,,,,,,,,,,,,,,,,,,,,,,,,,,,,,신규 횡락(RH),,,,,,,,,,,,,,,,,,,,
44,1292445,91651379,114,,EL_ATYP,GTLX_E,EL_ETM,GH15SA,EL_ERPW,3,EL_EPP,">1250,<=1500",EL_DREUSE,N,EL_ECWTP,!R,EL_EMFD,SR,,,,,,,,,,,,,,,,,,,,,,,,,,,EL_PA103A03_2,10311684G1600,,,,,,,,,,,,,,,,,,,,,,,,,,,,,,,,,,,,,,,,신규 횡락(RH),,,,,,,,,,,,,,,,,,,,
44,1292445,91651380,115,,,,,,,,,,,,,,,,,,,,,,,,,,,,,,,,,,,,,,,,,,,,,,,,,,,,,,,,,,,,,,,,,,,,,,,,,,,,,,,,,,,,,,,,,,,,,,,,,,,,,,,
44,1292445,91651381,116,,EL_ATYP,GTLX_E,EL_ETM,GH15SA,EL_ERPW,3,EL_EPP,">=550,<=700",EL_DREUSE,Y,EL_ECWTP,R,,,,,,,,,,,,,,,,,,,,,,,,,,,,,EL_PA103A03_2,10311684G1700,,,,,,,,,,,,,,,,,,,,,,,,,,,,,,,,,,,,,,,,교체 후락/교체 횡락(LH),,,,,,,,,,,,,,,,,,,,
44,1292445,91651382,117,,EL_ATYP,GTLX_E,EL_ETM,GH15SA,EL_ERPW,3,EL_EPP,">700,<=900",EL_DREUSE,Y,EL_ECWTP,R,,,,,,,,,,,,,,,,,,,,,,,,,,,,,EL_PA103A03_2,10311684G1800,,,,,,,,,,,,,,,,,,,,,,,,,,,,,,,,,,,,,,,,교체 후락/교체 횡락(LH),,,,,,,,,,,,,,,,,,,,
44,1292445,91651383,118,,EL_ATYP,GTLX_E,EL_ETM,GH15SA,EL_ERPW,3,EL_EPP,">900,<=1250",EL_DREUSE,Y,EL_ECWTP,R,,,,,,,,,,,,,,,,,,,,,,,,,,,,,EL_PA103A03_2,10311684G1900,,,,,,,,,,,,,,,,,,,,,,,,,,,,,,,,,,,,,,,,교체 후락/교체 횡락(LH),,,,,,,,,,,,,,,,,,,,
44,1292445,91651384,119,,EL_ATYP,GTLX_E,EL_ETM,GH15SA,EL_ERPW,3,EL_EPP,">1250,<=1500",EL_DREUSE,Y,EL_ECWTP,R,,,,,,,,,,,,,,,,,,,,,,,,,,,,,EL_PA103A03_2,10311684G2000,,,,,,,,,,,,,,,,,,,,,,,,,,,,,,,,,,,,,,,,교체 후락/교체 횡락(LH),,,,,,,,,,,,,,,,,,,,
44,1292445,91651385,120,,EL_ATYP,GTLX_E,EL_ETM,GH15SA,EL_ERPW,3,EL_EPP,">=550,<=700",EL_DREUSE,Y,EL_ECWTP,!R,EL_EMFD,90,,,,,,,,,,,,,,,,,,,,,,,,,,,EL_PA103A03_2,10311684G1700,,,,,,,,,,,,,,,,,,,,,,,,,,,,,,,,,,,,,,,,교체 후락/교체 횡락(LH),,,,,,,,,,,,,,,,,,,,
44,1292445,91651386,121,,EL_ATYP,GTLX_E,EL_ETM,GH15SA,EL_ERPW,3,EL_EPP,">700,<=900",EL_DREUSE,Y,EL_ECWTP,!R,EL_EMFD,90,,,,,,,,,,,,,,,,,,,,,,,,,,,EL_PA103A03_2,10311684G1800,,,,,,,,,,,,,,,,,,,,,,,,,,,,,,,,,,,,,,,,교체 후락/교체 횡락(LH),,,,,,,,,,,,,,,,,,,,
44,1292445,91651387,122,,EL_ATYP,GTLX_E,EL_ETM,GH15SA,EL_ERPW,3,EL_EPP,">900,<=1250",EL_DREUSE,Y,EL_ECWTP,!R,EL_EMFD,90,,,,,,,,,,,,,,,,,,,,,,,,,,,EL_PA103A03_2,10311684G1900,,,,,,,,,,,,,,,,,,,,,,,,,,,,,,,,,,,,,,,,교체 후락/교체 횡락(LH),,,,,,,,,,,,,,,,,,,,
44,1292445,91651388,123,,EL_ATYP,GTLX_E,EL_ETM,GH15SA,EL_ERPW,3,EL_EPP,">1250,<=1500",EL_DREUSE,Y,EL_ECWTP,!R,EL_EMFD,90,,,,,,,,,,,,,,,,,,,,,,,,,,,EL_PA103A03_2,10311684G2000,,,,,,,,,,,,,,,,,,,,,,,,,,,,,,,,,,,,,,,,교체 후락/교체 횡락(LH),,,,,,,,,,,,,,,,,,,,
44,1292445,91651389,124,,EL_ATYP,GTLX_E,EL_ETM,GH15SA,EL_ERPW,3,EL_EPP,">=550,<=700",EL_DREUSE,Y,EL_ECWTP,!R,EL_EMFD,SL,,,,,,,,,,,,,,,,,,,,,,,,,,,EL_PA103A03_2,10311684G1700,,,,,,,,,,,,,,,,,,,,,,,,,,,,,,,,,,,,,,,,교체 후락/교체 횡락(LH),,,,,,,,,,,,,,,,,,,,
44,1292445,91651390,125,,EL_ATYP,GTLX_E,EL_ETM,GH15SA,EL_ERPW,3,EL_EPP,">700,<=900",EL_DREUSE,Y,EL_ECWTP,!R,EL_EMFD,SL,,,,,,,,,,,,,,,,,,,,,,,,,,,EL_PA103A03_2,10311684G1800,,,,,,,,,,,,,,,,,,,,,,,,,,,,,,,,,,,,,,,,교체 후락/교체 횡락(LH),,,,,,,,,,,,,,,,,,,,
44,1292445,91651391,126,,EL_ATYP,GTLX_E,EL_ETM,GH15SA,EL_ERPW,3,EL_EPP,">900,<=1250",EL_DREUSE,Y,EL_ECWTP,!R,EL_EMFD,SL,,,,,,,,,,,,,,,,,,,,,,,,,,,EL_PA103A03_2,10311684G1900,,,,,,,,,,,,,,,,,,,,,,,,,,,,,,,,,,,,,,,,교체 후락/교체 횡락(LH),,,,,,,,,,,,,,,,,,,,
44,1292445,91651392,127,,EL_ATYP,GTLX_E,EL_ETM,GH15SA,EL_ERPW,3,EL_EPP,">1250,<=1500",EL_DREUSE,Y,EL_ECWTP,!R,EL_EMFD,SL,,,,,,,,,,,,,,,,,,,,,,,,,,,EL_PA103A03_2,10311684G2000,,,,,,,,,,,,,,,,,,,,,,,,,,,,,,,,,,,,,,,,교체 후락/교체 횡락(LH),,,,,,,,,,,,,,,,,,,,
44,1292445,91651393,128,,,,,,,,,,,,,,,,,,,,,,,,,,,,,,,,,,,,,,,,,,,,,,,,,,,,,,,,,,,,,,,,,,,,,,,,,,,,,,,,,,,,,,,,,,,,,,,,,,,,,,,
44,1292445,91651394,129,,EL_ATYP,GTLX_E,EL_ETM,GH15SA,EL_ERPW,3,EL_EPP,">=550,<=700",EL_DREUSE,Y,EL_ECWTP,!R,EL_EMFD,SR,,,,,,,,,,,,,,,,,,,,,,,,,,,EL_PA103A03_2,10311684G2100,,,,,,,,,,,,,,,,,,,,,,,,,,,,,,,,,,,,,,,,교체 횡락(RH),,,,,,,,,,,,,,,,,,,,
44,1292445,91651395,130,,EL_ATYP,GTLX_E,EL_ETM,GH15SA,EL_ERPW,3,EL_EPP,">700,<=900",EL_DREUSE,Y,EL_ECWTP,!R,EL_EMFD,SR,,,,,,,,,,,,,,,,,,,,,,,,,,,EL_PA103A03_2,10311684G2200,,,,,,,,,,,,,,,,,,,,,,,,,,,,,,,,,,,,,,,,교체 횡락(RH),,,,,,,,,,,,,,,,,,,,
44,1292445,91651396,131,,EL_ATYP,GTLX_E,EL_ETM,GH15SA,EL_ERPW,3,EL_EPP,">900,<=1250",EL_DREUSE,Y,EL_ECWTP,!R,EL_EMFD,SR,,,,,,,,,,,,,,,,,,,,,,,,,,,EL_PA103A03_2,10311684G2300,,,,,,,,,,,,,,,,,,,,,,,,,,,,,,,,,,,,,,,,교체 횡락(RH),,,,,,,,,,,,,,,,,,,,
44,1292445,91651397,132,,EL_ATYP,GTLX_E,EL_ETM,GH15SA,EL_ERPW,3,EL_EPP,">1250,<=1500",EL_DREUSE,Y,EL_ECWTP,!R,EL_EMFD,SR,,,,,,,,,,,,,,,,,,,,,,,,,,,EL_PA103A03_2,10311684G2400,,,,,,,,,,,,,,,,,,,,,,,,,,,,,,,,,,,,,,,,교체 횡락(RH),,,,,,,,,,,,,,,,,,,,
44,1292445,91651398,133,,,,,,,,,,,,,,,,,,,,,,,,,,,,,,,,,,,,,,,,,,,,,,,,,,,,,,,,,,,,,,,,,,,,,,,,,,,,,,,,,,,,,,,,,,,,,,,,,,,,,,,
44,1292445,91651399,134,,EL_ATYP,GTLX_E,EL_ETM,GH25SC,EL_EPP,">=700,<=1500",EL_DREUSE,N,,,,,,,,,,,,,,,,,,,,,,,,,,,,,,,,,EL_PA103A03_2,10311441G0100,,,,,,,,,,,,,,,,,,,,,,,,,,,,,,,,,,,,,,,,신규 사선횡락/후락,,,,,,,,,,,,,,,,,,,,
44,1292445,91651400,135,,EL_ATYP,GTLX_E,EL_ETM,GH25SC,EL_EPP,">=700,<=1500",EL_DREUSE,Y,EL_ECWTP,!R,EL_EMFD,!90,,,,,,,,,,,,,,,,,,,,,,,,,,,,,EL_PA103A03_2,10311441G0100,,,,,,,,,,,,,,,,,,,,,,,,,,,,,,,,,,,,,,,,교체 사선횡락,,,,,,,,,,,,,,,,,,,,
44,1292445,91651401,136,,,,,,,,,,,,,,,,,,,,,,,,,,,,,,,,,,,,,,,,,,,,,,,,,,,,,,,,,,,,,,,,,,,,,,,,,,,,,,,,,,,,,,,,,,,,,,,,,,,,,,,
44,1292445,91651402,137,,EL_ATYP,GTLX_E,EL_ETM,GH25SC,EL_EPP,">=700,<=1500",EL_DREUSE,Y,EL_ECWTP,R,,,,,,,,,,,,,,,,,,,,,,,,,,,,,,,EL_PA103A03_2,10311441G0200,,,,,,,,,,,,,,,,,,,,,,,,,,,,,,,,,,,,,,,,교체 후락,,,,,,,,,,,,,,,,,,,,
44,1292445,91651403,138,,EL_ATYP,GTLX_E,EL_ETM,GH25SC,EL_EPP,">=700,<=1500",EL_DREUSE,Y,EL_ECWTP,!R,EL_EMFD,90,,,,,,,,,,,,,,,,,,,,,,,,,,,,,EL_PA103A03_2,10311441G0200,,,,,,,,,,,,,,,,,,,,,,,,,,,,,,,,,,,,,,,,교체 후락,,,,,,,,,,,,,,,,,,,,
44,1292445,91651404,139,,,,,,,,,,,,,,,,,,,,,,,,,,,,,,,,,,,,,,,,,,,,,,,,,,,,,,,,,,,,,,,,,,,,,,,,,,,,,,,,,,,,,,,,,,,,,,,,,,,,,,,
44,1292445,91651405,140,,,,,,,,,,,,,,,,,,,,,,,,,,,,,,,,,,,,,,,,,,,,,,,,,,,,,,,,,,,,,,,,,,,,,,,,,,,,,,,,,,,,,,,,,,,,,,,,,,,,,,,
44,1292445,91651406,141,,EL_ATYP,,EL_ETM,",?GT17?,?GT25?,?GT35?",EL_EMFD,90,EL_DPO,!(RG),EL_DTMDP,",A,B",EL_EMCBD,!SH,,,,,,,,,,,,,,,,,,,,,,,,,,,,,EL_PA103A03_2,10310380G0100,,,,,,,,,,,,,,,,,,,,,,,,,,,,,,,,,,,,,,,,,,,,,,,,,,,,,,,,,,,,
44,1292445,91651407,142,,EL_ATYP,,EL_ETM,",?GT17?,?GT35?",EL_EMFD,90,EL_DPO,!(RG),EL_DTMDP,",A,B",EL_EMCBD,SH,,,,,,,,,,,,,,,,,,,,,,,,,,,,,EL_PA103A03_2,10310380G0100,,,,,,,,,,,,,,,,,,,,,,,,,,,,,,,,,,,,,,,,,,,,,,,,,,,,,,,,,,,,
44,1292445,91651408,143,,EL_ATYP,,EL_ETM,?GT25?,EL_EMFD,90,EL_DPO,!(RG),EL_DTMDP,",A,B",EL_EMCBD,SH,,,,,,,,,,,,,,,,,,,,,,,,,,,,,EL_PA103A03_2,V0027297G0100,,,,,,,,,,,,,,,,,,,,,,,,,,,,,,,,,,,,,,,,,,,,,,,,,,,,,,,,,,,,
44,1292445,91651409,144,,EL_ATYP,,EL_ETM,",?GT17?,?GT25?,?GT35?",EL_EMFD,",SL,SR",EL_DPO,!(RG),EL_DTMDP,",A,B",EL_EMCBD,,,,,,,,,,,,,,,,,,,,,,,,,,,,,,EL_PA103A03_2,10310380G0200,,,,,,,,,,,,,,,,,,,,,,,,,,,,,,,,,,,,,,,,,,,,,,,,,,,,,,,,,,,,
44,1292445,91651410,145,,EL_ATYP,,EL_ETM,",?GT50?,?GT70?,?GT71?",EL_EMFD,",SL,SR",EL_DPO,,EL_DTMDP,",A,B",EL_EMCBD,,,,,,,,,,,,,,,,,,,,,,,,,,,,,,EL_PA103A03_2,10310380G0300,,,,,,,,,,,,,,,,,,,,,,,,,,,,,,,,,,,,,,,,,,,,,,,,,,,,,,,,,,,,
44,1292445,91651411,146,,,,,,,,,,,,,,,,,,,,,,,,,,,,,,,,,,,,,,,,,,,,,,,,,,,,,,,,,,,,,,,,,,,,,,,,,,,,,,,,,,,,,,,,,,,,,,,,,,,,,,,
44,1292445,91651412,147,PICK3,,,,,,,,,,,,,,,,,,,,,,,,,,,,,,,,,,,,,,,,,,,,,,,,,,,,,,,,,,,,,,,,,,,,,,,,,,,,,,,,,,,,,,,,,,,,,,,,,,,,,,
44,1292445,91651413,148,,EL_ATYP,GTLX,EL_ETM,",?GH15?,?GH25?,?GH15S?,?GH25S?",EL_DREUSE,N,,,EL_ECWTP,!R,,,,,,,,,,,,,,,,,,,,,,,,,,,,,,,EL_PA103A03_3,10310082G0100,EL_PA103A03_4,10310082G0200,,,,,,,,,,,,,,,,,,,,,,,,,,,,,,,,,,,,,,,,,,,,,,,,,,,,,,,,,,
44,1292445,91651414,149,,EL_ATYP,,EL_ETM,",?GT50?,?GT70?,?GT71?",EL_EMFD,,EL_DTMDP,",A,B",EL_ECWTP,R,EL_EMCBD,,,,,,,,,,,,,,,,,,,,,,,,,,,,,,EL_PA103A03_3,10300421G0300,,,,,,,,,,,,,,,,,,,,,,,,,,,,,,,,,,,,,,,,,,,,,,,,,,,,,,,,,,,,
44,1292445,91651415,150,,EL_ATYP,,EL_ETM,",?GT50?,?GT70?,?GT71?",EL_EMFD,90,EL_DTMDP,",A,B",EL_ECWTP,",R/L,R/R",EL_EMCBD,SH,,,,,,,,,,,,,,,,,,,,,,,,,,,,,EL_PA103A03_3,10300421G0300,,,,,,,,,,,,,,,,,,,,,,,,,,,,,,,,,,,,,,,,,,,,,,,,,,,,,,,,,,,,
45,1304784,101931670,1,INIT,,,,,,,,,,,,,,,,,,,,,,,,,,,,,,,,,,,,,,,,,,,,,,,,,,,,,,,,,,,,,,,,,,,,,,,,,,,,,,,,,,,,,,,,,,,,,,,,,,,,,,
45,1304784,101931671,2,,,,,,,,,,,,,,,,,,,,,,,,,,,,,,,,,,,,,,,,,,CALL,CAL_NG550_CS,,,,,,,,,,,,,,,,,,,,,,,,,,,,,,,,,,,,,,,,NG550_CS,,,,,,,,,,,,,,,,,,,,
45,1304784,101931672,3,,,,,,,,,,,,,,,,,,,,,,,,,,,,,,,,,,,,,,,,,,CALL,CAL_FIRST_DATE,,,,,,,,,,,,,,,,,,,,,,,,,,,,,,,,,,,,,,,,FIRST_DATE,,,,,,,,,,,,,,,,,,,,
45,1304784,101931673,4,,,,,,,,,,,,,,,,,,,,,,,,,,,,,,,,,,,,,,,,,,OUTPUT,EL_PA103A03_1,,,,,,,,,,,,,,,,,,,,,,,,,,,,,,,,,,,,,,,,A103A03_1 : PULL BOX ASSY,,,,,,,,,,,,,,,,,,,,
45,1304784,101931674,5,,,,,,,,,,,,,,,,,,,,,,,,,,,,,,,,,,,,,,,,,,EL_PA103A03_1,,,,,,,,,,,,,,,,,,,,,,,,,,,,,,,,,,,,,,,,,,,,,,,,,,,,,,,,,,,,,
45,1304784,101931675,6,,,,,,,,,,,,,,,,,,,,,,,,,,,,,,,,,,,,,,,,,,OUTPUT,EL_PA103A03_2,,,,,,,,,,,,,,,,,,,,,,,,,,,,,,,,,,,,,,,,A103A03_2 : MC FOUNDATION COVER,,,,,,,,,,,,,,,,,,,,
45,1304784,101931676,7,,,,,,,,,,,,,,,,,,,,,,,,,,,,,,,,,,,,,,,,,,EL_PA103A03_2,,,,,,,,,,,,,,,,,,,,,,,,,,,,,,,,,,,,,,,,,,,,,,,,,,,,,,,,,,,,,
45,1304784,101931677,8,,,,,,,,,,,,,,,,,,,,,,,,,,,,,,,,,,,,,,,,,,OUTPUT,EL_PA103A03_3,OUTPUT,EL_PA103A03_4,,,,,,,,,,,,,,,,,,,,,,,,,,,,,,,,,,,,,,A103A03_3 : SUPPORT BEAM (CAR HITCH측),,,,,,,,,,,,,,,,,,,,
45,1304784,101931678,9,,,,,,,,,,,,,,,,,,,,,,,,,,,,,,,,,,,,,,,,,,EL_PA103A03_3,,EL_PA103A03_4,,,,,,,,,,,,,,,,,,,,,,,,,,,,,,,,,,,,,,,A103A03_4 : SUPPORT BEAM (CWT HITCH측),,,,,,,,,,,,,,,,,,,,
45,1304784,101931679,10,MAIN,,,,,,,,,,,,,,,,,,,,,,,,,,,,,,,,,,,,,,,,,,,,,,,,,,,,,,,,,,,,,,,,,,,,,,,,,,,,,,,,,,,,,,,,,,,,,,,,,,,,,,
45,1304784,101931680,11,,EL_ATYP,",GTLX,GTLX_E",EL_ETM,?GH?,FIRST_DATE,<=20230806,,,,,,,,,,,,,,,,,,,,,,,,,,,,,,,,,,,EL_PA103A03_1,10101604G0100,,,,,,,,,,,,,,,,,,,,,,,,,,,,,,,,,,,,,,,,,,,,,,,,,,,,,,,,,,,,
45,1304784,101931681,12,,,,,,,,,,,,,,,,,,,,,,,,,,,,,,,,,,,,,,,,,,,,,,,,,,,,,,,,,,,,,,,,,,,,,,,,,,,,,,,,,,,,,,,,,,,,,,,,,,,,,,,
45,1304784,101931682,13,,EL_ABRAND,NEX_MR,EL_ASPSCD,KC01,EL_DREUSE,N,EL_ECWTP,R,,,EL_ETM,",GH15A,GH15B,GH25C,GH25D,GH15SA,GH15SB,GH25SC,GH25SD",EL_ACAPA,">=450,<=1200",EL_ASPD,">=60,<=105",EL_ERPW,",2,3,4",EL_EPP,">=500,<=600",NG550_CS,N,,,,,,,,,,,,,,,,,,,EL_PA103A03_2,C101P013266,,,,,,,,,,,,,,,,,,,,,,,,,,,,,,,,,,,,,,,PICK3,K10310416G01,,,,,,,,,,,,,,,,,,,,
45,1304784,101931683,14,,EL_ABRAND,NEX_MR,EL_ASPSCD,KC01,EL_DREUSE,N,EL_ECWTP,R,,,EL_ETM,",GH15A,GH15B,GH25C,GH25D,GH15SA,GH15SB,GH25SC,GH25SD",EL_ACAPA,">=450,<=1200",EL_ASPD,">=60,<=105",EL_ERPW,",2,3,4",EL_EPP,">600,<=700",NG550_CS,N,,,,,,,,,,,,,,,,,,,EL_PA103A03_2,C101P013267,,,,,,,,,,,,,,,,,,,,,,,,,,,,,,,,,,,,,,,PICK3,K10310416G01,,,,,,,,,,,,,,,,,,,,
45,1304784,101931684,15,,EL_ABRAND,NEX_MR,EL_ASPSCD,KC01,EL_DREUSE,N,EL_ECWTP,R,,,EL_ETM,",GH15A,GH15B,GH25C,GH25D,GH15SA,GH15SB,GH25SC,GH25SD",EL_ACAPA,">=450,<=1200",EL_ASPD,">=60,<=105",EL_ERPW,",2,3,4",EL_EPP,">700,<=800",NG550_CS,N,,,,,,,,,,,,,,,,,,,EL_PA103A03_2,C101P013268,,,,,,,,,,,,,,,,,,,,,,,,,,,,,,,,,,,,,,,PICK3,K10310416G01,,,,,,,,,,,,,,,,,,,,
45,1304784,101931685,16,,EL_ABRAND,NEX_MR,EL_ASPSCD,KC01,EL_DREUSE,N,EL_ECWTP,R,,,EL_ETM,",GH15A,GH15B,GH25C,GH25D,GH15SA,GH15SB,GH25SC,GH25SD",EL_ACAPA,">=450,<=1200",EL_ASPD,">=60,<=105",EL_ERPW,",2,3,4",EL_EPP,">800,<=900",NG550_CS,N,,,,,,,,,,,,,,,,,,,EL_PA103A03_2,C101P013269,,,,,,,,,,,,,,,,,,,,,,,,,,,,,,,,,,,,,,,PICK3,K10310416G01,,,,,,,,,,,,,,,,,,,,
45,1304784,101931686,17,,EL_ABRAND,NEX_MR,EL_ASPSCD,KC01,EL_DREUSE,N,EL_ECWTP,R,,,EL_ETM,",GH15A,GH15B,GH25C,GH25D,GH15SA,GH15SB,GH25SC,GH25SD",EL_ACAPA,">=450,<=1200",EL_ASPD,">=60,<=105",EL_ERPW,",2,3,4",EL_EPP,">900,<=1000",NG550_CS,N,,,,,,,,,,,,,,,,,,,EL_PA103A03_2,C101P013270,,,,,,,,,,,,,,,,,,,,,,,,,,,,,,,,,,,,,,,PICK3,K10310416G01,,,,,,,,,,,,,,,,,,,,
45,1304784,101931687,18,,EL_ABRAND,NEX_MR,EL_ASPSCD,KC01,EL_DREUSE,N,EL_ECWTP,R,,,EL_ETM,",GH15A,GH15B,GH25C,GH25D,GH15SA,GH15SB,GH25SC,GH25SD",EL_ACAPA,">=450,<=1200",EL_ASPD,">=60,<=105",EL_ERPW,",2,3,4",EL_EPP,">1000,<=1100",NG550_CS,N,,,,,,,,,,,,,,,,,,,EL_PA103A03_2,C101P013444,,,,,,,,,,,,,,,,,,,,,,,,,,,,,,,,,,,,,,,PICK3,K10310416G01,,,,,,,,,,,,,,,,,,,,
45,1304784,101931688,19,,EL_ABRAND,NEX_MR,EL_ASPSCD,KC01,EL_DREUSE,N,EL_ECWTP,R,,,EL_ETM,",GH15A,GH15B,GH25C,GH25D,GH15SA,GH15SB,GH25SC,GH25SD",EL_ACAPA,">=450,<=1200",EL_ASPD,">=60,<=105",EL_ERPW,",2,3,4",EL_EPP,">1100,<=1200",NG550_CS,N,,,,,,,,,,,,,,,,,,,EL_PA103A03_2,C101P013445,,,,,,,,,,,,,,,,,,,,,,,,,,,,,,,,,,,,,,,PICK3,K10310416G01,,,,,,,,,,,,,,,,,,,,
45,1304784,101931689,20,,EL_ABRAND,NEX_MR,EL_ASPSCD,KC01,EL_DREUSE,N,EL_ECWTP,R,,,EL_ETM,",GH15A,GH15B,GH25C,GH25D,GH15SA,GH15SB,GH25SC,GH25SD",EL_ACAPA,">=450,<=1200",EL_ASPD,">=60,<=105",EL_ERPW,",2,3,4",EL_EPP,">1200,<=1300",NG550_CS,N,,,,,,,,,,,,,,,,,,,EL_PA103A03_2,C101P013446,,,,,,,,,,,,,,,,,,,,,,,,,,,,,,,,,,,,,,,PICK3,K10310416G01,,,,,,,,,,,,,,,,,,,,
45,1304784,101931690,21,,EL_ABRAND,NEX_MR,EL_ASPSCD,KC01,EL_DREUSE,N,EL_ECWTP,R,,,EL_ETM,",GH15A,GH15B,GH25C,GH25D,GH15SA,GH15SB,GH25SC,GH25SD",EL_ACAPA,">=450,<=1200",EL_ASPD,">=60,<=105",EL_ERPW,",2,3,4",EL_EPP,">1300,<=1400",NG550_CS,N,,,,,,,,,,,,,,,,,,,EL_PA103A03_2,C101P013447,,,,,,,,,,,,,,,,,,,,,,,,,,,,,,,,,,,,,,,PICK3,K10310416G01,,,,,,,,,,,,,,,,,,,,
45,1304784,101931691,22,,EL_ABRAND,NEX_MR,EL_ASPSCD,KC01,EL_DREUSE,N,EL_ECWTP,R,,,EL_ETM,",GH15A,GH15B,GH25C,GH25D,GH15SA,GH15SB,GH25SC,GH25SD",EL_ACAPA,">=450,<=1200",EL_ASPD,">=60,<=105",EL_ERPW,",2,3,4",EL_EPP,">1400,<=1500",NG550_CS,N,,,,,,,,,,,,,,,,,,,EL_PA103A03_2,C101P013448,,,,,,,,,,,,,,,,,,,,,,,,,,,,,,,,,,,,,,,PICK3,K10310416G01,,,,,,,,,,,,,,,,,,,,
45,1304784,101931692,23,,EL_ABRAND,NEX_MR,EL_ASPSCD,KC01,EL_DREUSE,N,EL_ECWTP,R,,,EL_ETM,",GH25A,GH25B,GH25SA,GH25SB",EL_ACAPA,">=450,<=1200",EL_ASPD,">=60,<=105",EL_ERPW,",2,3,4",EL_EPP,">=500,<=600",NG550_CS,N,,,,,,,,,,,,,,,,,,,EL_PA103A03_2,C101P013299,,,,,,,,,,,,,,,,,,,,,,,,,,,,,,,,,,,,,,,PICK3,K10310416G02,,,,,,,,,,,,,,,,,,,,
45,1304784,101931693,24,,EL_ABRAND,NEX_MR,EL_ASPSCD,KC01,EL_DREUSE,N,EL_ECWTP,R,,,EL_ETM,",GH25A,GH25B,GH25SA,GH25SB",EL_ACAPA,">=450,<=1200",EL_ASPD,">=60,<=105",EL_ERPW,",2,3,4",EL_EPP,">600,<=700",NG550_CS,N,,,,,,,,,,,,,,,,,,,EL_PA103A03_2,C101P013300,,,,,,,,,,,,,,,,,,,,,,,,,,,,,,,,,,,,,,,PICK3,K10310416G02,,,,,,,,,,,,,,,,,,,,
45,1304784,101931694,25,,EL_ABRAND,NEX_MR,EL_ASPSCD,KC01,EL_DREUSE,N,EL_ECWTP,R,,,EL_ETM,",GH25A,GH25B,GH25SA,GH25SB",EL_ACAPA,">=450,<=1200",EL_ASPD,">=60,<=105",EL_ERPW,",2,3,4",EL_EPP,">700,<=800",NG550_CS,N,,,,,,,,,,,,,,,,,,,EL_PA103A03_2,C101P013301,,,,,,,,,,,,,,,,,,,,,,,,,,,,,,,,,,,,,,,PICK3,K10310416G02,,,,,,,,,,,,,,,,,,,,
45,1304784,101931695,26,,EL_ABRAND,NEX_MR,EL_ASPSCD,KC01,EL_DREUSE,N,EL_ECWTP,R,,,EL_ETM,",GH25A,GH25B,GH25SA,GH25SB",EL_ACAPA,">=450,<=1200",EL_ASPD,">=60,<=105",EL_ERPW,",2,3,4",EL_EPP,">800,<=900",NG550_CS,N,,,,,,,,,,,,,,,,,,,EL_PA103A03_2,C101P013302,,,,,,,,,,,,,,,,,,,,,,,,,,,,,,,,,,,,,,,PICK3,K10310416G02,,,,,,,,,,,,,,,,,,,,
45,1304784,101931696,27,,EL_ABRAND,NEX_MR,EL_ASPSCD,KC01,EL_DREUSE,N,EL_ECWTP,R,,,EL_ETM,",GH25A,GH25B,GH25SA,GH25SB",EL_ACAPA,">=450,<=1200",EL_ASPD,">=60,<=105",EL_ERPW,",2,3,4",EL_EPP,">900,<=1000",NG550_CS,N,,,,,,,,,,,,,,,,,,,EL_PA103A03_2,C101P013303,,,,,,,,,,,,,,,,,,,,,,,,,,,,,,,,,,,,,,,PICK3,K10310416G02,,,,,,,,,,,,,,,,,,,,
45,1304784,101931697,28,,EL_ABRAND,NEX_MR,EL_ASPSCD,KC01,EL_DREUSE,N,EL_ECWTP,R,,,EL_ETM,",GH25A,GH25B,GH25SA,GH25SB",EL_ACAPA,">=450,<=1200",EL_ASPD,">=60,<=105",EL_ERPW,",2,3,4",EL_EPP,">1000,<=1100",NG550_CS,N,,,,,,,,,,,,,,,,,,,EL_PA103A03_2,C101P013449,,,,,,,,,,,,,,,,,,,,,,,,,,,,,,,,,,,,,,,PICK3,K10310416G02,,,,,,,,,,,,,,,,,,,,
45,1304784,101931698,29,,EL_ABRAND,NEX_MR,EL_ASPSCD,KC01,EL_DREUSE,N,EL_ECWTP,R,,,EL_ETM,",GH25A,GH25B,GH25SA,GH25SB",EL_ACAPA,">=450,<=1200",EL_ASPD,">=60,<=105",EL_ERPW,",2,3,4",EL_EPP,">1100,<=1200",NG550_CS,N,,,,,,,,,,,,,,,,,,,EL_PA103A03_2,C101P013450,,,,,,,,,,,,,,,,,,,,,,,,,,,,,,,,,,,,,,,PICK3,K10310416G02,,,,,,,,,,,,,,,,,,,,
45,1304784,101931699,30,,EL_ABRAND,NEX_MR,EL_ASPSCD,KC01,EL_DREUSE,N,EL_ECWTP,R,,,EL_ETM,",GH25A,GH25B,GH25SA,GH25SB",EL_ACAPA,">=450,<=1200",EL_ASPD,">=60,<=105",EL_ERPW,",2,3,4",EL_EPP,">1200,<=1300",NG550_CS,N,,,,,,,,,,,,,,,,,,,EL_PA103A03_2,C101P013451,,,,,,,,,,,,,,,,,,,,,,,,,,,,,,,,,,,,,,,PICK3,K10310416G02,,,,,,,,,,,,,,,,,,,,
45,1304784,101931700,31,,EL_ABRAND,NEX_MR,EL_ASPSCD,KC01,EL_DREUSE,N,EL_ECWTP,R,,,EL_ETM,",GH25A,GH25B,GH25SA,GH25SB",EL_ACAPA,">=450,<=1200",EL_ASPD,">=60,<=105",EL_ERPW,",2,3,4",EL_EPP,">1300,<=1400",NG550_CS,N,,,,,,,,,,,,,,,,,,,EL_PA103A03_2,C101P013452,,,,,,,,,,,,,,,,,,,,,,,,,,,,,,,,,,,,,,,PICK3,K10310416G02,,,,,,,,,,,,,,,,,,,,
45,1304784,101931701,32,,EL_ABRAND,NEX_MR,EL_ASPSCD,KC01,EL_DREUSE,N,EL_ECWTP,R,,,EL_ETM,",GH25A,GH25B,GH25SA,GH25SB",EL_ACAPA,">=450,<=1200",EL_ASPD,">=60,<=105",EL_ERPW,",2,3,4",EL_EPP,">1400,<=1500",NG550_CS,N,,,,,,,,,,,,,,,,,,,EL_PA103A03_2,C101P013453,,,,,,,,,,,,,,,,,,,,,,,,,,,,,,,,,,,,,,,PICK3,K10310416G02,,,,,,,,,,,,,,,,,,,,
45,1304784,101931702,33,,EL_ABRAND,NEX_MR,EL_ASPSCD,KC01,EL_DREUSE,Y,EL_ECWTP,R,,,EL_ETM,",?GH15S?,?GH25S?",EL_ACAPA,">=450,<=1200",EL_ASPD,">=60,<=105",EL_ERPW,",2,3,4",EL_EPP,">=500,<=600",NG550_CS,N,,,,,,,,,,,,,,,,,,,EL_PA103A03_2,C101P013414,,,,,,,,,,,,,,,,,,,,,,,,,,,,,,,,,,,,,,,PICK3,K10310416G03,,,,,,,,,,,,,,,,,,,,
45,1304784,101931703,34,,EL_ABRAND,NEX_MR,EL_ASPSCD,KC01,EL_DREUSE,Y,EL_ECWTP,!R,EL_EMFD,90,EL_ETM,",?GH15S?,?GH25S?",EL_ACAPA,">=450,<=1200",EL_ASPD,">=60,<=105",EL_ERPW,",2,3,4",EL_EPP,">=500,<=600",NG550_CS,N,,,,,,,,,,,,,,,,,,,EL_PA103A03_2,C101P013414,,,,,,,,,,,,,,,,,,,,,,,,,,,,,,,,,,,,,,,PICK3,K10310416G03,,,,,,,,,,,,,,,,,,,,
45,1304784,101931704,35,,EL_ABRAND,NEX_MR,EL_ASPSCD,KC01,EL_DREUSE,Y,EL_ECWTP,R,,,EL_ETM,",?GH15S?,?GH25S?",EL_ACAPA,">=450,<=1200",EL_ASPD,">=60,<=105",EL_ERPW,",2,3,4",EL_EPP,">600,<=700",NG550_CS,N,,,,,,,,,,,,,,,,,,,EL_PA103A03_2,C101P013415,,,,,,,,,,,,,,,,,,,,,,,,,,,,,,,,,,,,,,,PICK3,K10310416G03,,,,,,,,,,,,,,,,,,,,
45,1304784,101931705,36,,EL_ABRAND,NEX_MR,EL_ASPSCD,KC01,EL_DREUSE,Y,EL_ECWTP,!R,EL_EMFD,90,EL_ETM,",?GH15S?,?GH25S?",EL_ACAPA,">=450,<=1200",EL_ASPD,">=60,<=105",EL_ERPW,",2,3,4",EL_EPP,">600,<=700",NG550_CS,N,,,,,,,,,,,,,,,,,,,EL_PA103A03_2,C101P013415,,,,,,,,,,,,,,,,,,,,,,,,,,,,,,,,,,,,,,,PICK3,K10310416G03,,,,,,,,,,,,,,,,,,,,
45,1304784,101931706,37,,EL_ABRAND,NEX_MR,EL_ASPSCD,KC01,EL_DREUSE,Y,EL_ECWTP,R,,,EL_ETM,",?GH15S?,?GH25S?",EL_ACAPA,">=450,<=1200",EL_ASPD,">=60,<=105",EL_ERPW,",2,3,4",EL_EPP,">700,<=800",NG550_CS,N,,,,,,,,,,,,,,,,,,,EL_PA103A03_2,C101P013416,,,,,,,,,,,,,,,,,,,,,,,,,,,,,,,,,,,,,,,PICK3,K10310416G03,,,,,,,,,,,,,,,,,,,,
45,1304784,101931707,38,,EL_ABRAND,NEX_MR,EL_ASPSCD,KC01,EL_DREUSE,Y,EL_ECWTP,!R,EL_EMFD,90,EL_ETM,",?GH15S?,?GH25S?",EL_ACAPA,">=450,<=1200",EL_ASPD,">=60,<=105",EL_ERPW,",2,3,4",EL_EPP,">700,<=800",NG550_CS,N,,,,,,,,,,,,,,,,,,,EL_PA103A03_2,C101P013416,,,,,,,,,,,,,,,,,,,,,,,,,,,,,,,,,,,,,,,PICK3,K10310416G03,,,,,,,,,,,,,,,,,,,,
45,1304784,101931708,39,,EL_ABRAND,NEX_MR,EL_ASPSCD,KC01,EL_DREUSE,Y,EL_ECWTP,R,,,EL_ETM,",?GH15S?,?GH25S?",EL_ACAPA,">=450,<=1200",EL_ASPD,">=60,<=105",EL_ERPW,",2,3,4",EL_EPP,">800,<=900",NG550_CS,N,,,,,,,,,,,,,,,,,,,EL_PA103A03_2,C101P013417,,,,,,,,,,,,,,,,,,,,,,,,,,,,,,,,,,,,,,,PICK3,K10310416G03,,,,,,,,,,,,,,,,,,,,
45,1304784,101931709,40,,EL_ABRAND,NEX_MR,EL_ASPSCD,KC01,EL_DREUSE,Y,EL_ECWTP,!R,EL_EMFD,90,EL_ETM,",?GH15S?,?GH25S?",EL_ACAPA,">=450,<=1200",EL_ASPD,">=60,<=105",EL_ERPW,",2,3,4",EL_EPP,">800,<=900",NG550_CS,N,,,,,,,,,,,,,,,,,,,EL_PA103A03_2,C101P013417,,,,,,,,,,,,,,,,,,,,,,,,,,,,,,,,,,,,,,,PICK3,K10310416G03,,,,,,,,,,,,,,,,,,,,
45,1304784,101931710,41,,EL_ABRAND,NEX_MR,EL_ASPSCD,KC01,EL_DREUSE,Y,EL_ECWTP,R,,,EL_ETM,",?GH15S?,?GH25S?",EL_ACAPA,">=450,<=1200",EL_ASPD,">=60,<=105",EL_ERPW,",2,3,4",EL_EPP,">900,<=1000",NG550_CS,N,,,,,,,,,,,,,,,,,,,EL_PA103A03_2,C101P013418,,,,,,,,,,,,,,,,,,,,,,,,,,,,,,,,,,,,,,,PICK3,K10310416G03,,,,,,,,,,,,,,,,,,,,
45,1304784,101931711,42,,EL_ABRAND,NEX_MR,EL_ASPSCD,KC01,EL_DREUSE,Y,EL_ECWTP,!R,EL_EMFD,90,EL_ETM,",?GH15S?,?GH25S?",EL_ACAPA,">=450,<=1200",EL_ASPD,">=60,<=105",EL_ERPW,",2,3,4",EL_EPP,">900,<=1000",NG550_CS,N,,,,,,,,,,,,,,,,,,,EL_PA103A03_2,C101P013418,,,,,,,,,,,,,,,,,,,,,,,,,,,,,,,,,,,,,,,PICK3,K10310416G03,,,,,,,,,,,,,,,,,,,,
45,1304784,101931712,43,,EL_ABRAND,NEX_MR,EL_ASPSCD,KC01,EL_DREUSE,Y,EL_ECWTP,R,,,EL_ETM,",?GH15S?,?GH25S?",EL_ACAPA,">=450,<=1200",EL_ASPD,">=60,<=105",EL_ERPW,",2,3,4",EL_EPP,">1000,<=1100",NG550_CS,N,,,,,,,,,,,,,,,,,,,EL_PA103A03_2,C101P013429,,,,,,,,,,,,,,,,,,,,,,,,,,,,,,,,,,,,,,,PICK3,K10310416G03,,,,,,,,,,,,,,,,,,,,
45,1304784,101931713,44,,EL_ABRAND,NEX_MR,EL_ASPSCD,KC01,EL_DREUSE,Y,EL_ECWTP,!R,EL_EMFD,90,EL_ETM,",?GH15S?,?GH25S?",EL_ACAPA,">=450,<=1200",EL_ASPD,">=60,<=105",EL_ERPW,",2,3,4",EL_EPP,">1000,<=1100",NG550_CS,N,,,,,,,,,,,,,,,,,,,EL_PA103A03_2,C101P013429,,,,,,,,,,,,,,,,,,,,,,,,,,,,,,,,,,,,,,,PICK3,K10310416G03,,,,,,,,,,,,,,,,,,,,
45,1304784,101931714,45,,EL_ABRAND,NEX_MR,EL_ASPSCD,KC01,EL_DREUSE,Y,EL_ECWTP,R,,,EL_ETM,",?GH15S?,?GH25S?",EL_ACAPA,">=450,<=1200",EL_ASPD,">=60,<=105",EL_ERPW,",2,3,4",EL_EPP,">1100,<=1200",NG550_CS,N,,,,,,,,,,,,,,,,,,,EL_PA103A03_2,C101P013430,,,,,,,,,,,,,,,,,,,,,,,,,,,,,,,,,,,,,,,PICK3,K10310416G03,,,,,,,,,,,,,,,,,,,,
45,1304784,101931715,46,,EL_ABRAND,NEX_MR,EL_ASPSCD,KC01,EL_DREUSE,Y,EL_ECWTP,!R,EL_EMFD,90,EL_ETM,",?GH15S?,?GH25S?",EL_ACAPA,">=450,<=1200",EL_ASPD,">=60,<=105",EL_ERPW,",2,3,4",EL_EPP,">1100,<=1200",NG550_CS,N,,,,,,,,,,,,,,,,,,,EL_PA103A03_2,C101P013430,,,,,,,,,,,,,,,,,,,,,,,,,,,,,,,,,,,,,,,PICK3,K10310416G03,,,,,,,,,,,,,,,,,,,,
45,1304784,101931716,47,,EL_ABRAND,NEX_MR,EL_ASPSCD,KC01,EL_DREUSE,Y,EL_ECWTP,R,,,EL_ETM,",?GH15S?,?GH25S?",EL_ACAPA,">=450,<=1200",EL_ASPD,">=60,<=105",EL_ERPW,",2,3,4",EL_EPP,">1200,<=1300",NG550_CS,N,,,,,,,,,,,,,,,,,,,EL_PA103A03_2,C101P013431,,,,,,,,,,,,,,,,,,,,,,,,,,,,,,,,,,,,,,,PICK3,K10310416G03,,,,,,,,,,,,,,,,,,,,
45,1304784,101931717,48,,EL_ABRAND,NEX_MR,EL_ASPSCD,KC01,EL_DREUSE,Y,EL_ECWTP,!R,EL_EMFD,90,EL_ETM,",?GH15S?,?GH25S?",EL_ACAPA,">=450,<=1200",EL_ASPD,">=60,<=105",EL_ERPW,",2,3,4",EL_EPP,">1200,<=1300",NG550_CS,N,,,,,,,,,,,,,,,,,,,EL_PA103A03_2,C101P013431,,,,,,,,,,,,,,,,,,,,,,,,,,,,,,,,,,,,,,,PICK3,K10310416G03,,,,,,,,,,,,,,,,,,,,
45,1304784,101931718,49,,EL_ABRAND,NEX_MR,EL_ASPSCD,KC01,EL_DREUSE,Y,EL_ECWTP,R,,,EL_ETM,",?GH15S?,?GH25S?",EL_ACAPA,">=450,<=1200",EL_ASPD,">=60,<=105",EL_ERPW,",2,3,4",EL_EPP,">1300,<=1400",NG550_CS,N,,,,,,,,,,,,,,,,,,,EL_PA103A03_2,C101P013432,,,,,,,,,,,,,,,,,,,,,,,,,,,,,,,,,,,,,,,PICK3,K10310416G03,,,,,,,,,,,,,,,,,,,,
45,1304784,101931719,50,,EL_ABRAND,NEX_MR,EL_ASPSCD,KC01,EL_DREUSE,Y,EL_ECWTP,!R,EL_EMFD,90,EL_ETM,",?GH15S?,?GH25S?",EL_ACAPA,">=450,<=1200",EL_ASPD,">=60,<=105",EL_ERPW,",2,3,4",EL_EPP,">1300,<=1400",NG550_CS,N,,,,,,,,,,,,,,,,,,,EL_PA103A03_2,C101P013432,,,,,,,,,,,,,,,,,,,,,,,,,,,,,,,,,,,,,,,PICK3,K10310416G03,,,,,,,,,,,,,,,,,,,,
45,1304784,101931720,51,,EL_ABRAND,NEX_MR,EL_ASPSCD,KC01,EL_DREUSE,Y,EL_ECWTP,R,,,EL_ETM,",?GH15S?,?GH25S?",EL_ACAPA,">=450,<=1200",EL_ASPD,">=60,<=105",EL_ERPW,",2,3,4",EL_EPP,">1400,<=1500",NG550_CS,N,,,,,,,,,,,,,,,,,,,EL_PA103A03_2,C101P013433,,,,,,,,,,,,,,,,,,,,,,,,,,,,,,,,,,,,,,,PICK3,K10310416G03,,,,,,,,,,,,,,,,,,,,
45,1304784,101931721,52,,EL_ABRAND,NEX_MR,EL_ASPSCD,KC01,EL_DREUSE,Y,EL_ECWTP,!R,EL_EMFD,90,EL_ETM,",?GH15S?,?GH25S?",EL_ACAPA,">=450,<=1200",EL_ASPD,">=60,<=105",EL_ERPW,",2,3,4",EL_EPP,">1400,<=1500",NG550_CS,N,,,,,,,,,,,,,,,,,,,EL_PA103A03_2,C101P013433,,,,,,,,,,,,,,,,,,,,,,,,,,,,,,,,,,,,,,,PICK3,K10310416G03,,,,,,,,,,,,,,,,,,,,
45,1304784,101931722,53,,EL_ABRAND,NEX_MR,EL_ASPSCD,KC01,EL_DREUSE,Y,EL_ECWTP,!R,EL_EMFD,",SL,SR",EL_ERPW,",2,4",EL_ETM,",?GH15S?,?GH25S?",EL_ACAPA,">=450,<=1200",EL_ASPD,">=60,<=105",EL_EPP,">=500,<=600",NG550_CS,N,,,,,,,,,,,,,,,,,,,EL_PA103A03_2,C101P013419,,,,,,,,,,,,,,,,,,,,,,,,,,,,,,,,,,,,,,,PICK3,K10310416G04,,,,,,,,,,,,,,,,,,,,
45,1304784,101931723,54,,EL_ABRAND,NEX_MR,EL_ASPSCD,KC01,EL_DREUSE,Y,EL_ECWTP,!R,EL_EMFD,",SL,SR",EL_ERPW,",2,4",EL_ETM,",?GH15S?,?GH25S?",EL_ACAPA,">=450,<=1200",EL_ASPD,">=60,<=105",EL_EPP,">600,<=700",NG550_CS,N,,,,,,,,,,,,,,,,,,,EL_PA103A03_2,C101P013420,,,,,,,,,,,,,,,,,,,,,,,,,,,,,,,,,,,,,,,PICK3,K10310416G04,,,,,,,,,,,,,,,,,,,,
45,1304784,101931724,55,,EL_ABRAND,NEX_MR,EL_ASPSCD,KC01,EL_DREUSE,Y,EL_ECWTP,!R,EL_EMFD,",SL,SR",EL_ERPW,",2,4",EL_ETM,",?GH15S?,?GH25S?",EL_ACAPA,">=450,<=1200",EL_ASPD,">=60,<=105",EL_EPP,">700,<=800",NG550_CS,N,,,,,,,,,,,,,,,,,,,EL_PA103A03_2,C101P013421,,,,,,,,,,,,,,,,,,,,,,,,,,,,,,,,,,,,,,,PICK3,K10310416G04,,,,,,,,,,,,,,,,,,,,
45,1304784,101931725,56,,EL_ABRAND,NEX_MR,EL_ASPSCD,KC01,EL_DREUSE,Y,EL_ECWTP,!R,EL_EMFD,",SL,SR",EL_ERPW,",2,4",EL_ETM,",?GH15S?,?GH25S?",EL_ACAPA,">=450,<=1200",EL_ASPD,">=60,<=105",EL_EPP,">800,<=900",NG550_CS,N,,,,,,,,,,,,,,,,,,,EL_PA103A03_2,C101P013422,,,,,,,,,,,,,,,,,,,,,,,,,,,,,,,,,,,,,,,PICK3,K10310416G04,,,,,,,,,,,,,,,,,,,,
45,1304784,101931726,57,,EL_ABRAND,NEX_MR,EL_ASPSCD,KC01,EL_DREUSE,Y,EL_ECWTP,!R,EL_EMFD,",SL,SR",EL_ERPW,",2,4",EL_ETM,",?GH15S?,?GH25S?",EL_ACAPA,">=450,<=1200",EL_ASPD,">=60,<=105",EL_EPP,">900,<=1000",NG550_CS,N,,,,,,,,,,,,,,,,,,,EL_PA103A03_2,C101P013423,,,,,,,,,,,,,,,,,,,,,,,,,,,,,,,,,,,,,,,PICK3,K10310416G04,,,,,,,,,,,,,,,,,,,,
45,1304784,101931727,58,,EL_ABRAND,NEX_MR,EL_ASPSCD,KC01,EL_DREUSE,Y,EL_ECWTP,!R,EL_EMFD,",SL,SR",EL_ERPW,",2,4",EL_ETM,",?GH15S?,?GH25S?",EL_ACAPA,">=450,<=1200",EL_ASPD,">=60,<=105",EL_EPP,">1000,<=1100",NG550_CS,N,,,,,,,,,,,,,,,,,,,EL_PA103A03_2,C101P013434,,,,,,,,,,,,,,,,,,,,,,,,,,,,,,,,,,,,,,,PICK3,K10310416G04,,,,,,,,,,,,,,,,,,,,
45,1304784,101931728,59,,EL_ABRAND,NEX_MR,EL_ASPSCD,KC01,EL_DREUSE,Y,EL_ECWTP,!R,EL_EMFD,",SL,SR",EL_ERPW,",2,4",EL_ETM,",?GH15S?,?GH25S?",EL_ACAPA,">=450,<=1200",EL_ASPD,">=60,<=105",EL_EPP,">1100,<=1200",NG550_CS,N,,,,,,,,,,,,,,,,,,,EL_PA103A03_2,C101P013435,,,,,,,,,,,,,,,,,,,,,,,,,,,,,,,,,,,,,,,PICK3,K10310416G04,,,,,,,,,,,,,,,,,,,,
45,1304784,101931729,60,,EL_ABRAND,NEX_MR,EL_ASPSCD,KC01,EL_DREUSE,Y,EL_ECWTP,!R,EL_EMFD,",SL,SR",EL_ERPW,",2,4",EL_ETM,",?GH15S?,?GH25S?",EL_ACAPA,">=450,<=1200",EL_ASPD,">=60,<=105",EL_EPP,">1200,<=1300",NG550_CS,N,,,,,,,,,,,,,,,,,,,EL_PA103A03_2,C101P013436,,,,,,,,,,,,,,,,,,,,,,,,,,,,,,,,,,,,,,,PICK3,K10310416G04,,,,,,,,,,,,,,,,,,,,
45,1304784,101931730,61,,EL_ABRAND,NEX_MR,EL_ASPSCD,KC01,EL_DREUSE,Y,EL_ECWTP,!R,EL_EMFD,",SL,SR",EL_ERPW,",2,4",EL_ETM,",?GH15S?,?GH25S?",EL_ACAPA,">=450,<=1200",EL_ASPD,">=60,<=105",EL_EPP,">1300,<=1400",NG550_CS,N,,,,,,,,,,,,,,,,,,,EL_PA103A03_2,C101P013437,,,,,,,,,,,,,,,,,,,,,,,,,,,,,,,,,,,,,,,PICK3,K10310416G04,,,,,,,,,,,,,,,,,,,,
45,1304784,101931731,62,,EL_ABRAND,NEX_MR,EL_ASPSCD,KC01,EL_DREUSE,Y,EL_ECWTP,!R,EL_EMFD,",SL,SR",EL_ERPW,",2,4",EL_ETM,",?GH15S?,?GH25S?",EL_ACAPA,">=450,<=1200",EL_ASPD,">=60,<=105",EL_EPP,">1400,<=1500",NG550_CS,N,,,,,,,,,,,,,,,,,,,EL_PA103A03_2,C101P013438,,,,,,,,,,,,,,,,,,,,,,,,,,,,,,,,,,,,,,,PICK3,K10310416G04,,,,,,,,,,,,,,,,,,,,
45,1304784,101931732,63,,EL_ABRAND,NEX_MR,EL_ASPSCD,KC01,EL_DREUSE,Y,EL_ECWTP,!R,EL_EMFD,",SL,SR",EL_ERPW,3,EL_ETM,",?GH15S?,?GH25S?",EL_ACAPA,">=450,<=1200",EL_ASPD,">=60,<=105",EL_EPP,">=500,<=600",NG550_CS,N,,,,,,,,,,,,,,,,,,,EL_PA103A03_2,C101P013424,,,,,,,,,,,,,,,,,,,,,,,,,,,,,,,,,,,,,,,PICK3,K10310416G05,,,,,,,,,,,,,,,,,,,,
45,1304784,101931733,64,,EL_ABRAND,NEX_MR,EL_ASPSCD,KC01,EL_DREUSE,Y,EL_ECWTP,!R,EL_EMFD,",SL,SR",EL_ERPW,3,EL_ETM,",?GH15S?,?GH25S?",EL_ACAPA,">=450,<=1200",EL_ASPD,">=60,<=105",EL_EPP,">600,<=700",NG550_CS,N,,,,,,,,,,,,,,,,,,,EL_PA103A03_2,C101P013425,,,,,,,,,,,,,,,,,,,,,,,,,,,,,,,,,,,,,,,PICK3,K10310416G05,,,,,,,,,,,,,,,,,,,,
45,1304784,101931734,65,,EL_ABRAND,NEX_MR,EL_ASPSCD,KC01,EL_DREUSE,Y,EL_ECWTP,!R,EL_EMFD,",SL,SR",EL_ERPW,3,EL_ETM,",?GH15S?,?GH25S?",EL_ACAPA,">=450,<=1200",EL_ASPD,">=60,<=105",EL_EPP,">700,<=800",NG550_CS,N,,,,,,,,,,,,,,,,,,,EL_PA103A03_2,C101P013426,,,,,,,,,,,,,,,,,,,,,,,,,,,,,,,,,,,,,,,PICK3,K10310416G05,,,,,,,,,,,,,,,,,,,,
45,1304784,101931735,66,,EL_ABRAND,NEX_MR,EL_ASPSCD,KC01,EL_DREUSE,Y,EL_ECWTP,!R,EL_EMFD,",SL,SR",EL_ERPW,3,EL_ETM,",?GH15S?,?GH25S?",EL_ACAPA,">=450,<=1200",EL_ASPD,">=60,<=105",EL_EPP,">800,<=900",NG550_CS,N,,,,,,,,,,,,,,,,,,,EL_PA103A03_2,C101P013427,,,,,,,,,,,,,,,,,,,,,,,,,,,,,,,,,,,,,,,PICK3,K10310416G05,,,,,,,,,,,,,,,,,,,,
45,1304784,101931736,67,,EL_ABRAND,NEX_MR,EL_ASPSCD,KC01,EL_DREUSE,Y,EL_ECWTP,!R,EL_EMFD,",SL,SR",EL_ERPW,3,EL_ETM,",?GH15S?,?GH25S?",EL_ACAPA,">=450,<=1200",EL_ASPD,">=60,<=105",EL_EPP,">900,<=1000",NG550_CS,N,,,,,,,,,,,,,,,,,,,EL_PA103A03_2,C101P013428,,,,,,,,,,,,,,,,,,,,,,,,,,,,,,,,,,,,,,,PICK3,K10310416G05,,,,,,,,,,,,,,,,,,,,
45,1304784,101931737,68,,EL_ABRAND,NEX_MR,EL_ASPSCD,KC01,EL_DREUSE,Y,EL_ECWTP,!R,EL_EMFD,",SL,SR",EL_ERPW,3,EL_ETM,",?GH15S?,?GH25S?",EL_ACAPA,">=450,<=1200",EL_ASPD,">=60,<=105",EL_EPP,">1000,<=1100",NG550_CS,N,,,,,,,,,,,,,,,,,,,EL_PA103A03_2,C101P013439,,,,,,,,,,,,,,,,,,,,,,,,,,,,,,,,,,,,,,,PICK3,K10310416G05,,,,,,,,,,,,,,,,,,,,
45,1304784,101931738,69,,EL_ABRAND,NEX_MR,EL_ASPSCD,KC01,EL_DREUSE,Y,EL_ECWTP,!R,EL_EMFD,",SL,SR",EL_ERPW,3,EL_ETM,",?GH15S?,?GH25S?",EL_ACAPA,">=450,<=1200",EL_ASPD,">=60,<=105",EL_EPP,">1100,<=1200",NG550_CS,N,,,,,,,,,,,,,,,,,,,EL_PA103A03_2,C101P013440,,,,,,,,,,,,,,,,,,,,,,,,,,,,,,,,,,,,,,,PICK3,K10310416G05,,,,,,,,,,,,,,,,,,,,
45,1304784,101931739,70,,EL_ABRAND,NEX_MR,EL_ASPSCD,KC01,EL_DREUSE,Y,EL_ECWTP,!R,EL_EMFD,",SL,SR",EL_ERPW,3,EL_ETM,",?GH15S?,?GH25S?",EL_ACAPA,">=450,<=1200",EL_ASPD,">=60,<=105",EL_EPP,">1200,<=1300",NG550_CS,N,,,,,,,,,,,,,,,,,,,EL_PA103A03_2,C101P013441,,,,,,,,,,,,,,,,,,,,,,,,,,,,,,,,,,,,,,,PICK3,K10310416G05,,,,,,,,,,,,,,,,,,,,
45,1304784,101931740,71,,EL_ABRAND,NEX_MR,EL_ASPSCD,KC01,EL_DREUSE,Y,EL_ECWTP,!R,EL_EMFD,",SL,SR",EL_ERPW,3,EL_ETM,",?GH15S?,?GH25S?",EL_ACAPA,">=450,<=1200",EL_ASPD,">=60,<=105",EL_EPP,">1300,<=1400",NG550_CS,N,,,,,,,,,,,,,,,,,,,EL_PA103A03_2,C101P013442,,,,,,,,,,,,,,,,,,,,,,,,,,,,,,,,,,,,,,,PICK3,K10310416G05,,,,,,,,,,,,,,,,,,,,
45,1304784,101931741,72,,EL_ABRAND,NEX_MR,EL_ASPSCD,KC01,EL_DREUSE,Y,EL_ECWTP,!R,EL_EMFD,",SL,SR",EL_ERPW,3,EL_ETM,",?GH15S?,?GH25S?",EL_ACAPA,">=450,<=1200",EL_ASPD,">=60,<=105",EL_EPP,">1400,<=1500",NG550_CS,N,,,,,,,,,,,,,,,,,,,EL_PA103A03_2,C101P013443,,,,,,,,,,,,,,,,,,,,,,,,,,,,,,,,,,,,,,,PICK3,K10310416G05,,,,,,,,,,,,,,,,,,,,
45,1304784,101931742,73,,EL_ABRAND,NEX_MR,EL_ASPSCD,KC01,,,,,,,,,,,,,,,,,,,,,,,,,,,,,,,,,,,,,,,,,,,,,,,,,,,,,,,,,,,,,,,,,,,,,,,,,,,,,PICK3,,,,,,,,,,,,,,,,,,,,,
45,1304784,101931743,74,,,,,,,,,,,,,,,,,,,,,,,,,,,,,,,,,,,,,,,,,,,,,,,,,,,,,,,,,,,,,,,,,,,,,,,,,,,,,,,,,,,,,,,,,,,,,,,,,,,,,,,
45,1304784,101931744,75,,EL_ATYP,GTLX,EL_ETM,",GH15A,GH15B,GH25C,GH25D,GH15SA,GH15SB,GH25SC,GH25SD",EL_DREUSE,N,EL_ECWTP,R,,,,,,,,,,,,,,,,,,,,,,,,,,,,,,,,,EL_PA103A03_2,10310416G010A,,,,,,,,,,,,,,,,,,,,,,,,,,,,,,,,,,,,,,,,,,,,,,,,,,,,,,,,,,,,
45,1304784,101931745,76,,EL_ATYP,GTLX,EL_ETM,",GH25A,GH25B,GH25E,GH25SA,GH25SB",EL_DREUSE,N,EL_ECWTP,R,,,,,,,,,,,,,,,,,,,,,,,,,,,,,,,,,EL_PA103A03_2,10310416G020A,,,,,,,,,,,,,,,,,,,,,,,,,,,,,,,,,,,,,,,,,,,,,,,,,,,,,,,,,,,,
45,1304784,101931746,77,,EL_ATYP,GTLX,EL_ETM,",?GH15?,?GH25?,?GH15S?,?GH25S?",EL_DREUSE,Y,EL_ECWTP,R,,,,,,,,,,,,,,,,,,,,,,,,,,,,,,,,,EL_PA103A03_2,10310416G030A,,,,,,,,,,,,,,,,,,,,,,,,,,,,,,,,,,,,,,,,,,,,,,,,,,,,,,,,,,,,
45,1304784,101931747,78,,EL_ATYP,GTLX,EL_ETM,",?GH15?,?GH25?,?GH15S?,?GH25S?",EL_DREUSE,Y,EL_ECWTP,!R,EL_EMFD,90,,,,,,,,,,,,,,,,,,,,,,,,,,,,,,,EL_PA103A03_2,10310416G030A,,,,,,,,,,,,,,,,,,,,,,,,,,,,,,,,,,,,,,,,,,,,,,,,,,,,,,,,,,,,
45,1304784,101931748,79,,EL_ATYP,GTLX,EL_ETM,",?GH15?,?GH25?,?GH15S?,?GH25S?",EL_DREUSE,Y,EL_ECWTP,!R,EL_EMFD,",SL,SR",EL_ERPW,",2,4",,,,,,,,,,,,,,,,,,,,,,,,,,,,,EL_PA103A03_2,10310416G040A,,,,,,,,,,,,,,,,,,,,,,,,,,,,,,,,,,,,,,,,,,,,,,,,,,,,,,,,,,,,
45,1304784,101931749,80,,EL_ATYP,GTLX,EL_ETM,",?GH15?,?GH25?,?GH15S?,?GH25S?",EL_DREUSE,Y,EL_ECWTP,!R,EL_EMFD,",SL,SR",EL_ERPW,3,,,,,,,,,,,,,,,,,,,,,,,,,,,,,EL_PA103A03_2,10310416G050A,,,,,,,,,,,,,,,,,,,,,,,,,,,,,,,,,,,,,,,,,,,,,,,,,,,,,,,,,,,,
45,1304784,101931750,81,,EL_ATYP,GTLX,EL_ETM,?GH31?,EL_DREUSE,,EL_ECWTP,,,,,,,,,,,,,,,,,,,,,,,,,,,,,,,,,,EL_PA103A03_2,10310538G0100,,,,,,,,,,,,,,,,,,,,,,,,,,,,,,,,,,,,,,,,,,,,,,,,,,,,,,,,,,,,
45,1304784,101931751,82,,EL_ATYP,GTLX,EL_ETM,?GH35?,EL_DREUSE,,EL_ECWTP,,,,,,,,,,,,,,,,,,,,,,,,,,,,,,,,,,EL_PA103A03_2,10310918G0100,,,,,,,,,,,,,,,,,,,,,,,,,,,,,,,,,,,,,,,,,,,,,,,,,,,,,,,,,,,,
45,1304784,101931752,83,,,,,,,,,,,,,,,,,,,,,,,,,,,,,,,,,,,,,,,,,,,,,,,,,,,,,,,,,,,,,,,,,,,,,,,,,,,,,,,,,,,,,,,,,,,,,,,,,,,,,,,
45,1304784,101931753,84,,EL_ATYP,GTLX_E,EL_ETM,?GH13?,EL_DREUSE,,EL_EPP,">=550,<=650",,,,,,,,,,,,,,,,,,,,,,,,,,,,,,,,,EL_PA103A03_2,10310801G0100,,,,,,,,,,,,,,,,,,,,,,,,,,,,,,,,,,,,,,,,,,,,,,,,,,,,,,,,,,,,
45,1304784,101931754,85,,EL_ATYP,GTLX_E,EL_ETM,?GH13?,EL_DREUSE,,EL_EPP,">650,<=900",,,,,,,,,,,,,,,,,,,,,,,,,,,,,,,,,EL_PA103A03_2,10310801G0200,,,,,,,,,,,,,,,,,,,,,,,,,,,,,,,,,,,,,,,,,,,,,,,,,,,,,,,,,,,,
45,1304784,101931755,86,,EL_ATYP,GTLX_E,EL_ETM,?GH13?,EL_DREUSE,,EL_EPP,">900,<=1500",,,,,,,,,,,,,,,,,,,,,,,,,,,,,,,,,EL_PA103A03_2,10310801G0300,,,,,,,,,,,,,,,,,,,,,,,,,,,,,,,,,,,,,,,,,,,,,,,,,,,,,,,,,,,,
45,1304784,101931756,87,,EL_ATYP,GTLX_E,EL_ETM,?GH18?,EL_DREUSE,,EL_EPP,">=550,<=1500",,,,,,,,,,,,,,,,,,,,,,,,,,,,,,,,,EL_PA103A03_2,10310802G0100,,,,,,,,,,,,,,,,,,,,,,,,,,,,,,,,,,,,,,,,,,,,,,,,,,,,,,,,,,,,
45,1304784,101931757,88,,,,,,,,,,,,,,,,,,,,,,,,,,,,,,,,,,,,,,,,,,,,,,,,,,,,,,,,,,,,,,,,,,,,,,,,,,,,,,,,,,,,,,,,,,,,,,,,,,,,,,,
45,1304784,101931758,89,,EL_ATYP,GTLX_E,EL_ETM,GH15SA,EL_ERPW,2,EL_EPP,">=550,<=700",EL_DREUSE,N,,,,,,,,,,,,,,,,,,,,,,,,,,,,,,,EL_PA103A03_2,10311684G0100,,,,,,,,,,,,,,,,,,,,,,,,,,,,,,,,,,,,,,,,신규 후락/횡락 전체,,,,,,,,,,,,,,,,,,,,
45,1304784,101931759,90,,EL_ATYP,GTLX_E,EL_ETM,GH15SA,EL_ERPW,2,EL_EPP,">700,<=900",EL_DREUSE,N,,,,,,,,,,,,,,,,,,,,,,,,,,,,,,,EL_PA103A03_2,10311684G0200,,,,,,,,,,,,,,,,,,,,,,,,,,,,,,,,,,,,,,,,신규 후락/횡락 전체,,,,,,,,,,,,,,,,,,,,
45,1304784,101931760,91,,EL_ATYP,GTLX_E,EL_ETM,GH15SA,EL_ERPW,2,EL_EPP,">900,<=1250",EL_DREUSE,N,,,,,,,,,,,,,,,,,,,,,,,,,,,,,,,EL_PA103A03_2,10311684G0300,,,,,,,,,,,,,,,,,,,,,,,,,,,,,,,,,,,,,,,,신규 후락/횡락 전체,,,,,,,,,,,,,,,,,,,,
45,1304784,101931761,92,,EL_ATYP,GTLX_E,EL_ETM,GH15SA,EL_ERPW,2,EL_EPP,">1250,<=1500",EL_DREUSE,N,,,,,,,,,,,,,,,,,,,,,,,,,,,,,,,EL_PA103A03_2,10311684G0400,,,,,,,,,,,,,,,,,,,,,,,,,,,,,,,,,,,,,,,,신규 후락/횡락 전체,,,,,,,,,,,,,,,,,,,,
45,1304784,101931762,93,,,,,,,,,,,,,,,,,,,,,,,,,,,,,,,,,,,,,,,,,,,,,,,,,,,,,,,,,,,,,,,,,,,,,,,,,,,,,,,,,,,,,,,,,,,,,,,,,,,,,,,
45,1304784,101931763,94,,EL_ATYP,GTLX_E,EL_ETM,GH15SA,EL_ERPW,2,EL_EPP,">=550,<=700",EL_DREUSE,Y,,,,,,,,,,,,,,,,,,,,,,,,,,,,,,,EL_PA103A03_2,10311684G0500,,,,,,,,,,,,,,,,,,,,,,,,,,,,,,,,,,,,,,,,교체 후락/횡락 전체,,,,,,,,,,,,,,,,,,,,
45,1304784,101931764,95,,EL_ATYP,GTLX_E,EL_ETM,GH15SA,EL_ERPW,2,EL_EPP,">700,<=900",EL_DREUSE,Y,,,,,,,,,,,,,,,,,,,,,,,,,,,,,,,EL_PA103A03_2,10311684G0600,,,,,,,,,,,,,,,,,,,,,,,,,,,,,,,,,,,,,,,,교체 후락/횡락 전체,,,,,,,,,,,,,,,,,,,,
45,1304784,101931765,96,,EL_ATYP,GTLX_E,EL_ETM,GH15SA,EL_ERPW,2,EL_EPP,">900,<=1250",EL_DREUSE,Y,,,,,,,,,,,,,,,,,,,,,,,,,,,,,,,EL_PA103A03_2,10311684G0700,,,,,,,,,,,,,,,,,,,,,,,,,,,,,,,,,,,,,,,,교체 후락/횡락 전체,,,,,,,,,,,,,,,,,,,,
45,1304784,101931766,97,,EL_ATYP,GTLX_E,EL_ETM,GH15SA,EL_ERPW,2,EL_EPP,">1250,<=1500",EL_DREUSE,Y,,,,,,,,,,,,,,,,,,,,,,,,,,,,,,,EL_PA103A03_2,10311684G0800,,,,,,,,,,,,,,,,,,,,,,,,,,,,,,,,,,,,,,,,교체 후락/횡락 전체,,,,,,,,,,,,,,,,,,,,
45,1304784,101931767,98,,,,,,,,,,,,,,,,,,,,,,,,,,,,,,,,,,,,,,,,,,,,,,,,,,,,,,,,,,,,,,,,,,,,,,,,,,,,,,,,,,,,,,,,,,,,,,,,,,,,,,,
45,1304784,101931768,99,,EL_ATYP,GTLX_E,EL_ETM,GH15SA,EL_ERPW,3,EL_EPP,">=550,<=700",EL_DREUSE,N,EL_ECWTP,R,,,,,,,,,,,,,,,,,,,,,,,,,,,,,EL_PA103A03_2,10311684G0900,,,,,,,,,,,,,,,,,,,,,,,,,,,,,,,,,,,,,,,,신규 후락/신규 횡락(LH),,,,,,,,,,,,,,,,,,,,
45,1304784,101931769,100,,EL_ATYP,GTLX_E,EL_ETM,GH15SA,EL_ERPW,3,EL_EPP,">700,<=900",EL_DREUSE,N,EL_ECWTP,R,,,,,,,,,,,,,,,,,,,,,,,,,,,,,EL_PA103A03_2,10311684G1000,,,,,,,,,,,,,,,,,,,,,,,,,,,,,,,,,,,,,,,,신규 후락/신규 횡락(LH),,,,,,,,,,,,,,,,,,,,
45,1304784,101931770,101,,EL_ATYP,GTLX_E,EL_ETM,GH15SA,EL_ERPW,3,EL_EPP,">900,<=1250",EL_DREUSE,N,EL_ECWTP,R,,,,,,,,,,,,,,,,,,,,,,,,,,,,,EL_PA103A03_2,10311684G1100,,,,,,,,,,,,,,,,,,,,,,,,,,,,,,,,,,,,,,,,신규 후락/신규 횡락(LH),,,,,,,,,,,,,,,,,,,,
45,1304784,101931771,102,,EL_ATYP,GTLX_E,EL_ETM,GH15SA,EL_ERPW,3,EL_EPP,">1250,<=1500",EL_DREUSE,N,EL_ECWTP,R,,,,,,,,,,,,,,,,,,,,,,,,,,,,,EL_PA103A03_2,10311684G1200,,,,,,,,,,,,,,,,,,,,,,,,,,,,,,,,,,,,,,,,신규 후락/신규 횡락(LH),,,,,,,,,,,,,,,,,,,,
45,1304784,101931772,103,,EL_ATYP,GTLX_E,EL_ETM,GH15SA,EL_ERPW,3,EL_EPP,">=550,<=700",EL_DREUSE,N,EL_ECWTP,!R,EL_EMFD,90,,,,,,,,,,,,,,,,,,,,,,,,,,,EL_PA103A03_2,10311684G0900,,,,,,,,,,,,,,,,,,,,,,,,,,,,,,,,,,,,,,,,신규 후락/신규 횡락(LH),,,,,,,,,,,,,,,,,,,,
45,1304784,101931773,104,,EL_ATYP,GTLX_E,EL_ETM,GH15SA,EL_ERPW,3,EL_EPP,">700,<=900",EL_DREUSE,N,EL_ECWTP,!R,EL_EMFD,90,,,,,,,,,,,,,,,,,,,,,,,,,,,EL_PA103A03_2,10311684G1000,,,,,,,,,,,,,,,,,,,,,,,,,,,,,,,,,,,,,,,,신규 후락/신규 횡락(LH),,,,,,,,,,,,,,,,,,,,
45,1304784,101931774,105,,EL_ATYP,GTLX_E,EL_ETM,GH15SA,EL_ERPW,3,EL_EPP,">900,<=1250",EL_DREUSE,N,EL_ECWTP,!R,EL_EMFD,90,,,,,,,,,,,,,,,,,,,,,,,,,,,EL_PA103A03_2,10311684G1100,,,,,,,,,,,,,,,,,,,,,,,,,,,,,,,,,,,,,,,,신규 후락/신규 횡락(LH),,,,,,,,,,,,,,,,,,,,
45,1304784,101931775,106,,EL_ATYP,GTLX_E,EL_ETM,GH15SA,EL_ERPW,3,EL_EPP,">1250,<=1500",EL_DREUSE,N,EL_ECWTP,!R,EL_EMFD,90,,,,,,,,,,,,,,,,,,,,,,,,,,,EL_PA103A03_2,10311684G1200,,,,,,,,,,,,,,,,,,,,,,,,,,,,,,,,,,,,,,,,신규 후락/신규 횡락(LH),,,,,,,,,,,,,,,,,,,,
45,1304784,101931776,107,,EL_ATYP,GTLX_E,EL_ETM,GH15SA,EL_ERPW,3,EL_EPP,">=550,<=700",EL_DREUSE,N,EL_ECWTP,!R,EL_EMFD,SL,,,,,,,,,,,,,,,,,,,,,,,,,,,EL_PA103A03_2,10311684G0900,,,,,,,,,,,,,,,,,,,,,,,,,,,,,,,,,,,,,,,,신규 후락/신규 횡락(LH),,,,,,,,,,,,,,,,,,,,
45,1304784,101931777,108,,EL_ATYP,GTLX_E,EL_ETM,GH15SA,EL_ERPW,3,EL_EPP,">700,<=900",EL_DREUSE,N,EL_ECWTP,!R,EL_EMFD,SL,,,,,,,,,,,,,,,,,,,,,,,,,,,EL_PA103A03_2,10311684G1000,,,,,,,,,,,,,,,,,,,,,,,,,,,,,,,,,,,,,,,,신규 후락/신규 횡락(LH),,,,,,,,,,,,,,,,,,,,
45,1304784,101931778,109,,EL_ATYP,GTLX_E,EL_ETM,GH15SA,EL_ERPW,3,EL_EPP,">900,<=1250",EL_DREUSE,N,EL_ECWTP,!R,EL_EMFD,SL,,,,,,,,,,,,,,,,,,,,,,,,,,,EL_PA103A03_2,10311684G1100,,,,,,,,,,,,,,,,,,,,,,,,,,,,,,,,,,,,,,,,신규 후락/신규 횡락(LH),,,,,,,,,,,,,,,,,,,,
45,1304784,101931779,110,,EL_ATYP,GTLX_E,EL_ETM,GH15SA,EL_ERPW,3,EL_EPP,">1250,<=1500",EL_DREUSE,N,EL_ECWTP,!R,EL_EMFD,SL,,,,,,,,,,,,,,,,,,,,,,,,,,,EL_PA103A03_2,10311684G1200,,,,,,,,,,,,,,,,,,,,,,,,,,,,,,,,,,,,,,,,신규 후락/신규 횡락(LH),,,,,,,,,,,,,,,,,,,,
45,1304784,101931780,111,,,,,,,,,,,,,,,,,,,,,,,,,,,,,,,,,,,,,,,,,,,,,,,,,,,,,,,,,,,,,,,,,,,,,,,,,,,,,,,,,,,,,,,,,,,,,,,,,,,,,,,
45,1304784,101931781,112,,EL_ATYP,GTLX_E,EL_ETM,GH15SA,EL_ERPW,3,EL_EPP,">=550,<=700",EL_DREUSE,N,EL_ECWTP,!R,EL_EMFD,SR,,,,,,,,,,,,,,,,,,,,,,,,,,,EL_PA103A03_2,10311684G1300,,,,,,,,,,,,,,,,,,,,,,,,,,,,,,,,,,,,,,,,신규 횡락(RH),,,,,,,,,,,,,,,,,,,,
45,1304784,101931782,113,,EL_ATYP,GTLX_E,EL_ETM,GH15SA,EL_ERPW,3,EL_EPP,">700,<=900",EL_DREUSE,N,EL_ECWTP,!R,EL_EMFD,SR,,,,,,,,,,,,,,,,,,,,,,,,,,,EL_PA103A03_2,10311684G1400,,,,,,,,,,,,,,,,,,,,,,,,,,,,,,,,,,,,,,,,신규 횡락(RH),,,,,,,,,,,,,,,,,,,,
45,1304784,101931783,114,,EL_ATYP,GTLX_E,EL_ETM,GH15SA,EL_ERPW,3,EL_EPP,">900,<=1250",EL_DREUSE,N,EL_ECWTP,!R,EL_EMFD,SR,,,,,,,,,,,,,,,,,,,,,,,,,,,EL_PA103A03_2,10311684G1500,,,,,,,,,,,,,,,,,,,,,,,,,,,,,,,,,,,,,,,,신규 횡락(RH),,,,,,,,,,,,,,,,,,,,
45,1304784,101931784,115,,EL_ATYP,GTLX_E,EL_ETM,GH15SA,EL_ERPW,3,EL_EPP,">1250,<=1500",EL_DREUSE,N,EL_ECWTP,!R,EL_EMFD,SR,,,,,,,,,,,,,,,,,,,,,,,,,,,EL_PA103A03_2,10311684G1600,,,,,,,,,,,,,,,,,,,,,,,,,,,,,,,,,,,,,,,,신규 횡락(RH),,,,,,,,,,,,,,,,,,,,
45,1304784,101931785,116,,,,,,,,,,,,,,,,,,,,,,,,,,,,,,,,,,,,,,,,,,,,,,,,,,,,,,,,,,,,,,,,,,,,,,,,,,,,,,,,,,,,,,,,,,,,,,,,,,,,,,,
45,1304784,101931786,117,,EL_ATYP,GTLX_E,EL_ETM,GH15SA,EL_ERPW,3,EL_EPP,">=550,<=700",EL_DREUSE,Y,EL_ECWTP,R,,,,,,,,,,,,,,,,,,,,,,,,,,,,,EL_PA103A03_2,10311684G1700,,,,,,,,,,,,,,,,,,,,,,,,,,,,,,,,,,,,,,,,교체 후락/교체 횡락(LH),,,,,,,,,,,,,,,,,,,,
45,1304784,101931787,118,,EL_ATYP,GTLX_E,EL_ETM,GH15SA,EL_ERPW,3,EL_EPP,">700,<=900",EL_DREUSE,Y,EL_ECWTP,R,,,,,,,,,,,,,,,,,,,,,,,,,,,,,EL_PA103A03_2,10311684G1800,,,,,,,,,,,,,,,,,,,,,,,,,,,,,,,,,,,,,,,,교체 후락/교체 횡락(LH),,,,,,,,,,,,,,,,,,,,
45,1304784,101931788,119,,EL_ATYP,GTLX_E,EL_ETM,GH15SA,EL_ERPW,3,EL_EPP,">900,<=1250",EL_DREUSE,Y,EL_ECWTP,R,,,,,,,,,,,,,,,,,,,,,,,,,,,,,EL_PA103A03_2,10311684G1900,,,,,,,,,,,,,,,,,,,,,,,,,,,,,,,,,,,,,,,,교체 후락/교체 횡락(LH),,,,,,,,,,,,,,,,,,,,
45,1304784,101931789,120,,EL_ATYP,GTLX_E,EL_ETM,GH15SA,EL_ERPW,3,EL_EPP,">1250,<=1500",EL_DREUSE,Y,EL_ECWTP,R,,,,,,,,,,,,,,,,,,,,,,,,,,,,,EL_PA103A03_2,10311684G2000,,,,,,,,,,,,,,,,,,,,,,,,,,,,,,,,,,,,,,,,교체 후락/교체 횡락(LH),,,,,,,,,,,,,,,,,,,,
45,1304784,101931790,121,,EL_ATYP,GTLX_E,EL_ETM,GH15SA,EL_ERPW,3,EL_EPP,">=550,<=700",EL_DREUSE,Y,EL_ECWTP,!R,EL_EMFD,90,,,,,,,,,,,,,,,,,,,,,,,,,,,EL_PA103A03_2,10311684G1700,,,,,,,,,,,,,,,,,,,,,,,,,,,,,,,,,,,,,,,,교체 후락/교체 횡락(LH),,,,,,,,,,,,,,,,,,,,
45,1304784,101931791,122,,EL_ATYP,GTLX_E,EL_ETM,GH15SA,EL_ERPW,3,EL_EPP,">700,<=900",EL_DREUSE,Y,EL_ECWTP,!R,EL_EMFD,90,,,,,,,,,,,,,,,,,,,,,,,,,,,EL_PA103A03_2,10311684G1800,,,,,,,,,,,,,,,,,,,,,,,,,,,,,,,,,,,,,,,,교체 후락/교체 횡락(LH),,,,,,,,,,,,,,,,,,,,
45,1304784,101931792,123,,EL_ATYP,GTLX_E,EL_ETM,GH15SA,EL_ERPW,3,EL_EPP,">900,<=1250",EL_DREUSE,Y,EL_ECWTP,!R,EL_EMFD,90,,,,,,,,,,,,,,,,,,,,,,,,,,,EL_PA103A03_2,10311684G1900,,,,,,,,,,,,,,,,,,,,,,,,,,,,,,,,,,,,,,,,교체 후락/교체 횡락(LH),,,,,,,,,,,,,,,,,,,,
45,1304784,101931793,124,,EL_ATYP,GTLX_E,EL_ETM,GH15SA,EL_ERPW,3,EL_EPP,">1250,<=1500",EL_DREUSE,Y,EL_ECWTP,!R,EL_EMFD,90,,,,,,,,,,,,,,,,,,,,,,,,,,,EL_PA103A03_2,10311684G2000,,,,,,,,,,,,,,,,,,,,,,,,,,,,,,,,,,,,,,,,교체 후락/교체 횡락(LH),,,,,,,,,,,,,,,,,,,,
45,1304784,101931794,125,,EL_ATYP,GTLX_E,EL_ETM,GH15SA,EL_ERPW,3,EL_EPP,">=550,<=700",EL_DREUSE,Y,EL_ECWTP,!R,EL_EMFD,SL,,,,,,,,,,,,,,,,,,,,,,,,,,,EL_PA103A03_2,10311684G1700,,,,,,,,,,,,,,,,,,,,,,,,,,,,,,,,,,,,,,,,교체 후락/교체 횡락(LH),,,,,,,,,,,,,,,,,,,,
45,1304784,101931795,126,,EL_ATYP,GTLX_E,EL_ETM,GH15SA,EL_ERPW,3,EL_EPP,">700,<=900",EL_DREUSE,Y,EL_ECWTP,!R,EL_EMFD,SL,,,,,,,,,,,,,,,,,,,,,,,,,,,EL_PA103A03_2,10311684G1800,,,,,,,,,,,,,,,,,,,,,,,,,,,,,,,,,,,,,,,,교체 후락/교체 횡락(LH),,,,,,,,,,,,,,,,,,,,
45,1304784,101931796,127,,EL_ATYP,GTLX_E,EL_ETM,GH15SA,EL_ERPW,3,EL_EPP,">900,<=1250",EL_DREUSE,Y,EL_ECWTP,!R,EL_EMFD,SL,,,,,,,,,,,,,,,,,,,,,,,,,,,EL_PA103A03_2,10311684G1900,,,,,,,,,,,,,,,,,,,,,,,,,,,,,,,,,,,,,,,,교체 후락/교체 횡락(LH),,,,,,,,,,,,,,,,,,,,
45,1304784,101931797,128,,EL_ATYP,GTLX_E,EL_ETM,GH15SA,EL_ERPW,3,EL_EPP,">1250,<=1500",EL_DREUSE,Y,EL_ECWTP,!R,EL_EMFD,SL,,,,,,,,,,,,,,,,,,,,,,,,,,,EL_PA103A03_2,10311684G2000,,,,,,,,,,,,,,,,,,,,,,,,,,,,,,,,,,,,,,,,교체 후락/교체 횡락(LH),,,,,,,,,,,,,,,,,,,,
45,1304784,101931798,129,,,,,,,,,,,,,,,,,,,,,,,,,,,,,,,,,,,,,,,,,,,,,,,,,,,,,,,,,,,,,,,,,,,,,,,,,,,,,,,,,,,,,,,,,,,,,,,,,,,,,,,
45,1304784,101931799,130,,EL_ATYP,GTLX_E,EL_ETM,GH15SA,EL_ERPW,3,EL_EPP,">=550,<=700",EL_DREUSE,Y,EL_ECWTP,!R,EL_EMFD,SR,,,,,,,,,,,,,,,,,,,,,,,,,,,EL_PA103A03_2,10311684G2100,,,,,,,,,,,,,,,,,,,,,,,,,,,,,,,,,,,,,,,,교체 횡락(RH),,,,,,,,,,,,,,,,,,,,
45,1304784,101931800,131,,EL_ATYP,GTLX_E,EL_ETM,GH15SA,EL_ERPW,3,EL_EPP,">700,<=900",EL_DREUSE,Y,EL_ECWTP,!R,EL_EMFD,SR,,,,,,,,,,,,,,,,,,,,,,,,,,,EL_PA103A03_2,10311684G2200,,,,,,,,,,,,,,,,,,,,,,,,,,,,,,,,,,,,,,,,교체 횡락(RH),,,,,,,,,,,,,,,,,,,,
45,1304784,101931801,132,,EL_ATYP,GTLX_E,EL_ETM,GH15SA,EL_ERPW,3,EL_EPP,">900,<=1250",EL_DREUSE,Y,EL_ECWTP,!R,EL_EMFD,SR,,,,,,,,,,,,,,,,,,,,,,,,,,,EL_PA103A03_2,10311684G2300,,,,,,,,,,,,,,,,,,,,,,,,,,,,,,,,,,,,,,,,교체 횡락(RH),,,,,,,,,,,,,,,,,,,,
45,1304784,101931802,133,,EL_ATYP,GTLX_E,EL_ETM,GH15SA,EL_ERPW,3,EL_EPP,">1250,<=1500",EL_DREUSE,Y,EL_ECWTP,!R,EL_EMFD,SR,,,,,,,,,,,,,,,,,,,,,,,,,,,EL_PA103A03_2,10311684G2400,,,,,,,,,,,,,,,,,,,,,,,,,,,,,,,,,,,,,,,,교체 횡락(RH),,,,,,,,,,,,,,,,,,,,
45,1304784,101931803,134,,,,,,,,,,,,,,,,,,,,,,,,,,,,,,,,,,,,,,,,,,,,,,,,,,,,,,,,,,,,,,,,,,,,,,,,,,,,,,,,,,,,,,,,,,,,,,,,,,,,,,,
45,1304784,101931804,135,,EL_ATYP,GTLX_E,EL_ETM,GH25SC,EL_EPP,">=700,<=1500",EL_DREUSE,N,,,,,,,,,,,,,,,,,,,,,,,,,,,,,,,,,EL_PA103A03_2,10311441G0100,,,,,,,,,,,,,,,,,,,,,,,,,,,,,,,,,,,,,,,,신규 사선횡락/후락,,,,,,,,,,,,,,,,,,,,
45,1304784,101931805,136,,EL_ATYP,GTLX_E,EL_ETM,GH25SC,EL_EPP,">=700,<=1500",EL_DREUSE,Y,EL_ECWTP,!R,EL_EMFD,!90,,,,,,,,,,,,,,,,,,,,,,,,,,,,,EL_PA103A03_2,10311441G0100,,,,,,,,,,,,,,,,,,,,,,,,,,,,,,,,,,,,,,,,교체 사선횡락,,,,,,,,,,,,,,,,,,,,
45,1304784,101931806,137,,,,,,,,,,,,,,,,,,,,,,,,,,,,,,,,,,,,,,,,,,,,,,,,,,,,,,,,,,,,,,,,,,,,,,,,,,,,,,,,,,,,,,,,,,,,,,,,,,,,,,,
45,1304784,101931807,138,,EL_ATYP,GTLX_E,EL_ETM,GH25SC,EL_EPP,">=700,<=1500",EL_DREUSE,Y,EL_ECWTP,R,,,,,,,,,,,,,,,,,,,,,,,,,,,,,,,EL_PA103A03_2,10311441G0200,,,,,,,,,,,,,,,,,,,,,,,,,,,,,,,,,,,,,,,,교체 후락,,,,,,,,,,,,,,,,,,,,
45,1304784,101931808,139,,EL_ATYP,GTLX_E,EL_ETM,GH25SC,EL_EPP,">=700,<=1500",EL_DREUSE,Y,EL_ECWTP,!R,EL_EMFD,90,,,,,,,,,,,,,,,,,,,,,,,,,,,,,EL_PA103A03_2,10311441G0200,,,,,,,,,,,,,,,,,,,,,,,,,,,,,,,,,,,,,,,,교체 후락,,,,,,,,,,,,,,,,,,,,
45,1304784,101931809,140,,,,,,,,,,,,,,,,,,,,,,,,,,,,,,,,,,,,,,,,,,,,,,,,,,,,,,,,,,,,,,,,,,,,,,,,,,,,,,,,,,,,,,,,,,,,,,,,,,,,,,,
45,1304784,101931810,141,,,,,,,,,,,,,,,,,,,,,,,,,,,,,,,,,,,,,,,,,,,,,,,,,,,,,,,,,,,,,,,,,,,,,,,,,,,,,,,,,,,,,,,,,,,,,,,,,,,,,,,
45,1304784,101931811,142,,EL_ATYP,,EL_ETM,",?GT17?,?GT25?,?GT35?",EL_EMFD,90,EL_DPO,!(RG),EL_DTMDP,",A,B",EL_EMCBD,!SH,,,,,,,,,,,,,,,,,,,,,,,,,,,,,EL_PA103A03_2,10310380G0100,,,,,,,,,,,,,,,,,,,,,,,,,,,,,,,,,,,,,,,,,,,,,,,,,,,,,,,,,,,,
45,1304784,101931812,143,,EL_ATYP,,EL_ETM,",?GT17?,?GT35?",EL_EMFD,90,EL_DPO,!(RG),EL_DTMDP,",A,B",EL_EMCBD,SH,,,,,,,,,,,,,,,,,,,,,,,,,,,,,EL_PA103A03_2,10310380G0100,,,,,,,,,,,,,,,,,,,,,,,,,,,,,,,,,,,,,,,,,,,,,,,,,,,,,,,,,,,,
45,1304784,101931813,144,,EL_ATYP,,EL_ETM,?GT25?,EL_EMFD,90,EL_DPO,!(RG),EL_DTMDP,",A,B",EL_EMCBD,SH,,,,,,,,,,,,,,,,,,,,,,,,,,,,,EL_PA103A03_2,V0027297G0100,,,,,,,,,,,,,,,,,,,,,,,,,,,,,,,,,,,,,,,,,,,,,,,,,,,,,,,,,,,,
45,1304784,101931814,145,,EL_ATYP,,EL_ETM,",?GT17?,?GT25?,?GT35?",EL_EMFD,",SL,SR",EL_DPO,!(RG),EL_DTMDP,",A,B",EL_EMCBD,,,,,,,,,,,,,,,,,,,,,,,,,,,,,,EL_PA103A03_2,10310380G0200,,,,,,,,,,,,,,,,,,,,,,,,,,,,,,,,,,,,,,,,,,,,,,,,,,,,,,,,,,,,
45,1304784,101931815,146,,EL_ATYP,,EL_ETM,",?GT50?,?GT70?,?GT71?",EL_EMFD,",SL,SR",EL_DPO,,EL_DTMDP,",A,B",EL_EMCBD,,,,,,,,,,,,,,,,,,,,,,,,,,,,,,EL_PA103A03_2,10310380G0300,,,,,,,,,,,,,,,,,,,,,,,,,,,,,,,,,,,,,,,,,,,,,,,,,,,,,,,,,,,,
45,1304784,101931816,147,,,,,,,,,,,,,,,,,,,,,,,,,,,,,,,,,,,,,,,,,,,,,,,,,,,,,,,,,,,,,,,,,,,,,,,,,,,,,,,,,,,,,,,,,,,,,,,,,,,,,,,
45,1304784,101931817,148,PICK3,,,,,,,,,,,,,,,,,,,,,,,,,,,,,,,,,,,,,,,,,,,,,,,,,,,,,,,,,,,,,,,,,,,,,,,,,,,,,,,,,,,,,,,,,,,,,,,,,,,,,,
45,1304784,101931818,149,,EL_ATYP,GTLX,EL_ETM,",?GH15?,?GH25?,?GH15S?,?GH25S?",EL_DREUSE,N,,,EL_ECWTP,!R,,,,,,,,,,,,,,,,,,,,,,,,,,,,,,,EL_PA103A03_3,10310082G0100,EL_PA103A03_4,10310082G0200,,,,,,,,,,,,,,,,,,,,,,,,,,,,,,,,,,,,,,,,,,,,,,,,,,,,,,,,,,
45,1304784,101931819,150,,EL_ATYP,,EL_ETM,",?GT50?,?GT70?,?GT71?",EL_EMFD,,EL_DTMDP,",A,B",EL_ECWTP,R,EL_EMCBD,,,,,,,,,,,,,,,,,,,,,,,,,,,,,,EL_PA103A03_3,10300421G0300,,,,,,,,,,,,,,,,,,,,,,,,,,,,,,,,,,,,,,,,,,,,,,,,,,,,,,,,,,,,
45,1304784,101931820,151,,EL_ATYP,,EL_ETM,",?GT50?,?GT70?,?GT71?",EL_EMFD,90,EL_DTMDP,",A,B",EL_ECWTP,",R/L,R/R",EL_EMCBD,SH,,,,,,,,,,,,,,,,,,,,,,,,,,,,,EL_PA103A03_3,10300421G0300,,,,,,,,,,,,,,,,,,,,,,,,,,,,,,,,,,,,,,,,,,,,,,,,,,,,,,,,,,,,
