VERSION,HOUID,DOUID,NO,ADDR,SPEC1,CON1,SPEC2,CON2,SPEC3,CON3,SPEC4,CON4,SPEC5,CON5,SPEC6,CON6,SPEC7,CON7,SPEC8,CON8,SPEC9,CON9,SPEC10,CON10,SPEC11,CON11,SPEC12,CON12,SPEC13,CON13,SPEC14,CON14,SPEC15,CON15,SPEC16,CON16,SPEC17,CON17,SPEC18,CON18,SPEC19,CON19,SPEC20,CON20,KEY1,VAL1,KEY2,VAL2,KEY3,VAL3,KEY4,VAL4,KEY5,VAL5,KEY6,VAL6,KEY7,VAL7,KEY8,VAL8,KEY9,VAL9,KEY10,VAL10,KEY11,VAL11,KEY12,VAL12,KEY13,VAL13,KEY14,VAL14,KEY15,VAL15,KEY16,VAL16,KEY17,VAL17,KEY18,VAL18,KEY19,VAL19,KEY20,VAL20,GOTO,REMARKS,SPEC21,CON21,SPEC22,CON22,SPEC23,CON23,SPEC24,CON24,SPEC25,CON25,SPEC26,CON26,SPEC27,CON27,SPEC28,CON28,SPEC29,CON29,SPEC30,CON30,PID,REG_DATE,USERID,REG_USER_NAME
44,1264930,67916938,1,INIT,,,,,,,,,,,,,,,,,,,,,,,,,,,,,,,,,,,,,,,,,,,,,,,,,,,,,,,,,,,,,,,,,,,,,,,,,,,,,,,,,,,,,,,,,,,,,,,,,,,,,,,EL_PE324A,,,
44,1264930,67916939,2,,,,,,,,,,,,,,,,,,,,,,,,,,,,,,,,,,,,,,,,,,CALL,CAL_NEX_TYPE,,,,,,,,,,,,,,,,,,,,,,,,,,,,,,,,,,,,,,,,NEX_TYPE,,,,,,,,,,,,,,,,,,,,,EL_PE324A,,,
44,1264930,67916940,3,,,,,,,,,,,,,,,,,,,,,,,,,,,,,,,,,,,,,,,,,,VAR_MATERIAL,{EL_BECM},CALL,CALC_MATERIAL_CODE,,,,,,,,,,,,,,,,,,,,,,,,,,,,,,,,,,,,,,,,,,,,,,,,,,,,,,,,,,,EL_PE324A,,,
44,1264930,67916941,4,,,,,,,,,,,,,,,,,,,,,,,,,,,,,,,,,,,,,,,,,,OUTPUT,EL_PE324A_1,,,,,,,,,,,,,,,,,,,,,,,,,,,,,,,,,,,,,,,,ENTRANCE COLUMN,,,,,,,,,,,,,,,,,,,,,EL_PE324A,,,
44,1264930,67916942,5,,,,,,,,,,,,,,,,,,,,,,,,,,,,,,,,,,,,,,,,,,EL_PE324A_1,,,,,,,,,,,,,,,,,,,,,,,,,,,,,,,,,,,,,,,,,,,,,,,,,,,,,,,,,,,,,,EL_PE324A,,,
44,1264930,67916943,6,,,,,,,,,,,,,,,,,,,,,,,,,,,,,,,,,,,,,,,,,,OUTPUT,EL_PE324A_2,,,,,,,,,,,,,,,,,,,,,,,,,,,,,,,,,,,,,,,,"2SLR(LEFT, RIGHT 구분용)",,,,,,,,,,,,,,,,,,,,,EL_PE324A,,,
44,1264930,67916944,7,,,,,,,,,,,,,,,,,,,,,,,,,,,,,,,,,,,,,,,,,,EL_PE324A_2,,,,,,,,,,,,,,,,,,,,,,,,,,,,,,,,,,,,,,,,,,,,,,,,,,,,,,,,,,,,,,EL_PE324A,,,
44,1264930,67916945,8,,,,,,,,,,,,,,,,,,,,,,,,,,,,,,,,,,,,,,,,,,,,,,,,,,,,,,,,,,,,,,,,,,,,,,,,,,,,,,,,,,,,,,,,,,,,,,,,,,,,,,,,EL_PE324A,,,
44,1264930,67916946,9,,EL_ATYP,?US?,EL_ACD2,?ASME?,,,,,,,,,,,,,,,,,,,,,,,,,,,,,,,,,,,,,,,,,,,,,,,,,,,,,,,,,,,,,,,,,,,,,,,,,,,,,US EXPORT,북미수출형,,,,,,,,,,,,,,,,,,,,,EL_PE324A,,,
44,1264930,67916947,10,,EL_ABRAND,?NEX?,EL_BWMT,",?NEX?,?NXE?,?NXP?,VISC,NEOD,NEOD_A1",EL_AOPEN,1SCO,,,,,,,,,,,,,,,,,,,,,,,,,,,,,,,,,,,,,,,,,,,,,,,,,,,,,,,,,,,,,,,,,,,,,,,,,,,NEX,"표준 NEX PACKAGE , NEX PLUS",,,,,,,,,,,,,,,,,,,,,EL_PE324A,,,
44,1264930,67916948,11,,NEX_TYPE,",NEX_NEW,NEX_PLUS,NEX_ECO",EL_AOPEN,?2S?,,,,,,,,,,,,,,,,,,,,,,,,,,,,,,,,,,,,,,,,,,,,,,,,,,,,,,,,,,,,,,,,,,,,,,,,,,,,,NEX SIDE OPEN,"NEX SIDE OPEN (STANDARD, PLUS 의장)",,,,,,,,,,,,,,,,,,,,,EL_PE324A,,,
44,1264930,67916949,12,,EL_ABRAND,NEO_MRL,,,,,,,,,,,,,,,,,,,,,,,,,,,,,,,,,,,,,,,,,,,,,,,,,,,,,,,,,,,,,,,,,,,,,,,,,,,,,,,NEO_MRL,NEO PACKAGE,,,,,,,,,,,,,,,,,,,,,EL_PE324A,,,
44,1264930,67916950,13,,EL_AOPEN,?CO?,,,,,,,,,,,,,,,,,,,,,,,,,,,,,,,,,,,,,,,,,,,,,,,,,,,,,,,,,,,,,,,,,,,,,,,,,,,,,,,CO,,,,,,,,,,,,,,,,,,,,,,EL_PE324A,,,
44,1264930,67916951,14,,EL_AOPEN,2SR,,,,,,,,,,,,,,,,,,,,,,,,,,,,,,,,,,,,,,,,,,,,,,,,,,,,,,,,,,,,,,,,,,,,,,,,,,,,,,,2SR,,,,,,,,,,,,,,,,,,,,,,EL_PE324A,,,
44,1264930,67916952,15,,EL_AOPEN,2SL,,,,,,,,,,,,,,,,,,,,,,,,,,,,,,,,,,,,,,,,,,,,,,,,,,,,,,,,,,,,,,,,,,,,,,,,,,,,,,,2SL,,,,,,,,,,,,,,,,,,,,,,EL_PE324A,,,
44,1264930,67916953,16,,EL_AOPEN,2SLR,,,,,,,,,,,,,,,,,,,,,,,,,,,,,,,,,,,,,,,,,,,,,,,,,,,,,,,,,,,,,,,,,,,,,,,,,,,,,,,2SLR,,,,,,,,,,,,,,,,,,,,,,EL_PE324A,,,
44,1264930,67916954,17,,,,,,,,,,,,,,,,,,,,,,,,,,,,,,,,,,,,,,,,,,,,,,,,,,,,,,,,,,,,,,,,,,,,,,,,,,,,,,,,,,STOP,,,,,,,,,,,,,,,,,,,,,,EL_PE324A,,,
44,1264930,67916955,18,,,,,,,,,,,,,,,,,,,,,,,,,,,,,,,,,,,,,,,,,,,,,,,,,,,,,,,,,,,,,,,,,,,,,,,,,,,,,,,,,,,,,,,,,,,,,,,,,,,,,,,,EL_PE324A,,,
44,1264930,67916956,19,MAIN,,,,,,,,,,,,,,,,,,,,,,,,,,,,,,,,,,,,,,,,,,,,,,,,,,,,,,,,,,,,,,,,,,,,,,,,,,,,,,,,,,,,,,,,,,,,,,,,,,,,,,,EL_PE324A,,,
44,1264930,67916957,20,US EXPORT,,,,,,,,,,,,,,,,,,,,,,,,,,,,,,,,,,,,,,,,,,,,,,,,,,,,,,,,,,,,,,,,,,,,,,,,,,,,,,,,,,,,,,,,,,,,,,,,,,,,,,,EL_PE324A,,,
44,1264930,67916958,21,,EL_ATYP,?US?,EL_ACD2,?ASME?,EL_AOPEN,1SL,EL_ECHH,2134,EL_ECCH,2438,EL_ETHRU,N,EL_ASPSCD,?GAL_?,,,,,,,,,,,,,,,,,,,,,,,,,,,EL_PE324A_1,32400025G01{MATERIAL_CODE},,,,,,,,,,,,,,,,,,,,,,,,,,,,,,,,,,,,,,,,,,,,,,,,,,,,,,,,,,,,,EL_PE324A,,,
44,1264930,67916959,22,,EL_ATYP,?US?,EL_ACD2,?ASME?,EL_AOPEN,1SR,EL_ECHH,2134,EL_ECCH,2438,EL_ETHRU,N,EL_ASPSCD,?GAL_?,,,,,,,,,,,,,,,,,,,,,,,,,,,EL_PE324A_1,32400025G02{MATERIAL_CODE},,,,,,,,,,,,,,,,,,,,,,,,,,,,,,,,,,,,,,,,,,,,,,,,,,,,,,,,,,,,,EL_PE324A,,,
44,1264930,67916960,23,,EL_ATYP,?US?,EL_ACD2,?ASME?,EL_AOPEN,1SLR,EL_ECHH,2134,EL_ECCH,2438,EL_ETHRU,Y,EL_ASPSCD,?GAL_?,,,,,,,,,,,,,,,,,,,,,,,,,,,EL_PE324A_1,32400025G01{MATERIAL_CODE},EL_PE324A_2,32400025G02{MATERIAL_CODE},,,,,,,,,,,,,,,,,,,,,,,,,,,,,,,,,,,,,,,,,,,,,,,,,,,,,,,,,,,EL_PE324A,,,
44,1264930,67916961,24,,EL_ATYP,?US?,EL_ACD2,?ASME?,EL_AOPEN,1SR,EL_ECHH,,EL_ECCH,,EL_ETHRU,N,EL_ASPSCD,?HD_?,,,,,,,,,,,,,,,,,,,,,,,,,,,EL_PE324A_1,32400439G01{MATERIAL_CODE},,,,,,,,,,,,,,,,,,,,,,,,,,,,,,,,,,,,,,,,,,,,,,,,,,,,,,,,,,,,,EL_PE324A,,,
44,1264930,67916962,25,,EL_ATYP,?US?,EL_ACD2,?ASME?,EL_AOPEN,1SL,EL_ECHH,,EL_ECCH,,EL_ETHRU,N,EL_ASPSCD,?HD_?,,,,,,,,,,,,,,,,,,,,,,,,,,,EL_PE324A_1,32400439G02{MATERIAL_CODE},,,,,,,,,,,,,,,,,,,,,,,,,,,,,,,,,,,,,,,,,,,,,,,,,,,,,,,,,,,,,EL_PE324A,,,
44,1264930,67916963,26,,EL_ATYP,?US?,EL_ACD2,?ASME?,EL_AOPEN,1SLR,EL_ECHH,,EL_ECCH,,EL_ETHRU,Y,EL_ASPSCD,?HD_?,,,,,,,,,,,,,,,,,,,,,,,,,,,EL_PE324A_1,32400439G01{MATERIAL_CODE},EL_PE324A_2,32400439G02{MATERIAL_CODE},,,,,,,,,,,,,,,,,,,,,,,,,,,,,,,,,,,,,,,,,,,,,,,,,,,,,,,,,,,EL_PE324A,,,
44,1264930,67916964,27,,,,,,,,,,,,,,,,,,,,,,,,,,,,,,,,,,,,,,,,,,,,,,,,,,,,,,,,,,,,,,,,,,,,,,,,,,,,,,,,,,STOP,,,,,,,,,,,,,,,,,,,,,,EL_PE324A,,,
44,1264930,67916965,28,NEX,,,,,,,,,,,,,,,,,,,,,,,,,,,,,,,,,,,,,,,,,,,,,,,,,,,,,,,,,,,,,,,,,,,,,,,,,,,,,,,,,,,,,,,,,,,,,,,,,,,,,,,EL_PE324A,,,
44,1264930,67916966,29,,EL_BMDL,",NEX_BB,NEX_GW",EL_AOPEN,1SCO,EL_BECM,SUSMIR_304,EL_ECHH,,EL_ECCH,,EL_DCFGAD,",N,TRANSOM_NOTOUCH",,,,,,,,,,,,,,,,,,,,,,,,,,,,,EL_PE324A_1,32400124G9300,,,,,,,,,,,,,,,,,,,,,,,,,,,,,,,,,,,,,,,STOP,,,,,,,,,,,,,,,,,,,,,,EL_PE324A,,,
44,1264930,67916967,30,,EL_BMDL,",NEOD,NEOD_A1",EL_AOPEN,1SCO,EL_BECM,SUSMIR_439,EL_ECHH,2100,EL_ECCH,2500,EL_BFTH,4,,,,,,,,,,,,,,,,,,,,,,,,,,,,,EL_PE324A_1,32400057G01SD,,,,,,,,,,,,,,,,,,,,,,,,,,,,,,,,,,,,,,,STOP,,,,,,,,,,,,,,,,,,,,,,EL_PE324A,,,
44,1264930,67916968,31,,EL_BMDL,",NEOD,NEOD_A1",EL_AOPEN,1SCO,EL_BECM,SUSMIR_439,EL_ECHH,2100,EL_ECCH,2500,EL_BFTH,17,,,,,,,,,,,,,,,,,,,,,,,,,,,,,EL_PE324A_1,32400057G02SD,,,,,,,,,,,,,,,,,,,,,,,,,,,,,,,,,,,,,,,STOP,,,,,,,,,,,,,,,,,,,,,,EL_PE324A,,,
44,1264930,67916969,32,,EL_BMDL,",NEOD,NEOD_A1",EL_AOPEN,1SCO,EL_BECM,SUSMIR_439,EL_ECHH,2100,EL_ECCH,2500,EL_BFTH,25,,,,,,,,,,,,,,,,,,,,,,,,,,,,,EL_PE324A_1,32400057G03SD,,,,,,,,,,,,,,,,,,,,,,,,,,,,,,,,,,,,,,,STOP,,,,,,,,,,,,,,,,,,,,,,EL_PE324A,,,
44,1264930,67916970,33,,EL_BMDL,",NEOD,NEOD_A1",EL_AOPEN,1SCO,EL_BECM,SUSMIR_439,EL_ECHH,,EL_ECCH,,EL_BFTH,,,,,,,,,,,,,,,,,,,,,,,,,,,,,,EL_PE324A_1,32400057G91SD,,,,,,,,,,,,,,,,,,,,,,,,,,,,,,,,,,,,,,,STOP,,,,,,,,,,,,,,,,,,,,,,EL_PE324A,,,
44,1264930,67916971,34,,,,,,,,,,,,,,,,,,,,,,,,,,,,,,,,,,,,,,,,,,,,,,,,,,,,,,,,,,,,,,,,,,,,,,,,,,,,,,,,,,STOP,,,,,,,,,,,,,,,,,,,,,,EL_PE324A,,,
44,1264930,67916972,35,,,,,,,,,,,,,,,,,,,,,,,,,,,,,,,,,,,,,,,,,,,,,,,,,,,,,,,,,,,,,,,,,,,,,,,,,,,,,,,,,,,,,,,,,,,,,,,,,,,,,,,,EL_PE324A,,,
44,1264930,67916973,36,NEX SIDE OPEN,,,,,,,,,,,,,,,,,,,,,,,,,,,,,,,,,,,,,,,,,,,,,,,,,,,,,,,,,,,,,,,,,,,,,,,,,,,,,,,,,,,,,,,,,,,,,,,,,,,,,,,EL_PE324A,,,
44,1264930,67916974,37,,EL_AOPEN,2SR,,,,,,,,,,,,,,,,,,,,,,,,,,,,,,,,,,,,,,,VAR_MATERIAL,{EL_BWM02},CALL,CALC_MATERIAL_CODE,,,,,,,,,,,,,,,,,,,,,,,,,,,,,,,,,,,,,,NEX 스탠다드 SIDE OPEN은 COLUMN 이 입력되지 않아 2SR일때 2번벽 재질,,,,,,,,,,,,,,,,,,,,,EL_PE324A,,,
44,1264930,67916975,38,,EL_AOPEN,2SL,,,,,,,,,,,,,,,,,,,,,,,,,,,,,,,,,,,,,,,VAR_MATERIAL,{EL_BWM10},CALL,CALC_MATERIAL_CODE,,,,,,,,,,,,,,,,,,,,,,,,,,,,,,,,,,,,,,NEX 스탠다드 SIDE OPEN은 COLUMN 이 입력되지 않아 2SL일때 10번벽 재질,,,,,,,,,,,,,,,,,,,,,EL_PE324A,,,
44,1264930,67916976,39,,EL_AOPEN,2SLR,NEX_TYPE,",NEX_ECO,NEX_PLUS",,,,,,,,,,,,,,,,,,,,,,,,,,,,,,,,,,,,,VAR_MATERIAL,{EL_BWM02},CALL,CALC_MATERIAL_CODE,,,,,,,,,,,,,,,,,,,,,,,,,,,,,,,,,,,,,,"NEX PLUS SIDE OPEN, 관통 은 COLUMN 이 입력되지 않아 2SLR일때 2번벽 재질",,,,,,,,,,,,,,,,,,,,,EL_PE324A,,,
44,1264930,67916977,40,,EL_BWALLT,?T19?,EL_AOPEN,2SR,EL_ECHH,2100,EL_ECCH,2500,EL_BFTH,,MATERIAL_T,1.2,,,,,,,,,,,,,,,,,,,,,,,,,,,,,EL_PE324A_1,32400136G01{MATERIAL_CODE},,,,,,,,,,,,,,,,,,,,,,,,,,,,,,,,,,,,,,,STOP,,,,,,,,,,,,,,,,,,,,,,EL_PE324A,,,
44,1264930,67916978,41,,EL_BWALLT,?T19?,EL_AOPEN,2SL,EL_ECHH,2100,EL_ECCH,2500,EL_BFTH,,MATERIAL_T,1.2,,,,,,,,,,,,,,,,,,,,,,,,,,,,,EL_PE324A_1,32400136G02{MATERIAL_CODE},,,,,,,,,,,,,,,,,,,,,,,,,,,,,,,,,,,,,,,STOP,,,,,,,,,,,,,,,,,,,,,,EL_PE324A,,,
44,1264930,67916979,42,,EL_BWALLT,?T19?,EL_AOPEN,2SR,EL_ECHH,,EL_ECCH,,EL_BFTH,,MATERIAL_T,1.2,,,,,,,,,,,,,,,,,,,,,,,,,,,,,EL_PE324A_1,32400136G91{MATERIAL_CODE},,,,,,,,,,,,,,,,,,,,,,,,,,,,,,,,,,,,,,,STOP,,,,,,,,,,,,,,,,,,,,,,EL_PE324A,,,
44,1264930,67916980,43,,EL_BWALLT,?T19?,EL_AOPEN,2SL,EL_ECHH,,EL_ECCH,,EL_BFTH,,MATERIAL_T,1.2,,,,,,,,,,,,,,,,,,,,,,,,,,,,,EL_PE324A_1,32400136G92{MATERIAL_CODE},,,,,,,,,,,,,,,,,,,,,,,,,,,,,,,,,,,,,,,STOP,,,,,,,,,,,,,,,,,,,,,,EL_PE324A,,,
44,1264930,67916981,44,,,,,,,,,,,,,,,,,,,,,,,,,,,,,,,,,,,,,,,,,,,,,,,,,,,,,,,,,,,,,,,,,,,,,,,,,,,,,,,,,,,,,,,,,,,,,,,,,,,,,,,,EL_PE324A,,,
44,1264930,67916982,45,,EL_BWALLT,?T19?,EL_AOPEN,2SR,EL_ECHH,2100,EL_ECCH,2500,EL_BFTH,,MATERIAL_T,",1.5,1.6",,,,,,,,,,,,,,,,,,,,,,,,,,,,,EL_PE324A_1,32400143G01{MATERIAL_CODE},,,,,,,,,,,,,,,,,,,,,,,,,,,,,,,,,,,,,,,STOP,,,,,,,,,,,,,,,,,,,,,,EL_PE324A,,,
44,1264930,67916983,46,,EL_BWALLT,?T19?,EL_AOPEN,2SL,EL_ECHH,2100,EL_ECCH,2500,EL_BFTH,,MATERIAL_T,",1.5,1.6",,,,,,,,,,,,,,,,,,,,,,,,,,,,,EL_PE324A_1,32400143G02{MATERIAL_CODE},,,,,,,,,,,,,,,,,,,,,,,,,,,,,,,,,,,,,,,STOP,,,,,,,,,,,,,,,,,,,,,,EL_PE324A,,,
44,1264930,67916984,47,,EL_BWALLT,?T19?,EL_AOPEN,2SR,EL_ECHH,,EL_ECCH,,EL_BFTH,,MATERIAL_T,",1.5,1.6",,,,,,,,,,,,,,,,,,,,,,,,,,,,,EL_PE324A_1,32400143G91{MATERIAL_CODE},,,,,,,,,,,,,,,,,,,,,,,,,,,,,,,,,,,,,,,STOP,,,,,,,,,,,,,,,,,,,,,,EL_PE324A,,,
44,1264930,67916985,48,,EL_BWALLT,?T19?,EL_AOPEN,2SL,EL_ECHH,,EL_ECCH,,EL_BFTH,,MATERIAL_T,",1.5,1.6",,,,,,,,,,,,,,,,,,,,,,,,,,,,,EL_PE324A_1,32400143G92{MATERIAL_CODE},,,,,,,,,,,,,,,,,,,,,,,,,,,,,,,,,,,,,,,STOP,,,,,,,,,,,,,,,,,,,,,,EL_PE324A,,,
44,1264930,67916986,49,,,,,,,,,,,,,,,,,,,,,,,,,,,,,,,,,,,,,,,,,,,,,,,,,,,,,,,,,,,,,,,,,,,,,,,,,,,,,,,,,,,,,,,,,,,,,,,,,,,,,,,,EL_PE324A,,,
44,1264930,67916987,50,,EL_BWALLT,?T19?,EL_AOPEN,2SLR,EL_ECHH,2100,EL_ECCH,2500,EL_BFTH,,MATERIAL_T,1.2,,,,,,,,,,,,,,,,,,,,,,,,,,,,,EL_PE324A_1,32400136G01{MATERIAL_CODE},EL_PE324A_2,32400136G02{MATERIAL_CODE},,,,,,,,,,,,,,,,,,,,,,,,,,,,,,,,,,,,,STOP,,,,,,,,,,,,,,,,,,,,,,EL_PE324A,,,
44,1264930,67916988,51,,EL_BWALLT,?T19?,EL_AOPEN,2SLR,EL_ECHH,,,,EL_BFTH,,MATERIAL_T,1.2,,,,,,,,,,,,,,,,,,,,,,,,,,,,,EL_PE324A_1,32400136G91{MATERIAL_CODE},EL_PE324A_2,32400136G92{MATERIAL_CODE},,,,,,,,,,,,,,,,,,,,,,,,,,,,,,,,,,,,,STOP,,,,,,,,,,,,,,,,,,,,,,EL_PE324A,,,
44,1264930,67916989,52,,EL_BWALLT,?T19?,EL_AOPEN,2SLR,EL_ECHH,2100,EL_ECCH,2500,EL_BFTH,,MATERIAL_T,",1.5,1.6",,,,,,,,,,,,,,,,,,,,,,,,,,,,,EL_PE324A_1,32400143G01{MATERIAL_CODE},EL_PE324A_2,32400143G02{MATERIAL_CODE},,,,,,,,,,,,,,,,,,,,,,,,,,,,,,,,,,,,,STOP,,,,,,,,,,,,,,,,,,,,,,EL_PE324A,,,
44,1264930,67916990,53,,EL_BWALLT,?T19?,EL_AOPEN,2SLR,EL_ECHH,,,,EL_BFTH,,MATERIAL_T,",1.5,1.6",,,,,,,,,,,,,,,,,,,,,,,,,,,,,EL_PE324A_1,32400143G91{MATERIAL_CODE},EL_PE324A_2,32400143G92{MATERIAL_CODE},,,,,,,,,,,,,,,,,,,,,,,,,,,,,,,,,,,,,STOP,,,,,,,,,,,,,,,,,,,,,,EL_PE324A,,,
44,1264930,67916991,54,,,,,,,,,,,,,,,,,,,,,,,,,,,,,,,,,,,,,,,,,,,,,,,,,,,,,,,,,,,,,,,,,,,,,,,,,,,,,,,,,,STOP,,,,,,,,,,,,,,,,,,,,,,EL_PE324A,,,
44,1264930,67916992,55,,,,,,,,,,,,,,,,,,,,,,,,,,,,,,,,,,,,,,,,,,,,,,,,,,,,,,,,,,,,,,,,,,,,,,,,,,,,,,,,,,,,,,,,,,,,,,,,,,,,,,,,EL_PE324A,,,
44,1264930,67916993,56,NEO_MRL,,,,,,,,,,,,,,,,,,,,,,,,,,,,,,,,,,,,,,,,,,,,,,,,,,,,,,,,,,,,,,,,,,,,,,,,,,,,,,,,,,,,,,,,,,,,,,,,,,,,,,,EL_PE324A,,,
44,1264930,67916994,57,,EL_BMDL,?NEO?,EL_AOPEN,1SCO,EL_BECM,SUSMIR_439,EL_ECHH,2100,EL_ECCH,2500,EL_BFTH,4,,,,,,,,,,,,,,,,,,,,,,,,,,,,,EL_PE324A_1,32400057G01SD,,,,,,,,,,,,,,,,,,,,,,,,,,,,,,,,,,,,,,,STOP,,,,,,,,,,,,,,,,,,,,,,EL_PE324A,,,
44,1264930,67916995,58,,EL_BMDL,?NEO?,EL_AOPEN,1SCO,EL_BECM,SUSMIR_439,EL_ECHH,2100,EL_ECCH,2500,EL_BFTH,17,,,,,,,,,,,,,,,,,,,,,,,,,,,,,EL_PE324A_1,32400057G02SD,,,,,,,,,,,,,,,,,,,,,,,,,,,,,,,,,,,,,,,STOP,,,,,,,,,,,,,,,,,,,,,,EL_PE324A,,,
44,1264930,67916996,59,,EL_BMDL,?NEO?,EL_AOPEN,1SCO,EL_BECM,SUSMIR_439,EL_ECHH,2100,EL_ECCH,2500,EL_BFTH,25,,,,,,,,,,,,,,,,,,,,,,,,,,,,,EL_PE324A_1,32400057G03SD,,,,,,,,,,,,,,,,,,,,,,,,,,,,,,,,,,,,,,,STOP,,,,,,,,,,,,,,,,,,,,,,EL_PE324A,,,
44,1264930,67916997,60,,EL_BMDL,?NEO?,EL_AOPEN,1SCO,EL_BECM,SUSMIR_439,EL_ECHH,,EL_ECCH,,EL_BFTH,,,,,,,,,,,,,,,,,,,,,,,,,,,,,,EL_PE324A_1,32400057G91SD,,,,,,,,,,,,,,,,,,,,,,,,,,,,,,,,,,,,,,,STOP,,,,,,,,,,,,,,,,,,,,,,EL_PE324A,,,
44,1264930,67916998,61,,,,,,,,,,,,,,,,,,,,,,,,,,,,,,,,,,,,,,,,,,,,,,,,,,,,,,,,,,,,,,,,,,,,,,,,,,,,,,,,,,STOP,,,,,,,,,,,,,,,,,,,,,,EL_PE324A,,,
44,1264930,67916999,62,CO,,,,,,,,,,,,,,,,,,,,,,,,,,,,,,,,,,,,,,,,,,,,,,,,,,,,,,,,,,,,,,,,,,,,,,,,,,,,,,,,,,,,,,,,,,,,,,,,,,,,,,,EL_PE324A,,,
44,1264930,67917000,63,,EL_BWALLT,?T19?,EL_AOPEN,?CO?,EL_ECCH,2500,EL_ECHH,2100,MATERIAL_T,1.2,EL_BFTH,4,,,,,,,,,,,,,,,,,,,,,,,,,,,,,EL_PE324A_1,32400090G01{MATERIAL_CODE},,,,,,,,,,,,,,,,,,,,,,,,,,,,,,,,,,,,,,,STOP,,,,,,,,,,,,,,,,,,,,,,EL_PE324A,,,
44,1264930,67917001,64,,EL_BWALLT,?T19?,EL_AOPEN,?CO?,EL_ECCH,,EL_ECHH,,MATERIAL_T,1.2,EL_BFTH,,,,,,,,,,,,,,,,,,,,,,,,,,,,,,EL_PE324A_1,32400090G02{MATERIAL_CODE},,,,,,,,,,,,,,,,,,,,,,,,,,,,,,,,,,,,,,,STOP,,,,,,,,,,,,,,,,,,,,,,EL_PE324A,,,
44,1264930,67917002,65,,EL_BWALLT,T30_SD1,EL_AOPEN,?CO?,EL_ECCH,2500,EL_ECHH,2100,MATERIAL_T,1.2,EL_BFTH,4,,,,,,,,,,,,,,,,,,,,,,,,,,,,,EL_PE324A_1,32400090G06{MATERIAL_CODE},,,,,,,,,,,,,,,,,,,,,,,,,,,,,,,,,,,,,,,STOP,,,,,,,,,,,,,,,,,,,,,,EL_PE324A,,,
44,1264930,67917003,66,,EL_BWALLT,T30_SD1,EL_AOPEN,?CO?,EL_ECCH,,EL_ECHH,,MATERIAL_T,1.2,EL_BFTH,,,,,,,,,,,,,,,,,,,,,,,,,,,,,,EL_PE324A_1,32400090G07{MATERIAL_CODE},,,,,,,,,,,,,,,,,,,,,,,,,,,,,,,,,,,,,,,STOP,,,,,,,,,,,,,,,,,,,,,,EL_PE324A,,,
44,1264930,67917004,67,,,,,,,,,,,,,,,,,,,,,,,,,,,,,,,,,,,,,,,,,,,,,,,,,,,,,,,,,,,,,,,,,,,,,,,,,,,,,,,,,,,,,,,,,,,,,,,,,,,,,,,,EL_PE324A,,,
44,1264930,67917005,68,,EL_BWALLT,?T19?,EL_AOPEN,?CO?,EL_ECCH,2500,EL_ECHH,2100,MATERIAL_T,1.5,EL_BFTH,4,,,,,,,,,,,,,,,,,,,,,,,,,,,,,EL_PE324A_1,32400091G01{MATERIAL_CODE},,,,,,,,,,,,,,,,,,,,,,,,,,,,,,,,,,,,,,,STOP,,,,,,,,,,,,,,,,,,,,,,EL_PE324A,,,
44,1264930,67917006,69,,EL_BWALLT,?T19?,EL_AOPEN,?CO?,EL_ECCH,,EL_ECHH,,MATERIAL_T,1.5,EL_BFTH,,,,,,,,,,,,,,,,,,,,,,,,,,,,,,EL_PE324A_1,32400091G91{MATERIAL_CODE},,,,,,,,,,,,,,,,,,,,,,,,,,,,,,,,,,,,,,,STOP,,,,,,,,,,,,,,,,,,,,,,EL_PE324A,,,
44,1264930,67917007,70,,EL_BWALLT,T30_SD1,EL_AOPEN,?CO?,EL_ECCH,2500,EL_ECHH,2100,MATERIAL_T,1.5,EL_BFTH,4,,,,,,,,,,,,,,,,,,,,,,,,,,,,,EL_PE324A_1,32400091G02{MATERIAL_CODE},,,,,,,,,,,,,,,,,,,,,,,,,,,,,,,,,,,,,,,STOP,,,,,,,,,,,,,,,,,,,,,,EL_PE324A,,,
44,1264930,67917008,71,,EL_BWALLT,T30_SD1,EL_AOPEN,?CO?,EL_ECCH,,EL_ECHH,,MATERIAL_T,1.5,EL_BFTH,,,,,,,,,,,,,,,,,,,,,,,,,,,,,,EL_PE324A_1,32400091G92{MATERIAL_CODE},,,,,,,,,,,,,,,,,,,,,,,,,,,,,,,,,,,,,,,STOP,,,,,,,,,,,,,,,,,,,,,,EL_PE324A,,,
44,1264930,67917009,72,,,,,,,,,,,,,,,,,,,,,,,,,,,,,,,,,,,,,,,,,,,,,,,,,,,,,,,,,,,,,,,,,,,,,,,,,,,,,,,,,,,,,,,,,,,,,,,,,,,,,,,,EL_PE324A,,,
44,1264930,67917010,73,,EL_BWALLT,?T19?,EL_AOPEN,?CO?,EL_ECCH,,EL_ECHH,,MATERIAL_T,1.6,EL_BFTH,,,,,,,,,,,,,,,,,,,,,,,,,,,,,,EL_PE324A_1,32400092G01{MATERIAL_CODE},,,,,,,,,,,,,,,,,,,,,,,,,,,,,,,,,,,,,,,STOP,,,,,,,,,,,,,,,,,,,,,,EL_PE324A,,,
44,1264930,67917011,74,,EL_BWALLT,T30_SD1,EL_AOPEN,?CO?,EL_ECCH,,EL_ECHH,,MATERIAL_T,1.6,EL_BFTH,,,,,,,,,,,,,,,,,,,,,,,,,,,,,,EL_PE324A_1,32400092G02{MATERIAL_CODE},,,,,,,,,,,,,,,,,,,,,,,,,,,,,,,,,,,,,,,STOP,,,,,,,,,,,,,,,,,,,,,,EL_PE324A,,,
44,1264930,67917012,75,,,,,,,,,,,,,,,,,,,,,,,,,,,,,,,,,,,,,,,,,,,,,,,,,,,,,,,,,,,,,,,,,,,,,,,,,,,,,,,,,,STOP,,,,,,,,,,,,,,,,,,,,,,EL_PE324A,,,
44,1264930,67917013,76,,,,,,,,,,,,,,,,,,,,,,,,,,,,,,,,,,,,,,,,,,,,,,,,,,,,,,,,,,,,,,,,,,,,,,,,,,,,,,,,,,,,,,,,,,,,,,,,,,,,,,,,EL_PE324A,,,
44,1264930,67917014,77,2SR,EL_BWALLT,?T19?,EL_AOPEN,2SR,EL_ECHH,2100,EL_ECCH,2500,EL_BFTH,4,MATERIAL_T,1.2,,,,,,,,,,,,,,,,,,,,,,,,,,,,,EL_PE324A_1,32400111G01{MATERIAL_CODE},,,,,,,,,,,,,,,,,,,,,,,,,,,,,,,,,,,,,,,STOP,RIGHT SIDE OPEN,,,,,,,,,,,,,,,,,,,,,EL_PE324A,,,
44,1264930,67917015,78,,EL_BWALLT,?T19?,EL_AOPEN,2SR,EL_ECHH,2100,EL_ECCH,,EL_BFTH,,MATERIAL_T,1.2,,,,,,,,,,,,,,,,,,,,,,,,,,,,,EL_PE324A_1,32400111G03{MATERIAL_CODE},,,,,,,,,,,,,,,,,,,,,,,,,,,,,,,,,,,,,,,STOP,,,,,,,,,,,,,,,,,,,,,,EL_PE324A,,,
44,1264930,67917016,79,,EL_BWALLT,?T19?,EL_AOPEN,2SR,EL_ECHH,,EL_ECCH,,EL_BFTH,,MATERIAL_T,1.2,,,,,,,,,,,,,,,,,,,,,,,,,,,,,EL_PE324A_1,32400111G05{MATERIAL_CODE},,,,,,,,,,,,,,,,,,,,,,,,,,,,,,,,,,,,,,,STOP,,,,,,,,,,,,,,,,,,,,,,EL_PE324A,,,
44,1264930,67917017,80,,EL_BWALLT,T30_SD1,EL_AOPEN,2SR,EL_ECHH,2100,EL_ECCH,2500,EL_BFTH,4,MATERIAL_T,1.2,,,,,,,,,,,,,,,,,,,,,,,,,,,,,EL_PE324A_1,32400111G02{MATERIAL_CODE},,,,,,,,,,,,,,,,,,,,,,,,,,,,,,,,,,,,,,,STOP,,,,,,,,,,,,,,,,,,,,,,EL_PE324A,,,
44,1264930,67917018,81,,EL_BWALLT,T30_SD1,EL_AOPEN,2SR,EL_ECHH,2100,EL_ECCH,,EL_BFTH,,MATERIAL_T,1.2,,,,,,,,,,,,,,,,,,,,,,,,,,,,,EL_PE324A_1,32400111G04{MATERIAL_CODE},,,,,,,,,,,,,,,,,,,,,,,,,,,,,,,,,,,,,,,STOP,,,,,,,,,,,,,,,,,,,,,,EL_PE324A,,,
44,1264930,67917019,82,,EL_BWALLT,T30_SD1,EL_AOPEN,2SR,EL_ECHH,,EL_ECCH,,EL_BFTH,,MATERIAL_T,1.2,,,,,,,,,,,,,,,,,,,,,,,,,,,,,EL_PE324A_1,32400111G06{MATERIAL_CODE},,,,,,,,,,,,,,,,,,,,,,,,,,,,,,,,,,,,,,,STOP,,,,,,,,,,,,,,,,,,,,,,EL_PE324A,,,
44,1264930,67917020,83,,,,,,,,,,,,,,,,,,,,,,,,,,,,,,,,,,,,,,,,,,,,,,,,,,,,,,,,,,,,,,,,,,,,,,,,,,,,,,,,,,,,,,,,,,,,,,,,,,,,,,,,EL_PE324A,,,
44,1264930,67917021,84,,EL_BWALLT,?T19?,EL_AOPEN,2SR,EL_ECHH,2100,EL_ECCH,2500,EL_BFTH,4,MATERIAL_T,1.5,,,,,,,,,,,,,,,,,,,,,,,,,,,,,EL_PE324A_1,32400112G01{MATERIAL_CODE},,,,,,,,,,,,,,,,,,,,,,,,,,,,,,,,,,,,,,,STOP,,,,,,,,,,,,,,,,,,,,,,EL_PE324A,,,
44,1264930,67917022,85,,EL_BWALLT,?T19?,EL_AOPEN,2SR,EL_ECHH,2100,EL_ECCH,,EL_BFTH,,MATERIAL_T,1.5,,,,,,,,,,,,,,,,,,,,,,,,,,,,,EL_PE324A_1,32400112G03{MATERIAL_CODE},,,,,,,,,,,,,,,,,,,,,,,,,,,,,,,,,,,,,,,STOP,,,,,,,,,,,,,,,,,,,,,,EL_PE324A,,,
44,1264930,67917023,86,,EL_BWALLT,?T19?,EL_AOPEN,2SR,EL_ECHH,,EL_ECCH,,EL_BFTH,,MATERIAL_T,1.5,,,,,,,,,,,,,,,,,,,,,,,,,,,,,EL_PE324A_1,32400112G05{MATERIAL_CODE},,,,,,,,,,,,,,,,,,,,,,,,,,,,,,,,,,,,,,,STOP,,,,,,,,,,,,,,,,,,,,,,EL_PE324A,,,
44,1264930,67917024,87,,EL_BWALLT,T30_SD1,EL_AOPEN,2SR,EL_ECHH,2100,EL_ECCH,2500,EL_BFTH,4,MATERIAL_T,1.5,,,,,,,,,,,,,,,,,,,,,,,,,,,,,EL_PE324A_1,32400112G02{MATERIAL_CODE},,,,,,,,,,,,,,,,,,,,,,,,,,,,,,,,,,,,,,,STOP,,,,,,,,,,,,,,,,,,,,,,EL_PE324A,,,
44,1264930,67917025,88,,EL_BWALLT,T30_SD1,EL_AOPEN,2SR,EL_ECHH,2100,EL_ECCH,,EL_BFTH,,MATERIAL_T,1.5,,,,,,,,,,,,,,,,,,,,,,,,,,,,,EL_PE324A_1,32400112G04{MATERIAL_CODE},,,,,,,,,,,,,,,,,,,,,,,,,,,,,,,,,,,,,,,STOP,,,,,,,,,,,,,,,,,,,,,,EL_PE324A,,,
44,1264930,67917026,89,,EL_BWALLT,T30_SD1,EL_AOPEN,2SR,EL_ECHH,,EL_ECCH,,EL_BFTH,,MATERIAL_T,1.5,,,,,,,,,,,,,,,,,,,,,,,,,,,,,EL_PE324A_1,32400112G06{MATERIAL_CODE},,,,,,,,,,,,,,,,,,,,,,,,,,,,,,,,,,,,,,,STOP,,,,,,,,,,,,,,,,,,,,,,EL_PE324A,,,
44,1264930,67917027,90,,,,,,,,,,,,,,,,,,,,,,,,,,,,,,,,,,,,,,,,,,,,,,,,,,,,,,,,,,,,,,,,,,,,,,,,,,,,,,,,,,,,,,,,,,,,,,,,,,,,,,,,EL_PE324A,,,
44,1264930,67917028,91,,EL_BWALLT,?T19?,EL_AOPEN,2SR,EL_ECHH,2100,EL_ECCH,2500,EL_BFTH,4,MATERIAL_T,1.6,,,,,,,,,,,,,,,,,,,,,,,,,,,,,EL_PE324A_1,32400113G01{MATERIAL_CODE},,,,,,,,,,,,,,,,,,,,,,,,,,,,,,,,,,,,,,,STOP,,,,,,,,,,,,,,,,,,,,,,EL_PE324A,,,
44,1264930,67917029,92,,EL_BWALLT,?T19?,EL_AOPEN,2SR,EL_ECHH,2100,EL_ECCH,,EL_BFTH,,MATERIAL_T,1.6,,,,,,,,,,,,,,,,,,,,,,,,,,,,,EL_PE324A_1,32400113G03{MATERIAL_CODE},,,,,,,,,,,,,,,,,,,,,,,,,,,,,,,,,,,,,,,STOP,,,,,,,,,,,,,,,,,,,,,,EL_PE324A,,,
44,1264930,67917030,93,,EL_BWALLT,?T19?,EL_AOPEN,2SR,EL_ECHH,,EL_ECCH,,EL_BFTH,,MATERIAL_T,1.6,,,,,,,,,,,,,,,,,,,,,,,,,,,,,EL_PE324A_1,32400113G05{MATERIAL_CODE},,,,,,,,,,,,,,,,,,,,,,,,,,,,,,,,,,,,,,,STOP,,,,,,,,,,,,,,,,,,,,,,EL_PE324A,,,
44,1264930,67917031,94,,EL_BWALLT,T30_SD1,EL_AOPEN,2SR,EL_ECHH,2100,EL_ECCH,2500,EL_BFTH,4,MATERIAL_T,1.6,,,,,,,,,,,,,,,,,,,,,,,,,,,,,EL_PE324A_1,32400113G02{MATERIAL_CODE},,,,,,,,,,,,,,,,,,,,,,,,,,,,,,,,,,,,,,,STOP,,,,,,,,,,,,,,,,,,,,,,EL_PE324A,,,
44,1264930,67917032,95,,EL_BWALLT,T30_SD1,EL_AOPEN,2SR,EL_ECHH,2100,EL_ECCH,,EL_BFTH,,MATERIAL_T,1.6,,,,,,,,,,,,,,,,,,,,,,,,,,,,,EL_PE324A_1,32400113G04{MATERIAL_CODE},,,,,,,,,,,,,,,,,,,,,,,,,,,,,,,,,,,,,,,STOP,,,,,,,,,,,,,,,,,,,,,,EL_PE324A,,,
44,1264930,67917033,96,,EL_BWALLT,T30_SD1,EL_AOPEN,2SR,EL_ECHH,,EL_ECCH,,EL_BFTH,,MATERIAL_T,1.6,,,,,,,,,,,,,,,,,,,,,,,,,,,,,EL_PE324A_1,32400113G06{MATERIAL_CODE},,,,,,,,,,,,,,,,,,,,,,,,,,,,,,,,,,,,,,,STOP,,,,,,,,,,,,,,,,,,,,,,EL_PE324A,,,
44,1264930,67917034,97,,,,,,,,,,,,,,,,,,,,,,,,,,,,,,,,,,,,,,,,,,,,,,,,,,,,,,,,,,,,,,,,,,,,,,,,,,,,,,,,,,STOP,,,,,,,,,,,,,,,,,,,,,,EL_PE324A,,,
44,1264930,67917035,98,,,,,,,,,,,,,,,,,,,,,,,,,,,,,,,,,,,,,,,,,,,,,,,,,,,,,,,,,,,,,,,,,,,,,,,,,,,,,,,,,,,,,,,,,,,,,,,,,,,,,,,,EL_PE324A,,,
44,1264930,67917036,99,2SL,EL_BWALLT,?T19?,EL_AOPEN,2SL,EL_ECHH,2100,EL_ECCH,2500,EL_BFTH,4,MATERIAL_T,1.2,,,,,,,,,,,,,,,,,,,,,,,,,,,,,EL_PE324A_1,32400111G07{MATERIAL_CODE},,,,,,,,,,,,,,,,,,,,,,,,,,,,,,,,,,,,,,,STOP,LEFT SIDE OPEN,,,,,,,,,,,,,,,,,,,,,EL_PE324A,,,
44,1264930,67917037,100,,EL_BWALLT,?T19?,EL_AOPEN,2SL,EL_ECHH,2100,EL_ECCH,,EL_BFTH,,MATERIAL_T,1.2,,,,,,,,,,,,,,,,,,,,,,,,,,,,,EL_PE324A_1,32400111G09{MATERIAL_CODE},,,,,,,,,,,,,,,,,,,,,,,,,,,,,,,,,,,,,,,STOP,,,,,,,,,,,,,,,,,,,,,,EL_PE324A,,,
44,1264930,67917038,101,,EL_BWALLT,?T19?,EL_AOPEN,2SL,EL_ECHH,,EL_ECCH,,EL_BFTH,,MATERIAL_T,1.2,,,,,,,,,,,,,,,,,,,,,,,,,,,,,EL_PE324A_1,32400111G11{MATERIAL_CODE},,,,,,,,,,,,,,,,,,,,,,,,,,,,,,,,,,,,,,,STOP,,,,,,,,,,,,,,,,,,,,,,EL_PE324A,,,
44,1264930,67917039,102,,EL_BWALLT,T30_SD1,EL_AOPEN,2SL,EL_ECHH,2100,EL_ECCH,2500,EL_BFTH,4,MATERIAL_T,1.2,,,,,,,,,,,,,,,,,,,,,,,,,,,,,EL_PE324A_1,32400111G08{MATERIAL_CODE},,,,,,,,,,,,,,,,,,,,,,,,,,,,,,,,,,,,,,,STOP,,,,,,,,,,,,,,,,,,,,,,EL_PE324A,,,
44,1264930,67917040,103,,EL_BWALLT,T30_SD1,EL_AOPEN,2SL,EL_ECHH,2100,EL_ECCH,,EL_BFTH,,MATERIAL_T,1.2,,,,,,,,,,,,,,,,,,,,,,,,,,,,,EL_PE324A_1,32400111G10{MATERIAL_CODE},,,,,,,,,,,,,,,,,,,,,,,,,,,,,,,,,,,,,,,STOP,,,,,,,,,,,,,,,,,,,,,,EL_PE324A,,,
44,1264930,67917041,104,,EL_BWALLT,T30_SD1,EL_AOPEN,2SL,EL_ECHH,,EL_ECCH,,EL_BFTH,,MATERIAL_T,1.2,,,,,,,,,,,,,,,,,,,,,,,,,,,,,EL_PE324A_1,32400111G12{MATERIAL_CODE},,,,,,,,,,,,,,,,,,,,,,,,,,,,,,,,,,,,,,,STOP,,,,,,,,,,,,,,,,,,,,,,EL_PE324A,,,
44,1264930,67917042,105,,,,,,,,,,,,,,,,,,,,,,,,,,,,,,,,,,,,,,,,,,,,,,,,,,,,,,,,,,,,,,,,,,,,,,,,,,,,,,,,,,,,,,,,,,,,,,,,,,,,,,,,EL_PE324A,,,
44,1264930,67917043,106,,EL_BWALLT,?T19?,EL_AOPEN,2SL,EL_ECHH,2100,EL_ECCH,2500,EL_BFTH,4,MATERIAL_T,1.5,,,,,,,,,,,,,,,,,,,,,,,,,,,,,EL_PE324A_1,32400112G07{MATERIAL_CODE},,,,,,,,,,,,,,,,,,,,,,,,,,,,,,,,,,,,,,,STOP,,,,,,,,,,,,,,,,,,,,,,EL_PE324A,,,
44,1264930,67917044,107,,EL_BWALLT,?T19?,EL_AOPEN,2SL,EL_ECHH,2100,EL_ECCH,,EL_BFTH,,MATERIAL_T,1.5,,,,,,,,,,,,,,,,,,,,,,,,,,,,,EL_PE324A_1,32400112G09{MATERIAL_CODE},,,,,,,,,,,,,,,,,,,,,,,,,,,,,,,,,,,,,,,STOP,,,,,,,,,,,,,,,,,,,,,,EL_PE324A,,,
44,1264930,67917045,108,,EL_BWALLT,?T19?,EL_AOPEN,2SL,EL_ECHH,,EL_ECCH,,EL_BFTH,,MATERIAL_T,1.5,,,,,,,,,,,,,,,,,,,,,,,,,,,,,EL_PE324A_1,32400112G11{MATERIAL_CODE},,,,,,,,,,,,,,,,,,,,,,,,,,,,,,,,,,,,,,,STOP,,,,,,,,,,,,,,,,,,,,,,EL_PE324A,,,
44,1264930,67917046,109,,EL_BWALLT,T30_SD1,EL_AOPEN,2SL,EL_ECHH,2100,EL_ECCH,2500,EL_BFTH,4,MATERIAL_T,1.5,,,,,,,,,,,,,,,,,,,,,,,,,,,,,EL_PE324A_1,32400112G08{MATERIAL_CODE},,,,,,,,,,,,,,,,,,,,,,,,,,,,,,,,,,,,,,,STOP,,,,,,,,,,,,,,,,,,,,,,EL_PE324A,,,
44,1264930,67917047,110,,EL_BWALLT,T30_SD1,EL_AOPEN,2SL,EL_ECHH,2100,EL_ECCH,,EL_BFTH,,MATERIAL_T,1.5,,,,,,,,,,,,,,,,,,,,,,,,,,,,,EL_PE324A_1,32400112G10{MATERIAL_CODE},,,,,,,,,,,,,,,,,,,,,,,,,,,,,,,,,,,,,,,STOP,,,,,,,,,,,,,,,,,,,,,,EL_PE324A,,,
44,1264930,67917048,111,,EL_BWALLT,T30_SD1,EL_AOPEN,2SL,EL_ECHH,,EL_ECCH,,EL_BFTH,,MATERIAL_T,1.5,,,,,,,,,,,,,,,,,,,,,,,,,,,,,EL_PE324A_1,32400112G12{MATERIAL_CODE},,,,,,,,,,,,,,,,,,,,,,,,,,,,,,,,,,,,,,,STOP,,,,,,,,,,,,,,,,,,,,,,EL_PE324A,,,
44,1264930,67917049,112,,,,,,,,,,,,,,,,,,,,,,,,,,,,,,,,,,,,,,,,,,,,,,,,,,,,,,,,,,,,,,,,,,,,,,,,,,,,,,,,,,,,,,,,,,,,,,,,,,,,,,,,EL_PE324A,,,
44,1264930,67917050,113,,EL_BWALLT,?T19?,EL_AOPEN,2SL,EL_ECHH,2100,EL_ECCH,2500,EL_BFTH,4,MATERIAL_T,1.6,,,,,,,,,,,,,,,,,,,,,,,,,,,,,EL_PE324A_1,32400113G07{MATERIAL_CODE},,,,,,,,,,,,,,,,,,,,,,,,,,,,,,,,,,,,,,,STOP,,,,,,,,,,,,,,,,,,,,,,EL_PE324A,,,
44,1264930,67917051,114,,EL_BWALLT,?T19?,EL_AOPEN,2SL,EL_ECHH,2100,EL_ECCH,,EL_BFTH,,MATERIAL_T,1.6,,,,,,,,,,,,,,,,,,,,,,,,,,,,,EL_PE324A_1,32400113G09{MATERIAL_CODE},,,,,,,,,,,,,,,,,,,,,,,,,,,,,,,,,,,,,,,STOP,,,,,,,,,,,,,,,,,,,,,,EL_PE324A,,,
44,1264930,67917052,115,,EL_BWALLT,?T19?,EL_AOPEN,2SL,EL_ECHH,,EL_ECCH,,EL_BFTH,,MATERIAL_T,1.6,,,,,,,,,,,,,,,,,,,,,,,,,,,,,EL_PE324A_1,32400113G11{MATERIAL_CODE},,,,,,,,,,,,,,,,,,,,,,,,,,,,,,,,,,,,,,,STOP,,,,,,,,,,,,,,,,,,,,,,EL_PE324A,,,
44,1264930,67917053,116,,EL_BWALLT,T30_SD1,EL_AOPEN,2SL,EL_ECHH,2100,EL_ECCH,2500,EL_BFTH,4,MATERIAL_T,1.6,,,,,,,,,,,,,,,,,,,,,,,,,,,,,EL_PE324A_1,32400113G08{MATERIAL_CODE},,,,,,,,,,,,,,,,,,,,,,,,,,,,,,,,,,,,,,,STOP,,,,,,,,,,,,,,,,,,,,,,EL_PE324A,,,
44,1264930,67917054,117,,EL_BWALLT,T30_SD1,EL_AOPEN,2SL,EL_ECHH,2100,EL_ECCH,,EL_BFTH,,MATERIAL_T,1.6,,,,,,,,,,,,,,,,,,,,,,,,,,,,,EL_PE324A_1,32400113G10{MATERIAL_CODE},,,,,,,,,,,,,,,,,,,,,,,,,,,,,,,,,,,,,,,STOP,,,,,,,,,,,,,,,,,,,,,,EL_PE324A,,,
44,1264930,67917055,118,,EL_BWALLT,T30_SD1,EL_AOPEN,2SL,EL_ECHH,,EL_ECCH,,EL_BFTH,,MATERIAL_T,1.6,,,,,,,,,,,,,,,,,,,,,,,,,,,,,EL_PE324A_1,32400113G12{MATERIAL_CODE},,,,,,,,,,,,,,,,,,,,,,,,,,,,,,,,,,,,,,,STOP,,,,,,,,,,,,,,,,,,,,,,EL_PE324A,,,
44,1264930,67917056,119,,,,,,,,,,,,,,,,,,,,,,,,,,,,,,,,,,,,,,,,,,,,,,,,,,,,,,,,,,,,,,,,,,,,,,,,,,,,,,,,,,STOP,,,,,,,,,,,,,,,,,,,,,,EL_PE324A,,,
44,1264930,67917057,120,,,,,,,,,,,,,,,,,,,,,,,,,,,,,,,,,,,,,,,,,,,,,,,,,,,,,,,,,,,,,,,,,,,,,,,,,,,,,,,,,,,,,,,,,,,,,,,,,,,,,,,,EL_PE324A,,,
44,1264930,67917058,121,2SLR,,,,,,,,,,,,,,,,,,,,,,,,,,,,,,,,,,,,,,,,,,,,,,,,,,,,,,,,,,,,,,,,,,,,,,,,,,,,,,,,,,,,,,,,,,,,,,,,,,,,,,,EL_PE324A,,,
44,1264930,67917059,122,RIGHT,EL_BWALLT,?T19?,EL_AOPEN,2SLR,EL_ECHH,2100,EL_ECCH,2500,EL_BFTH,4,MATERIAL_T,1.2,,,,,,,,,,,,,,,,,,,,,,,,,,,,,EL_PE324A_1,32400111G01{MATERIAL_CODE},,,,,,,,,,,,,,,,,,,,,,,,,,,,,,,,,,,,,,,LEFT,"2SLR 경우, RIGHT측 COLUMN",,,,,,,,,,,,,,,,,,,,,EL_PE324A,,,
44,1264930,67917060,123,,EL_BWALLT,?T19?,EL_AOPEN,2SLR,EL_ECHH,2100,EL_ECCH,,EL_BFTH,,MATERIAL_T,1.2,,,,,,,,,,,,,,,,,,,,,,,,,,,,,EL_PE324A_1,32400111G03{MATERIAL_CODE},,,,,,,,,,,,,,,,,,,,,,,,,,,,,,,,,,,,,,,LEFT,,,,,,,,,,,,,,,,,,,,,,EL_PE324A,,,
44,1264930,67917061,124,,EL_BWALLT,?T19?,EL_AOPEN,2SLR,EL_ECHH,,EL_ECCH,,EL_BFTH,,MATERIAL_T,1.2,,,,,,,,,,,,,,,,,,,,,,,,,,,,,EL_PE324A_1,32400111G05{MATERIAL_CODE},,,,,,,,,,,,,,,,,,,,,,,,,,,,,,,,,,,,,,,LEFT,,,,,,,,,,,,,,,,,,,,,,EL_PE324A,,,
44,1264930,67917062,125,,EL_BWALLT,T30_SD1,EL_AOPEN,2SLR,EL_ECHH,2100,EL_ECCH,2500,EL_BFTH,4,MATERIAL_T,1.2,,,,,,,,,,,,,,,,,,,,,,,,,,,,,EL_PE324A_1,32400111G02{MATERIAL_CODE},,,,,,,,,,,,,,,,,,,,,,,,,,,,,,,,,,,,,,,LEFT,,,,,,,,,,,,,,,,,,,,,,EL_PE324A,,,
44,1264930,67917063,126,,EL_BWALLT,T30_SD1,EL_AOPEN,2SLR,EL_ECHH,2100,EL_ECCH,,EL_BFTH,,MATERIAL_T,1.2,,,,,,,,,,,,,,,,,,,,,,,,,,,,,EL_PE324A_1,32400111G04{MATERIAL_CODE},,,,,,,,,,,,,,,,,,,,,,,,,,,,,,,,,,,,,,,LEFT,,,,,,,,,,,,,,,,,,,,,,EL_PE324A,,,
44,1264930,67917064,127,,EL_BWALLT,T30_SD1,EL_AOPEN,2SLR,EL_ECHH,,EL_ECCH,,EL_BFTH,,MATERIAL_T,1.2,,,,,,,,,,,,,,,,,,,,,,,,,,,,,EL_PE324A_1,32400111G06{MATERIAL_CODE},,,,,,,,,,,,,,,,,,,,,,,,,,,,,,,,,,,,,,,LEFT,,,,,,,,,,,,,,,,,,,,,,EL_PE324A,,,
44,1264930,67917065,128,,,,,,,,,,,,,,,,,,,,,,,,,,,,,,,,,,,,,,,,,,,,,,,,,,,,,,,,,,,,,,,,,,,,,,,,,,,,,,,,,,,,,,,,,,,,,,,,,,,,,,,,EL_PE324A,,,
44,1264930,67917066,129,,EL_BWALLT,?T19?,EL_AOPEN,2SLR,EL_ECHH,2100,EL_ECCH,2500,EL_BFTH,4,MATERIAL_T,1.5,,,,,,,,,,,,,,,,,,,,,,,,,,,,,EL_PE324A_1,32400112G01{MATERIAL_CODE},,,,,,,,,,,,,,,,,,,,,,,,,,,,,,,,,,,,,,,LEFT,,,,,,,,,,,,,,,,,,,,,,EL_PE324A,,,
44,1264930,67917067,130,,EL_BWALLT,?T19?,EL_AOPEN,2SLR,EL_ECHH,2100,EL_ECCH,,EL_BFTH,,MATERIAL_T,1.5,,,,,,,,,,,,,,,,,,,,,,,,,,,,,EL_PE324A_1,32400112G03{MATERIAL_CODE},,,,,,,,,,,,,,,,,,,,,,,,,,,,,,,,,,,,,,,LEFT,,,,,,,,,,,,,,,,,,,,,,EL_PE324A,,,
44,1264930,67917068,131,,EL_BWALLT,?T19?,EL_AOPEN,2SLR,EL_ECHH,,EL_ECCH,,EL_BFTH,,MATERIAL_T,1.5,,,,,,,,,,,,,,,,,,,,,,,,,,,,,EL_PE324A_1,32400112G05{MATERIAL_CODE},,,,,,,,,,,,,,,,,,,,,,,,,,,,,,,,,,,,,,,LEFT,,,,,,,,,,,,,,,,,,,,,,EL_PE324A,,,
44,1264930,67917069,132,,EL_BWALLT,T30_SD1,EL_AOPEN,2SLR,EL_ECHH,2100,EL_ECCH,2500,EL_BFTH,4,MATERIAL_T,1.5,,,,,,,,,,,,,,,,,,,,,,,,,,,,,EL_PE324A_1,32400112G02{MATERIAL_CODE},,,,,,,,,,,,,,,,,,,,,,,,,,,,,,,,,,,,,,,LEFT,,,,,,,,,,,,,,,,,,,,,,EL_PE324A,,,
44,1264930,67917070,133,,EL_BWALLT,T30_SD1,EL_AOPEN,2SLR,EL_ECHH,2100,EL_ECCH,,EL_BFTH,,MATERIAL_T,1.5,,,,,,,,,,,,,,,,,,,,,,,,,,,,,EL_PE324A_1,32400112G04{MATERIAL_CODE},,,,,,,,,,,,,,,,,,,,,,,,,,,,,,,,,,,,,,,LEFT,,,,,,,,,,,,,,,,,,,,,,EL_PE324A,,,
44,1264930,67917071,134,,EL_BWALLT,T30_SD1,EL_AOPEN,2SLR,EL_ECHH,,EL_ECCH,,EL_BFTH,,MATERIAL_T,1.5,,,,,,,,,,,,,,,,,,,,,,,,,,,,,EL_PE324A_1,32400112G06{MATERIAL_CODE},,,,,,,,,,,,,,,,,,,,,,,,,,,,,,,,,,,,,,,LEFT,,,,,,,,,,,,,,,,,,,,,,EL_PE324A,,,
44,1264930,67917072,135,,,,,,,,,,,,,,,,,,,,,,,,,,,,,,,,,,,,,,,,,,,,,,,,,,,,,,,,,,,,,,,,,,,,,,,,,,,,,,,,,,,,,,,,,,,,,,,,,,,,,,,,EL_PE324A,,,
44,1264930,67917073,136,,EL_BWALLT,?T19?,EL_AOPEN,2SLR,EL_ECHH,2100,EL_ECCH,2500,EL_BFTH,4,MATERIAL_T,1.6,,,,,,,,,,,,,,,,,,,,,,,,,,,,,EL_PE324A_1,32400113G01{MATERIAL_CODE},,,,,,,,,,,,,,,,,,,,,,,,,,,,,,,,,,,,,,,LEFT,,,,,,,,,,,,,,,,,,,,,,EL_PE324A,,,
44,1264930,67917074,137,,EL_BWALLT,?T19?,EL_AOPEN,2SLR,EL_ECHH,2100,EL_ECCH,,EL_BFTH,,MATERIAL_T,1.6,,,,,,,,,,,,,,,,,,,,,,,,,,,,,EL_PE324A_1,32400113G03{MATERIAL_CODE},,,,,,,,,,,,,,,,,,,,,,,,,,,,,,,,,,,,,,,LEFT,,,,,,,,,,,,,,,,,,,,,,EL_PE324A,,,
44,1264930,67917075,138,,EL_BWALLT,?T19?,EL_AOPEN,2SLR,EL_ECHH,,EL_ECCH,,EL_BFTH,,MATERIAL_T,1.6,,,,,,,,,,,,,,,,,,,,,,,,,,,,,EL_PE324A_1,32400113G05{MATERIAL_CODE},,,,,,,,,,,,,,,,,,,,,,,,,,,,,,,,,,,,,,,LEFT,,,,,,,,,,,,,,,,,,,,,,EL_PE324A,,,
44,1264930,67917076,139,,EL_BWALLT,T30_SD1,EL_AOPEN,2SLR,EL_ECHH,2100,EL_ECCH,2500,EL_BFTH,4,MATERIAL_T,1.6,,,,,,,,,,,,,,,,,,,,,,,,,,,,,EL_PE324A_1,32400113G02{MATERIAL_CODE},,,,,,,,,,,,,,,,,,,,,,,,,,,,,,,,,,,,,,,LEFT,,,,,,,,,,,,,,,,,,,,,,EL_PE324A,,,
44,1264930,67917077,140,,EL_BWALLT,T30_SD1,EL_AOPEN,2SLR,EL_ECHH,2100,EL_ECCH,,EL_BFTH,,MATERIAL_T,1.6,,,,,,,,,,,,,,,,,,,,,,,,,,,,,EL_PE324A_1,32400113G04{MATERIAL_CODE},,,,,,,,,,,,,,,,,,,,,,,,,,,,,,,,,,,,,,,LEFT,,,,,,,,,,,,,,,,,,,,,,EL_PE324A,,,
44,1264930,67917078,141,,EL_BWALLT,T30_SD1,EL_AOPEN,2SLR,EL_ECHH,,EL_ECCH,,EL_BFTH,,MATERIAL_T,1.6,,,,,,,,,,,,,,,,,,,,,,,,,,,,,EL_PE324A_1,32400113G06{MATERIAL_CODE},,,,,,,,,,,,,,,,,,,,,,,,,,,,,,,,,,,,,,,LEFT,,,,,,,,,,,,,,,,,,,,,,EL_PE324A,,,
44,1264930,67917079,142,,,,,,,,,,,,,,,,,,,,,,,,,,,,,,,,,,,,,,,,,,,,,,,,,,,,,,,,,,,,,,,,,,,,,,,,,,,,,,,,,,,,,,,,,,,,,,,,,,,,,,,,EL_PE324A,,,
44,1264930,67917080,143,LEFT,EL_BWALLT,?T19?,EL_AOPEN,2SLR,EL_ECHH,2100,EL_ECCH,2500,EL_BFTH,4,MATERIAL_T,1.2,,,,,,,,,,,,,,,,,,,,,,,,,,,,,EL_PE324A_2,32400111G07{MATERIAL_CODE},,,,,,,,,,,,,,,,,,,,,,,,,,,,,,,,,,,,,,,STOP,"2SLR 경우, LEFT측 COLUMN",,,,,,,,,,,,,,,,,,,,,EL_PE324A,,,
44,1264930,67917081,144,,EL_BWALLT,?T19?,EL_AOPEN,2SLR,EL_ECHH,2100,EL_ECCH,,EL_BFTH,,MATERIAL_T,1.2,,,,,,,,,,,,,,,,,,,,,,,,,,,,,EL_PE324A_2,32400111G09{MATERIAL_CODE},,,,,,,,,,,,,,,,,,,,,,,,,,,,,,,,,,,,,,,STOP,,,,,,,,,,,,,,,,,,,,,,EL_PE324A,,,
44,1264930,67917082,145,,EL_BWALLT,?T19?,EL_AOPEN,2SLR,EL_ECHH,,EL_ECCH,,EL_BFTH,,MATERIAL_T,1.2,,,,,,,,,,,,,,,,,,,,,,,,,,,,,EL_PE324A_2,32400111G11{MATERIAL_CODE},,,,,,,,,,,,,,,,,,,,,,,,,,,,,,,,,,,,,,,STOP,,,,,,,,,,,,,,,,,,,,,,EL_PE324A,,,
44,1264930,67917083,146,,EL_BWALLT,T30_SD1,EL_AOPEN,2SLR,EL_ECHH,2100,EL_ECCH,2500,EL_BFTH,4,MATERIAL_T,1.2,,,,,,,,,,,,,,,,,,,,,,,,,,,,,EL_PE324A_2,32400111G08{MATERIAL_CODE},,,,,,,,,,,,,,,,,,,,,,,,,,,,,,,,,,,,,,,STOP,,,,,,,,,,,,,,,,,,,,,,EL_PE324A,,,
44,1264930,67917084,147,,EL_BWALLT,T30_SD1,EL_AOPEN,2SLR,EL_ECHH,2100,EL_ECCH,,EL_BFTH,,MATERIAL_T,1.2,,,,,,,,,,,,,,,,,,,,,,,,,,,,,EL_PE324A_2,32400111G10{MATERIAL_CODE},,,,,,,,,,,,,,,,,,,,,,,,,,,,,,,,,,,,,,,STOP,,,,,,,,,,,,,,,,,,,,,,EL_PE324A,,,
44,1264930,67917085,148,,EL_BWALLT,T30_SD1,EL_AOPEN,2SLR,EL_ECHH,,EL_ECCH,,EL_BFTH,,MATERIAL_T,1.2,,,,,,,,,,,,,,,,,,,,,,,,,,,,,EL_PE324A_2,32400111G12{MATERIAL_CODE},,,,,,,,,,,,,,,,,,,,,,,,,,,,,,,,,,,,,,,STOP,,,,,,,,,,,,,,,,,,,,,,EL_PE324A,,,
44,1264930,67917086,149,,,,,,,,,,,,,,,,,,,,,,,,,,,,,,,,,,,,,,,,,,,,,,,,,,,,,,,,,,,,,,,,,,,,,,,,,,,,,,,,,,,,,,,,,,,,,,,,,,,,,,,,EL_PE324A,,,
44,1264930,67917087,150,,EL_BWALLT,?T19?,EL_AOPEN,2SLR,EL_ECHH,2100,EL_ECCH,2500,EL_BFTH,4,MATERIAL_T,1.5,,,,,,,,,,,,,,,,,,,,,,,,,,,,,EL_PE324A_2,32400112G07{MATERIAL_CODE},,,,,,,,,,,,,,,,,,,,,,,,,,,,,,,,,,,,,,,STOP,,,,,,,,,,,,,,,,,,,,,,EL_PE324A,,,
44,1264930,67917088,151,,EL_BWALLT,?T19?,EL_AOPEN,2SLR,EL_ECHH,2100,EL_ECCH,,EL_BFTH,,MATERIAL_T,1.5,,,,,,,,,,,,,,,,,,,,,,,,,,,,,EL_PE324A_2,32400112G09{MATERIAL_CODE},,,,,,,,,,,,,,,,,,,,,,,,,,,,,,,,,,,,,,,STOP,,,,,,,,,,,,,,,,,,,,,,EL_PE324A,,,
44,1264930,67917089,152,,EL_BWALLT,?T19?,EL_AOPEN,2SLR,EL_ECHH,,EL_ECCH,,EL_BFTH,,MATERIAL_T,1.5,,,,,,,,,,,,,,,,,,,,,,,,,,,,,EL_PE324A_2,32400112G11{MATERIAL_CODE},,,,,,,,,,,,,,,,,,,,,,,,,,,,,,,,,,,,,,,STOP,,,,,,,,,,,,,,,,,,,,,,EL_PE324A,,,
44,1264930,67917090,153,,EL_BWALLT,T30_SD1,EL_AOPEN,2SLR,EL_ECHH,2100,EL_ECCH,2500,EL_BFTH,4,MATERIAL_T,1.5,,,,,,,,,,,,,,,,,,,,,,,,,,,,,EL_PE324A_2,32400112G08{MATERIAL_CODE},,,,,,,,,,,,,,,,,,,,,,,,,,,,,,,,,,,,,,,STOP,,,,,,,,,,,,,,,,,,,,,,EL_PE324A,,,
44,1264930,67917091,154,,EL_BWALLT,T30_SD1,EL_AOPEN,2SLR,EL_ECHH,2100,EL_ECCH,,EL_BFTH,,MATERIAL_T,1.5,,,,,,,,,,,,,,,,,,,,,,,,,,,,,EL_PE324A_2,32400112G10{MATERIAL_CODE},,,,,,,,,,,,,,,,,,,,,,,,,,,,,,,,,,,,,,,STOP,,,,,,,,,,,,,,,,,,,,,,EL_PE324A,,,
44,1264930,67917092,155,,EL_BWALLT,T30_SD1,EL_AOPEN,2SLR,EL_ECHH,,EL_ECCH,,EL_BFTH,,MATERIAL_T,1.5,,,,,,,,,,,,,,,,,,,,,,,,,,,,,EL_PE324A_2,32400112G12{MATERIAL_CODE},,,,,,,,,,,,,,,,,,,,,,,,,,,,,,,,,,,,,,,STOP,,,,,,,,,,,,,,,,,,,,,,EL_PE324A,,,
44,1264930,67917093,156,,,,,,,,,,,,,,,,,,,,,,,,,,,,,,,,,,,,,,,,,,,,,,,,,,,,,,,,,,,,,,,,,,,,,,,,,,,,,,,,,,,,,,,,,,,,,,,,,,,,,,,,EL_PE324A,,,
44,1264930,67917094,157,,EL_BWALLT,?T19?,EL_AOPEN,2SLR,EL_ECHH,2100,EL_ECCH,2500,EL_BFTH,4,MATERIAL_T,1.6,,,,,,,,,,,,,,,,,,,,,,,,,,,,,EL_PE324A_2,32400113G07{MATERIAL_CODE},,,,,,,,,,,,,,,,,,,,,,,,,,,,,,,,,,,,,,,STOP,,,,,,,,,,,,,,,,,,,,,,EL_PE324A,,,
44,1264930,67917095,158,,EL_BWALLT,?T19?,EL_AOPEN,2SLR,EL_ECHH,2100,EL_ECCH,,EL_BFTH,,MATERIAL_T,1.6,,,,,,,,,,,,,,,,,,,,,,,,,,,,,EL_PE324A_2,32400113G09{MATERIAL_CODE},,,,,,,,,,,,,,,,,,,,,,,,,,,,,,,,,,,,,,,STOP,,,,,,,,,,,,,,,,,,,,,,EL_PE324A,,,
44,1264930,67917096,159,,EL_BWALLT,?T19?,EL_AOPEN,2SLR,EL_ECHH,,EL_ECCH,,EL_BFTH,,MATERIAL_T,1.6,,,,,,,,,,,,,,,,,,,,,,,,,,,,,EL_PE324A_2,32400113G11{MATERIAL_CODE},,,,,,,,,,,,,,,,,,,,,,,,,,,,,,,,,,,,,,,STOP,,,,,,,,,,,,,,,,,,,,,,EL_PE324A,,,
44,1264930,67917097,160,,EL_BWALLT,T30_SD1,EL_AOPEN,2SLR,EL_ECHH,2100,EL_ECCH,2500,EL_BFTH,4,MATERIAL_T,1.6,,,,,,,,,,,,,,,,,,,,,,,,,,,,,EL_PE324A_2,32400113G08{MATERIAL_CODE},,,,,,,,,,,,,,,,,,,,,,,,,,,,,,,,,,,,,,,STOP,,,,,,,,,,,,,,,,,,,,,,EL_PE324A,,,
44,1264930,67917098,161,,EL_BWALLT,T30_SD1,EL_AOPEN,2SLR,EL_ECHH,2100,EL_ECCH,,EL_BFTH,,MATERIAL_T,1.6,,,,,,,,,,,,,,,,,,,,,,,,,,,,,EL_PE324A_2,32400113G10{MATERIAL_CODE},,,,,,,,,,,,,,,,,,,,,,,,,,,,,,,,,,,,,,,STOP,,,,,,,,,,,,,,,,,,,,,,EL_PE324A,,,
44,1264930,67917099,162,,EL_BWALLT,T30_SD1,EL_AOPEN,2SLR,EL_ECHH,,EL_ECCH,,EL_BFTH,,MATERIAL_T,1.6,,,,,,,,,,,,,,,,,,,,,,,,,,,,,EL_PE324A_2,32400113G12{MATERIAL_CODE},,,,,,,,,,,,,,,,,,,,,,,,,,,,,,,,,,,,,,,STOP,,,,,,,,,,,,,,,,,,,,,,EL_PE324A,,,
44,1264930,67917100,163,,,,,,,,,,,,,,,,,,,,,,,,,,,,,,,,,,,,,,,,,,,,,,,,,,,,,,,,,,,,,,,,,,,,,,,,,,,,,,,,,,STOP,,,,,,,,,,,,,,,,,,,,,,EL_PE324A,,,
45,1304564,101711849,1,INIT,,,,,,,,,,,,,,,,,,,,,,,,,,,,,,,,,,,,,,,,,,,,,,,,,,,,,,,,,,,,,,,,,,,,,,,,,,,,,,,,,,,,,,,,,,,,,,,,,,,,,,,EL_PE324A,,,
45,1304564,101711850,2,,,,,,,,,,,,,,,,,,,,,,,,,,,,,,,,,,,,,,,,,,CALL,CAL_NEX_TYPE,,,,,,,,,,,,,,,,,,,,,,,,,,,,,,,,,,,,,,,,NEX_TYPE,,,,,,,,,,,,,,,,,,,,,EL_PE324A,,,
45,1304564,101711851,3,,,,,,,,,,,,,,,,,,,,,,,,,,,,,,,,,,,,,,,,,,VAR_MATERIAL,{EL_BECM},CALL,CALC_MATERIAL_CODE,,,,,,,,,,,,,,,,,,,,,,,,,,,,,,,,,,,,,,,,,,,,,,,,,,,,,,,,,,,EL_PE324A,,,
45,1304564,101711852,4,,,,,,,,,,,,,,,,,,,,,,,,,,,,,,,,,,,,,,,,,,OUTPUT,EL_PE324A_1,,,,,,,,,,,,,,,,,,,,,,,,,,,,,,,,,,,,,,,,ENTRANCE COLUMN,,,,,,,,,,,,,,,,,,,,,EL_PE324A,,,
45,1304564,101711853,5,,,,,,,,,,,,,,,,,,,,,,,,,,,,,,,,,,,,,,,,,,EL_PE324A_1,,,,,,,,,,,,,,,,,,,,,,,,,,,,,,,,,,,,,,,,,,,,,,,,,,,,,,,,,,,,,,EL_PE324A,,,
45,1304564,101711854,6,,,,,,,,,,,,,,,,,,,,,,,,,,,,,,,,,,,,,,,,,,OUTPUT,EL_PE324A_2,,,,,,,,,,,,,,,,,,,,,,,,,,,,,,,,,,,,,,,,"2SLR(LEFT, RIGHT 구분용)",,,,,,,,,,,,,,,,,,,,,EL_PE324A,,,
45,1304564,101711855,7,,,,,,,,,,,,,,,,,,,,,,,,,,,,,,,,,,,,,,,,,,EL_PE324A_2,,,,,,,,,,,,,,,,,,,,,,,,,,,,,,,,,,,,,,,,,,,,,,,,,,,,,,,,,,,,,,EL_PE324A,,,
45,1304564,101711856,8,,,,,,,,,,,,,,,,,,,,,,,,,,,,,,,,,,,,,,,,,,,,,,,,,,,,,,,,,,,,,,,,,,,,,,,,,,,,,,,,,,,,,,,,,,,,,,,,,,,,,,,,EL_PE324A,,,
45,1304564,101711857,9,,EL_ATYP,?US?,EL_ACD2,?ASME?,,,,,,,,,,,,,,,,,,,,,,,,,,,,,,,,,,,,,,,,,,,,,,,,,,,,,,,,,,,,,,,,,,,,,,,,,,,,,US EXPORT,북미수출형,,,,,,,,,,,,,,,,,,,,,EL_PE324A,,,
45,1304564,101711858,10,,EL_ABRAND,?NEX?,EL_BWMT,",?NEX?,?NXE?,?NXP?,VISC,NEOD,NEOD_A1",EL_AOPEN,1SCO,,,,,,,,,,,,,,,,,,,,,,,,,,,,,,,,,,,,,,,,,,,,,,,,,,,,,,,,,,,,,,,,,,,,,,,,,,,NEX,"표준 NEX PACKAGE , NEX PLUS",,,,,,,,,,,,,,,,,,,,,EL_PE324A,,,
45,1304564,101711859,11,,NEX_TYPE,",NEX_NEW,NEX_PLUS,NEX_ECO",EL_AOPEN,?2S?,,,,,,,,,,,,,,,,,,,,,,,,,,,,,,,,,,,,,,,,,,,,,,,,,,,,,,,,,,,,,,,,,,,,,,,,,,,,,NEX SIDE OPEN,"NEX SIDE OPEN (STANDARD, PLUS 의장)",,,,,,,,,,,,,,,,,,,,,EL_PE324A,,,
45,1304564,101711860,12,,EL_ABRAND,NEO_MRL,,,,,,,,,,,,,,,,,,,,,,,,,,,,,,,,,,,,,,,,,,,,,,,,,,,,,,,,,,,,,,,,,,,,,,,,,,,,,,,NEO_MRL,NEO PACKAGE,,,,,,,,,,,,,,,,,,,,,EL_PE324A,,,
45,1304564,101711861,13,,EL_AOPEN,?CO?,,,,,,,,,,,,,,,,,,,,,,,,,,,,,,,,,,,,,,,,,,,,,,,,,,,,,,,,,,,,,,,,,,,,,,,,,,,,,,,CO,,,,,,,,,,,,,,,,,,,,,,EL_PE324A,,,
45,1304564,101711862,14,,EL_AOPEN,2SR,,,,,,,,,,,,,,,,,,,,,,,,,,,,,,,,,,,,,,,,,,,,,,,,,,,,,,,,,,,,,,,,,,,,,,,,,,,,,,,2SR,,,,,,,,,,,,,,,,,,,,,,EL_PE324A,,,
45,1304564,101711863,15,,EL_AOPEN,2SL,,,,,,,,,,,,,,,,,,,,,,,,,,,,,,,,,,,,,,,,,,,,,,,,,,,,,,,,,,,,,,,,,,,,,,,,,,,,,,,2SL,,,,,,,,,,,,,,,,,,,,,,EL_PE324A,,,
45,1304564,101711864,16,,EL_AOPEN,2SLR,,,,,,,,,,,,,,,,,,,,,,,,,,,,,,,,,,,,,,,,,,,,,,,,,,,,,,,,,,,,,,,,,,,,,,,,,,,,,,,2SLR,,,,,,,,,,,,,,,,,,,,,,EL_PE324A,,,
45,1304564,101711865,17,,,,,,,,,,,,,,,,,,,,,,,,,,,,,,,,,,,,,,,,,,,,,,,,,,,,,,,,,,,,,,,,,,,,,,,,,,,,,,,,,,STOP,,,,,,,,,,,,,,,,,,,,,,EL_PE324A,,,
45,1304564,101711866,18,,,,,,,,,,,,,,,,,,,,,,,,,,,,,,,,,,,,,,,,,,,,,,,,,,,,,,,,,,,,,,,,,,,,,,,,,,,,,,,,,,,,,,,,,,,,,,,,,,,,,,,,EL_PE324A,,,
45,1304564,101711867,19,MAIN,,,,,,,,,,,,,,,,,,,,,,,,,,,,,,,,,,,,,,,,,,,,,,,,,,,,,,,,,,,,,,,,,,,,,,,,,,,,,,,,,,,,,,,,,,,,,,,,,,,,,,,EL_PE324A,,,
45,1304564,101711868,20,US EXPORT,,,,,,,,,,,,,,,,,,,,,,,,,,,,,,,,,,,,,,,,,,,,,,,,,,,,,,,,,,,,,,,,,,,,,,,,,,,,,,,,,,,,,,,,,,,,,,,,,,,,,,,EL_PE324A,,,
45,1304564,101711869,21,,EL_ATYP,?US?,EL_ACD2,?ASME?,EL_AOPEN,1SL,EL_ECHH,2134,EL_ECCH,2438,EL_ETHRU,N,EL_ASPSCD,?GAL_?,,,,,,,,,,,,,,,,,,,,,,,,,,,EL_PE324A_1,32400025G01{MATERIAL_CODE},,,,,,,,,,,,,,,,,,,,,,,,,,,,,,,,,,,,,,,,,,,,,,,,,,,,,,,,,,,,,EL_PE324A,,,
45,1304564,101711870,22,,EL_ATYP,?US?,EL_ACD2,?ASME?,EL_AOPEN,1SR,EL_ECHH,2134,EL_ECCH,2438,EL_ETHRU,N,EL_ASPSCD,?GAL_?,,,,,,,,,,,,,,,,,,,,,,,,,,,EL_PE324A_1,32400025G02{MATERIAL_CODE},,,,,,,,,,,,,,,,,,,,,,,,,,,,,,,,,,,,,,,,,,,,,,,,,,,,,,,,,,,,,EL_PE324A,,,
45,1304564,101711871,23,,EL_ATYP,?US?,EL_ACD2,?ASME?,EL_AOPEN,1SLR,EL_ECHH,2134,EL_ECCH,2438,EL_ETHRU,Y,EL_ASPSCD,?GAL_?,,,,,,,,,,,,,,,,,,,,,,,,,,,EL_PE324A_1,32400025G01{MATERIAL_CODE},EL_PE324A_2,32400025G02{MATERIAL_CODE},,,,,,,,,,,,,,,,,,,,,,,,,,,,,,,,,,,,,,,,,,,,,,,,,,,,,,,,,,,EL_PE324A,,,
45,1304564,101711872,24,,EL_ATYP,?US?,EL_ACD2,?ASME?,EL_AOPEN,1SR,EL_ECHH,,EL_ECCH,,EL_ETHRU,N,EL_ASPSCD,?HD_?,,,,,,,,,,,,,,,,,,,,,,,,,,,EL_PE324A_1,32400439G01{MATERIAL_CODE},,,,,,,,,,,,,,,,,,,,,,,,,,,,,,,,,,,,,,,,,,,,,,,,,,,,,,,,,,,,,EL_PE324A,,,
45,1304564,101711873,25,,EL_ATYP,?US?,EL_ACD2,?ASME?,EL_AOPEN,1SL,EL_ECHH,,EL_ECCH,,EL_ETHRU,N,EL_ASPSCD,?HD_?,,,,,,,,,,,,,,,,,,,,,,,,,,,EL_PE324A_1,32400439G02{MATERIAL_CODE},,,,,,,,,,,,,,,,,,,,,,,,,,,,,,,,,,,,,,,,,,,,,,,,,,,,,,,,,,,,,EL_PE324A,,,
45,1304564,101711874,26,,EL_ATYP,?US?,EL_ACD2,?ASME?,EL_AOPEN,1SLR,EL_ECHH,,EL_ECCH,,EL_ETHRU,Y,EL_ASPSCD,?HD_?,,,,,,,,,,,,,,,,,,,,,,,,,,,EL_PE324A_1,32400439G01{MATERIAL_CODE},EL_PE324A_2,32400439G02{MATERIAL_CODE},,,,,,,,,,,,,,,,,,,,,,,,,,,,,,,,,,,,,,,,,,,,,,,,,,,,,,,,,,,EL_PE324A,,,
45,1304564,101711875,27,,EL_ATYP,?US?,EL_ACD2,?ASME?,EL_AOPEN,2SL,EL_ECHH,,EL_ECCH,,EL_ETHRU,N,EL_ASPSCD,?HD_?,,,,,,,,,,,,,,,,,,,,,,,,,,,EL_PE324A_1,32400491G01{MATERIAL_CODE},,,,,,,,,,,,,,,,,,,,,,,,,,,,,,,,,,,,,,,,,,,,,,,,,,,,,,,,,,,,,EL_PE324A,,,
45,1304564,101711876,28,,EL_ATYP,?US?,EL_ACD2,?ASME?,EL_AOPEN,2SR,EL_ECHH,,EL_ECCH,,EL_ETHRU,N,EL_ASPSCD,?HD_?,,,,,,,,,,,,,,,,,,,,,,,,,,,EL_PE324A_1,32400491G02{MATERIAL_CODE},,,,,,,,,,,,,,,,,,,,,,,,,,,,,,,,,,,,,,,,,,,,,,,,,,,,,,,,,,,,,EL_PE324A,,,
45,1304564,101711877,29,,,,,,,,,,,,,,,,,,,,,,,,,,,,,,,,,,,,,,,,,,,,,,,,,,,,,,,,,,,,,,,,,,,,,,,,,,,,,,,,,,STOP,,,,,,,,,,,,,,,,,,,,,,EL_PE324A,,,
45,1304564,101711878,30,NEX,,,,,,,,,,,,,,,,,,,,,,,,,,,,,,,,,,,,,,,,,,,,,,,,,,,,,,,,,,,,,,,,,,,,,,,,,,,,,,,,,,,,,,,,,,,,,,,,,,,,,,,EL_PE324A,,,
45,1304564,101711879,31,,EL_BMDL,",NEX_BB,NEX_GW",EL_AOPEN,1SCO,EL_BECM,SUSMIR_304,EL_ECHH,,EL_ECCH,,EL_DCFGAD,",N,TRANSOM_NOTOUCH",,,,,,,,,,,,,,,,,,,,,,,,,,,,,EL_PE324A_1,32400124G9300,,,,,,,,,,,,,,,,,,,,,,,,,,,,,,,,,,,,,,,STOP,,,,,,,,,,,,,,,,,,,,,,EL_PE324A,,,
45,1304564,101711880,32,,EL_BMDL,",NEOD,NEOD_A1",EL_AOPEN,1SCO,EL_BECM,SUSMIR_439,EL_ECHH,2100,EL_ECCH,2500,EL_BFTH,4,,,,,,,,,,,,,,,,,,,,,,,,,,,,,EL_PE324A_1,32400057G01SD,,,,,,,,,,,,,,,,,,,,,,,,,,,,,,,,,,,,,,,STOP,,,,,,,,,,,,,,,,,,,,,,EL_PE324A,,,
45,1304564,101711881,33,,EL_BMDL,",NEOD,NEOD_A1",EL_AOPEN,1SCO,EL_BECM,SUSMIR_439,EL_ECHH,2100,EL_ECCH,2500,EL_BFTH,17,,,,,,,,,,,,,,,,,,,,,,,,,,,,,EL_PE324A_1,32400057G02SD,,,,,,,,,,,,,,,,,,,,,,,,,,,,,,,,,,,,,,,STOP,,,,,,,,,,,,,,,,,,,,,,EL_PE324A,,,
45,1304564,101711882,34,,EL_BMDL,",NEOD,NEOD_A1",EL_AOPEN,1SCO,EL_BECM,SUSMIR_439,EL_ECHH,2100,EL_ECCH,2500,EL_BFTH,25,,,,,,,,,,,,,,,,,,,,,,,,,,,,,EL_PE324A_1,32400057G03SD,,,,,,,,,,,,,,,,,,,,,,,,,,,,,,,,,,,,,,,STOP,,,,,,,,,,,,,,,,,,,,,,EL_PE324A,,,
45,1304564,101711883,35,,EL_BMDL,",NEOD,NEOD_A1",EL_AOPEN,1SCO,EL_BECM,SUSMIR_439,EL_ECHH,,EL_ECCH,,EL_BFTH,,,,,,,,,,,,,,,,,,,,,,,,,,,,,,EL_PE324A_1,32400057G91SD,,,,,,,,,,,,,,,,,,,,,,,,,,,,,,,,,,,,,,,STOP,,,,,,,,,,,,,,,,,,,,,,EL_PE324A,,,
45,1304564,101711884,36,,,,,,,,,,,,,,,,,,,,,,,,,,,,,,,,,,,,,,,,,,,,,,,,,,,,,,,,,,,,,,,,,,,,,,,,,,,,,,,,,,STOP,,,,,,,,,,,,,,,,,,,,,,EL_PE324A,,,
45,1304564,101711885,37,,,,,,,,,,,,,,,,,,,,,,,,,,,,,,,,,,,,,,,,,,,,,,,,,,,,,,,,,,,,,,,,,,,,,,,,,,,,,,,,,,,,,,,,,,,,,,,,,,,,,,,,EL_PE324A,,,
45,1304564,101711886,38,NEX SIDE OPEN,,,,,,,,,,,,,,,,,,,,,,,,,,,,,,,,,,,,,,,,,,,,,,,,,,,,,,,,,,,,,,,,,,,,,,,,,,,,,,,,,,,,,,,,,,,,,,,,,,,,,,,EL_PE324A,,,
45,1304564,101711887,39,,EL_AOPEN,2SR,,,,,,,,,,,,,,,,,,,,,,,,,,,,,,,,,,,,,,,VAR_MATERIAL,{EL_BWM02},CALL,CALC_MATERIAL_CODE,,,,,,,,,,,,,,,,,,,,,,,,,,,,,,,,,,,,,,NEX 스탠다드 SIDE OPEN은 COLUMN 이 입력되지 않아 2SR일때 2번벽 재질,,,,,,,,,,,,,,,,,,,,,EL_PE324A,,,
45,1304564,101711888,40,,EL_AOPEN,2SL,,,,,,,,,,,,,,,,,,,,,,,,,,,,,,,,,,,,,,,VAR_MATERIAL,{EL_BWM10},CALL,CALC_MATERIAL_CODE,,,,,,,,,,,,,,,,,,,,,,,,,,,,,,,,,,,,,,NEX 스탠다드 SIDE OPEN은 COLUMN 이 입력되지 않아 2SL일때 10번벽 재질,,,,,,,,,,,,,,,,,,,,,EL_PE324A,,,
45,1304564,101711889,41,,EL_AOPEN,2SLR,NEX_TYPE,",NEX_ECO,NEX_PLUS",,,,,,,,,,,,,,,,,,,,,,,,,,,,,,,,,,,,,VAR_MATERIAL,{EL_BWM02},CALL,CALC_MATERIAL_CODE,,,,,,,,,,,,,,,,,,,,,,,,,,,,,,,,,,,,,,"NEX PLUS SIDE OPEN, 관통 은 COLUMN 이 입력되지 않아 2SLR일때 2번벽 재질",,,,,,,,,,,,,,,,,,,,,EL_PE324A,,,
45,1304564,101711890,42,,EL_BWALLT,?T19?,EL_AOPEN,2SR,EL_ECHH,2100,EL_ECCH,2500,EL_BFTH,,MATERIAL_T,1.2,,,,,,,,,,,,,,,,,,,,,,,,,,,,,EL_PE324A_1,32400136G01{MATERIAL_CODE},,,,,,,,,,,,,,,,,,,,,,,,,,,,,,,,,,,,,,,STOP,,,,,,,,,,,,,,,,,,,,,,EL_PE324A,,,
45,1304564,101711891,43,,EL_BWALLT,?T19?,EL_AOPEN,2SL,EL_ECHH,2100,EL_ECCH,2500,EL_BFTH,,MATERIAL_T,1.2,,,,,,,,,,,,,,,,,,,,,,,,,,,,,EL_PE324A_1,32400136G02{MATERIAL_CODE},,,,,,,,,,,,,,,,,,,,,,,,,,,,,,,,,,,,,,,STOP,,,,,,,,,,,,,,,,,,,,,,EL_PE324A,,,
45,1304564,101711892,44,,EL_BWALLT,?T19?,EL_AOPEN,2SR,EL_ECHH,,EL_ECCH,,EL_BFTH,,MATERIAL_T,1.2,,,,,,,,,,,,,,,,,,,,,,,,,,,,,EL_PE324A_1,32400136G91{MATERIAL_CODE},,,,,,,,,,,,,,,,,,,,,,,,,,,,,,,,,,,,,,,STOP,,,,,,,,,,,,,,,,,,,,,,EL_PE324A,,,
45,1304564,101711893,45,,EL_BWALLT,?T19?,EL_AOPEN,2SL,EL_ECHH,,EL_ECCH,,EL_BFTH,,MATERIAL_T,1.2,,,,,,,,,,,,,,,,,,,,,,,,,,,,,EL_PE324A_1,32400136G92{MATERIAL_CODE},,,,,,,,,,,,,,,,,,,,,,,,,,,,,,,,,,,,,,,STOP,,,,,,,,,,,,,,,,,,,,,,EL_PE324A,,,
45,1304564,101711894,46,,,,,,,,,,,,,,,,,,,,,,,,,,,,,,,,,,,,,,,,,,,,,,,,,,,,,,,,,,,,,,,,,,,,,,,,,,,,,,,,,,,,,,,,,,,,,,,,,,,,,,,,EL_PE324A,,,
45,1304564,101711895,47,,EL_BWALLT,?T19?,EL_AOPEN,2SR,EL_ECHH,2100,EL_ECCH,2500,EL_BFTH,,MATERIAL_T,",1.5,1.6",,,,,,,,,,,,,,,,,,,,,,,,,,,,,EL_PE324A_1,32400143G01{MATERIAL_CODE},,,,,,,,,,,,,,,,,,,,,,,,,,,,,,,,,,,,,,,STOP,,,,,,,,,,,,,,,,,,,,,,EL_PE324A,,,
45,1304564,101711896,48,,EL_BWALLT,?T19?,EL_AOPEN,2SL,EL_ECHH,2100,EL_ECCH,2500,EL_BFTH,,MATERIAL_T,",1.5,1.6",,,,,,,,,,,,,,,,,,,,,,,,,,,,,EL_PE324A_1,32400143G02{MATERIAL_CODE},,,,,,,,,,,,,,,,,,,,,,,,,,,,,,,,,,,,,,,STOP,,,,,,,,,,,,,,,,,,,,,,EL_PE324A,,,
45,1304564,101711897,49,,EL_BWALLT,?T19?,EL_AOPEN,2SR,EL_ECHH,,EL_ECCH,,EL_BFTH,,MATERIAL_T,",1.5,1.6",,,,,,,,,,,,,,,,,,,,,,,,,,,,,EL_PE324A_1,32400143G91{MATERIAL_CODE},,,,,,,,,,,,,,,,,,,,,,,,,,,,,,,,,,,,,,,STOP,,,,,,,,,,,,,,,,,,,,,,EL_PE324A,,,
45,1304564,101711898,50,,EL_BWALLT,?T19?,EL_AOPEN,2SL,EL_ECHH,,EL_ECCH,,EL_BFTH,,MATERIAL_T,",1.5,1.6",,,,,,,,,,,,,,,,,,,,,,,,,,,,,EL_PE324A_1,32400143G92{MATERIAL_CODE},,,,,,,,,,,,,,,,,,,,,,,,,,,,,,,,,,,,,,,STOP,,,,,,,,,,,,,,,,,,,,,,EL_PE324A,,,
45,1304564,101711899,51,,,,,,,,,,,,,,,,,,,,,,,,,,,,,,,,,,,,,,,,,,,,,,,,,,,,,,,,,,,,,,,,,,,,,,,,,,,,,,,,,,,,,,,,,,,,,,,,,,,,,,,,EL_PE324A,,,
45,1304564,101711900,52,,EL_BWALLT,?T19?,EL_AOPEN,2SLR,EL_ECHH,2100,EL_ECCH,2500,EL_BFTH,,MATERIAL_T,1.2,,,,,,,,,,,,,,,,,,,,,,,,,,,,,EL_PE324A_1,32400136G01{MATERIAL_CODE},EL_PE324A_2,32400136G02{MATERIAL_CODE},,,,,,,,,,,,,,,,,,,,,,,,,,,,,,,,,,,,,STOP,,,,,,,,,,,,,,,,,,,,,,EL_PE324A,,,
45,1304564,101711901,53,,EL_BWALLT,?T19?,EL_AOPEN,2SLR,EL_ECHH,,,,EL_BFTH,,MATERIAL_T,1.2,,,,,,,,,,,,,,,,,,,,,,,,,,,,,EL_PE324A_1,32400136G91{MATERIAL_CODE},EL_PE324A_2,32400136G92{MATERIAL_CODE},,,,,,,,,,,,,,,,,,,,,,,,,,,,,,,,,,,,,STOP,,,,,,,,,,,,,,,,,,,,,,EL_PE324A,,,
45,1304564,101711902,54,,EL_BWALLT,?T19?,EL_AOPEN,2SLR,EL_ECHH,2100,EL_ECCH,2500,EL_BFTH,,MATERIAL_T,",1.5,1.6",,,,,,,,,,,,,,,,,,,,,,,,,,,,,EL_PE324A_1,32400143G01{MATERIAL_CODE},EL_PE324A_2,32400143G02{MATERIAL_CODE},,,,,,,,,,,,,,,,,,,,,,,,,,,,,,,,,,,,,STOP,,,,,,,,,,,,,,,,,,,,,,EL_PE324A,,,
45,1304564,101711903,55,,EL_BWALLT,?T19?,EL_AOPEN,2SLR,EL_ECHH,,,,EL_BFTH,,MATERIAL_T,",1.5,1.6",,,,,,,,,,,,,,,,,,,,,,,,,,,,,EL_PE324A_1,32400143G91{MATERIAL_CODE},EL_PE324A_2,32400143G92{MATERIAL_CODE},,,,,,,,,,,,,,,,,,,,,,,,,,,,,,,,,,,,,STOP,,,,,,,,,,,,,,,,,,,,,,EL_PE324A,,,
45,1304564,101711904,56,,,,,,,,,,,,,,,,,,,,,,,,,,,,,,,,,,,,,,,,,,,,,,,,,,,,,,,,,,,,,,,,,,,,,,,,,,,,,,,,,,STOP,,,,,,,,,,,,,,,,,,,,,,EL_PE324A,,,
45,1304564,101711905,57,,,,,,,,,,,,,,,,,,,,,,,,,,,,,,,,,,,,,,,,,,,,,,,,,,,,,,,,,,,,,,,,,,,,,,,,,,,,,,,,,,,,,,,,,,,,,,,,,,,,,,,,EL_PE324A,,,
45,1304564,101711906,58,NEO_MRL,,,,,,,,,,,,,,,,,,,,,,,,,,,,,,,,,,,,,,,,,,,,,,,,,,,,,,,,,,,,,,,,,,,,,,,,,,,,,,,,,,,,,,,,,,,,,,,,,,,,,,,EL_PE324A,,,
45,1304564,101711907,59,,EL_BMDL,?NEO?,EL_AOPEN,1SCO,EL_BECM,SUSMIR_439,EL_ECHH,2100,EL_ECCH,2500,EL_BFTH,4,,,,,,,,,,,,,,,,,,,,,,,,,,,,,EL_PE324A_1,32400057G01SD,,,,,,,,,,,,,,,,,,,,,,,,,,,,,,,,,,,,,,,STOP,,,,,,,,,,,,,,,,,,,,,,EL_PE324A,,,
45,1304564,101711908,60,,EL_BMDL,?NEO?,EL_AOPEN,1SCO,EL_BECM,SUSMIR_439,EL_ECHH,2100,EL_ECCH,2500,EL_BFTH,17,,,,,,,,,,,,,,,,,,,,,,,,,,,,,EL_PE324A_1,32400057G02SD,,,,,,,,,,,,,,,,,,,,,,,,,,,,,,,,,,,,,,,STOP,,,,,,,,,,,,,,,,,,,,,,EL_PE324A,,,
45,1304564,101711909,61,,EL_BMDL,?NEO?,EL_AOPEN,1SCO,EL_BECM,SUSMIR_439,EL_ECHH,2100,EL_ECCH,2500,EL_BFTH,25,,,,,,,,,,,,,,,,,,,,,,,,,,,,,EL_PE324A_1,32400057G03SD,,,,,,,,,,,,,,,,,,,,,,,,,,,,,,,,,,,,,,,STOP,,,,,,,,,,,,,,,,,,,,,,EL_PE324A,,,
45,1304564,101711910,62,,EL_BMDL,?NEO?,EL_AOPEN,1SCO,EL_BECM,SUSMIR_439,EL_ECHH,,EL_ECCH,,EL_BFTH,,,,,,,,,,,,,,,,,,,,,,,,,,,,,,EL_PE324A_1,32400057G91SD,,,,,,,,,,,,,,,,,,,,,,,,,,,,,,,,,,,,,,,STOP,,,,,,,,,,,,,,,,,,,,,,EL_PE324A,,,
45,1304564,101711911,63,,,,,,,,,,,,,,,,,,,,,,,,,,,,,,,,,,,,,,,,,,,,,,,,,,,,,,,,,,,,,,,,,,,,,,,,,,,,,,,,,,STOP,,,,,,,,,,,,,,,,,,,,,,EL_PE324A,,,
45,1304564,101711912,64,CO,,,,,,,,,,,,,,,,,,,,,,,,,,,,,,,,,,,,,,,,,,,,,,,,,,,,,,,,,,,,,,,,,,,,,,,,,,,,,,,,,,,,,,,,,,,,,,,,,,,,,,,EL_PE324A,,,
45,1304564,101711913,65,,EL_BWALLT,?T19?,EL_AOPEN,?CO?,EL_ECCH,2500,EL_ECHH,2100,MATERIAL_T,1.2,EL_BFTH,4,,,,,,,,,,,,,,,,,,,,,,,,,,,,,EL_PE324A_1,32400090G01{MATERIAL_CODE},,,,,,,,,,,,,,,,,,,,,,,,,,,,,,,,,,,,,,,STOP,,,,,,,,,,,,,,,,,,,,,,EL_PE324A,,,
45,1304564,101711914,66,,EL_BWALLT,?T19?,EL_AOPEN,?CO?,EL_ECCH,,EL_ECHH,,MATERIAL_T,1.2,EL_BFTH,,,,,,,,,,,,,,,,,,,,,,,,,,,,,,EL_PE324A_1,32400090G02{MATERIAL_CODE},,,,,,,,,,,,,,,,,,,,,,,,,,,,,,,,,,,,,,,STOP,,,,,,,,,,,,,,,,,,,,,,EL_PE324A,,,
45,1304564,101711915,67,,EL_BWALLT,T30_SD1,EL_AOPEN,?CO?,EL_ECCH,2500,EL_ECHH,2100,MATERIAL_T,1.2,EL_BFTH,4,,,,,,,,,,,,,,,,,,,,,,,,,,,,,EL_PE324A_1,32400090G06{MATERIAL_CODE},,,,,,,,,,,,,,,,,,,,,,,,,,,,,,,,,,,,,,,STOP,,,,,,,,,,,,,,,,,,,,,,EL_PE324A,,,
45,1304564,101711916,68,,EL_BWALLT,T30_SD1,EL_AOPEN,?CO?,EL_ECCH,,EL_ECHH,,MATERIAL_T,1.2,EL_BFTH,,,,,,,,,,,,,,,,,,,,,,,,,,,,,,EL_PE324A_1,32400090G07{MATERIAL_CODE},,,,,,,,,,,,,,,,,,,,,,,,,,,,,,,,,,,,,,,STOP,,,,,,,,,,,,,,,,,,,,,,EL_PE324A,,,
45,1304564,101711917,69,,,,,,,,,,,,,,,,,,,,,,,,,,,,,,,,,,,,,,,,,,,,,,,,,,,,,,,,,,,,,,,,,,,,,,,,,,,,,,,,,,,,,,,,,,,,,,,,,,,,,,,,EL_PE324A,,,
45,1304564,101711918,70,,EL_BWALLT,?T19?,EL_AOPEN,?CO?,EL_ECCH,2500,EL_ECHH,2100,MATERIAL_T,1.5,EL_BFTH,4,,,,,,,,,,,,,,,,,,,,,,,,,,,,,EL_PE324A_1,32400091G01{MATERIAL_CODE},,,,,,,,,,,,,,,,,,,,,,,,,,,,,,,,,,,,,,,STOP,,,,,,,,,,,,,,,,,,,,,,EL_PE324A,,,
45,1304564,101711919,71,,EL_BWALLT,?T19?,EL_AOPEN,?CO?,EL_ECCH,,EL_ECHH,,MATERIAL_T,1.5,EL_BFTH,,,,,,,,,,,,,,,,,,,,,,,,,,,,,,EL_PE324A_1,32400091G91{MATERIAL_CODE},,,,,,,,,,,,,,,,,,,,,,,,,,,,,,,,,,,,,,,STOP,,,,,,,,,,,,,,,,,,,,,,EL_PE324A,,,
45,1304564,101711920,72,,EL_BWALLT,T30_SD1,EL_AOPEN,?CO?,EL_ECCH,2500,EL_ECHH,2100,MATERIAL_T,1.5,EL_BFTH,4,,,,,,,,,,,,,,,,,,,,,,,,,,,,,EL_PE324A_1,32400091G02{MATERIAL_CODE},,,,,,,,,,,,,,,,,,,,,,,,,,,,,,,,,,,,,,,STOP,,,,,,,,,,,,,,,,,,,,,,EL_PE324A,,,
45,1304564,101711921,73,,EL_BWALLT,T30_SD1,EL_AOPEN,?CO?,EL_ECCH,,EL_ECHH,,MATERIAL_T,1.5,EL_BFTH,,,,,,,,,,,,,,,,,,,,,,,,,,,,,,EL_PE324A_1,32400091G92{MATERIAL_CODE},,,,,,,,,,,,,,,,,,,,,,,,,,,,,,,,,,,,,,,STOP,,,,,,,,,,,,,,,,,,,,,,EL_PE324A,,,
45,1304564,101711922,74,,,,,,,,,,,,,,,,,,,,,,,,,,,,,,,,,,,,,,,,,,,,,,,,,,,,,,,,,,,,,,,,,,,,,,,,,,,,,,,,,,,,,,,,,,,,,,,,,,,,,,,,EL_PE324A,,,
45,1304564,101711923,75,,EL_BWALLT,?T19?,EL_AOPEN,?CO?,EL_ECCH,,EL_ECHH,,MATERIAL_T,1.6,EL_BFTH,,,,,,,,,,,,,,,,,,,,,,,,,,,,,,EL_PE324A_1,32400092G01{MATERIAL_CODE},,,,,,,,,,,,,,,,,,,,,,,,,,,,,,,,,,,,,,,STOP,,,,,,,,,,,,,,,,,,,,,,EL_PE324A,,,
45,1304564,101711924,76,,EL_BWALLT,T30_SD1,EL_AOPEN,?CO?,EL_ECCH,,EL_ECHH,,MATERIAL_T,1.6,EL_BFTH,,,,,,,,,,,,,,,,,,,,,,,,,,,,,,EL_PE324A_1,32400092G02{MATERIAL_CODE},,,,,,,,,,,,,,,,,,,,,,,,,,,,,,,,,,,,,,,STOP,,,,,,,,,,,,,,,,,,,,,,EL_PE324A,,,
45,1304564,101711925,77,,,,,,,,,,,,,,,,,,,,,,,,,,,,,,,,,,,,,,,,,,,,,,,,,,,,,,,,,,,,,,,,,,,,,,,,,,,,,,,,,,STOP,,,,,,,,,,,,,,,,,,,,,,EL_PE324A,,,
45,1304564,101711926,78,,,,,,,,,,,,,,,,,,,,,,,,,,,,,,,,,,,,,,,,,,,,,,,,,,,,,,,,,,,,,,,,,,,,,,,,,,,,,,,,,,,,,,,,,,,,,,,,,,,,,,,,EL_PE324A,,,
45,1304564,101711927,79,2SR,EL_BWALLT,?T19?,EL_AOPEN,2SR,EL_ECHH,2100,EL_ECCH,2500,EL_BFTH,4,MATERIAL_T,1.2,,,,,,,,,,,,,,,,,,,,,,,,,,,,,EL_PE324A_1,32400111G01{MATERIAL_CODE},,,,,,,,,,,,,,,,,,,,,,,,,,,,,,,,,,,,,,,STOP,RIGHT SIDE OPEN,,,,,,,,,,,,,,,,,,,,,EL_PE324A,,,
45,1304564,101711928,80,,EL_BWALLT,?T19?,EL_AOPEN,2SR,EL_ECHH,2100,EL_ECCH,,EL_BFTH,,MATERIAL_T,1.2,,,,,,,,,,,,,,,,,,,,,,,,,,,,,EL_PE324A_1,32400111G03{MATERIAL_CODE},,,,,,,,,,,,,,,,,,,,,,,,,,,,,,,,,,,,,,,STOP,,,,,,,,,,,,,,,,,,,,,,EL_PE324A,,,
45,1304564,101711929,81,,EL_BWALLT,?T19?,EL_AOPEN,2SR,EL_ECHH,,EL_ECCH,,EL_BFTH,,MATERIAL_T,1.2,,,,,,,,,,,,,,,,,,,,,,,,,,,,,EL_PE324A_1,32400111G05{MATERIAL_CODE},,,,,,,,,,,,,,,,,,,,,,,,,,,,,,,,,,,,,,,STOP,,,,,,,,,,,,,,,,,,,,,,EL_PE324A,,,
45,1304564,101711930,82,,EL_BWALLT,T30_SD1,EL_AOPEN,2SR,EL_ECHH,2100,EL_ECCH,2500,EL_BFTH,4,MATERIAL_T,1.2,,,,,,,,,,,,,,,,,,,,,,,,,,,,,EL_PE324A_1,32400111G02{MATERIAL_CODE},,,,,,,,,,,,,,,,,,,,,,,,,,,,,,,,,,,,,,,STOP,,,,,,,,,,,,,,,,,,,,,,EL_PE324A,,,
45,1304564,101711931,83,,EL_BWALLT,T30_SD1,EL_AOPEN,2SR,EL_ECHH,2100,EL_ECCH,,EL_BFTH,,MATERIAL_T,1.2,,,,,,,,,,,,,,,,,,,,,,,,,,,,,EL_PE324A_1,32400111G04{MATERIAL_CODE},,,,,,,,,,,,,,,,,,,,,,,,,,,,,,,,,,,,,,,STOP,,,,,,,,,,,,,,,,,,,,,,EL_PE324A,,,
45,1304564,101711932,84,,EL_BWALLT,T30_SD1,EL_AOPEN,2SR,EL_ECHH,,EL_ECCH,,EL_BFTH,,MATERIAL_T,1.2,,,,,,,,,,,,,,,,,,,,,,,,,,,,,EL_PE324A_1,32400111G06{MATERIAL_CODE},,,,,,,,,,,,,,,,,,,,,,,,,,,,,,,,,,,,,,,STOP,,,,,,,,,,,,,,,,,,,,,,EL_PE324A,,,
45,1304564,101711933,85,,,,,,,,,,,,,,,,,,,,,,,,,,,,,,,,,,,,,,,,,,,,,,,,,,,,,,,,,,,,,,,,,,,,,,,,,,,,,,,,,,,,,,,,,,,,,,,,,,,,,,,,EL_PE324A,,,
45,1304564,101711934,86,,EL_BWALLT,?T19?,EL_AOPEN,2SR,EL_ECHH,2100,EL_ECCH,2500,EL_BFTH,4,MATERIAL_T,1.5,,,,,,,,,,,,,,,,,,,,,,,,,,,,,EL_PE324A_1,32400112G01{MATERIAL_CODE},,,,,,,,,,,,,,,,,,,,,,,,,,,,,,,,,,,,,,,STOP,,,,,,,,,,,,,,,,,,,,,,EL_PE324A,,,
45,1304564,101711935,87,,EL_BWALLT,?T19?,EL_AOPEN,2SR,EL_ECHH,2100,EL_ECCH,,EL_BFTH,,MATERIAL_T,1.5,,,,,,,,,,,,,,,,,,,,,,,,,,,,,EL_PE324A_1,32400112G03{MATERIAL_CODE},,,,,,,,,,,,,,,,,,,,,,,,,,,,,,,,,,,,,,,STOP,,,,,,,,,,,,,,,,,,,,,,EL_PE324A,,,
45,1304564,101711936,88,,EL_BWALLT,?T19?,EL_AOPEN,2SR,EL_ECHH,,EL_ECCH,,EL_BFTH,,MATERIAL_T,1.5,,,,,,,,,,,,,,,,,,,,,,,,,,,,,EL_PE324A_1,32400112G05{MATERIAL_CODE},,,,,,,,,,,,,,,,,,,,,,,,,,,,,,,,,,,,,,,STOP,,,,,,,,,,,,,,,,,,,,,,EL_PE324A,,,
45,1304564,101711937,89,,EL_BWALLT,T30_SD1,EL_AOPEN,2SR,EL_ECHH,2100,EL_ECCH,2500,EL_BFTH,4,MATERIAL_T,1.5,,,,,,,,,,,,,,,,,,,,,,,,,,,,,EL_PE324A_1,32400112G02{MATERIAL_CODE},,,,,,,,,,,,,,,,,,,,,,,,,,,,,,,,,,,,,,,STOP,,,,,,,,,,,,,,,,,,,,,,EL_PE324A,,,
45,1304564,101711938,90,,EL_BWALLT,T30_SD1,EL_AOPEN,2SR,EL_ECHH,2100,EL_ECCH,,EL_BFTH,,MATERIAL_T,1.5,,,,,,,,,,,,,,,,,,,,,,,,,,,,,EL_PE324A_1,32400112G04{MATERIAL_CODE},,,,,,,,,,,,,,,,,,,,,,,,,,,,,,,,,,,,,,,STOP,,,,,,,,,,,,,,,,,,,,,,EL_PE324A,,,
45,1304564,101711939,91,,EL_BWALLT,T30_SD1,EL_AOPEN,2SR,EL_ECHH,,EL_ECCH,,EL_BFTH,,MATERIAL_T,1.5,,,,,,,,,,,,,,,,,,,,,,,,,,,,,EL_PE324A_1,32400112G06{MATERIAL_CODE},,,,,,,,,,,,,,,,,,,,,,,,,,,,,,,,,,,,,,,STOP,,,,,,,,,,,,,,,,,,,,,,EL_PE324A,,,
45,1304564,101711940,92,,,,,,,,,,,,,,,,,,,,,,,,,,,,,,,,,,,,,,,,,,,,,,,,,,,,,,,,,,,,,,,,,,,,,,,,,,,,,,,,,,,,,,,,,,,,,,,,,,,,,,,,EL_PE324A,,,
45,1304564,101711941,93,,EL_BWALLT,?T19?,EL_AOPEN,2SR,EL_ECHH,2100,EL_ECCH,2500,EL_BFTH,4,MATERIAL_T,1.6,,,,,,,,,,,,,,,,,,,,,,,,,,,,,EL_PE324A_1,32400113G01{MATERIAL_CODE},,,,,,,,,,,,,,,,,,,,,,,,,,,,,,,,,,,,,,,STOP,,,,,,,,,,,,,,,,,,,,,,EL_PE324A,,,
45,1304564,101711942,94,,EL_BWALLT,?T19?,EL_AOPEN,2SR,EL_ECHH,2100,EL_ECCH,,EL_BFTH,,MATERIAL_T,1.6,,,,,,,,,,,,,,,,,,,,,,,,,,,,,EL_PE324A_1,32400113G03{MATERIAL_CODE},,,,,,,,,,,,,,,,,,,,,,,,,,,,,,,,,,,,,,,STOP,,,,,,,,,,,,,,,,,,,,,,EL_PE324A,,,
45,1304564,101711943,95,,EL_BWALLT,?T19?,EL_AOPEN,2SR,EL_ECHH,,EL_ECCH,,EL_BFTH,,MATERIAL_T,1.6,,,,,,,,,,,,,,,,,,,,,,,,,,,,,EL_PE324A_1,32400113G05{MATERIAL_CODE},,,,,,,,,,,,,,,,,,,,,,,,,,,,,,,,,,,,,,,STOP,,,,,,,,,,,,,,,,,,,,,,EL_PE324A,,,
45,1304564,101711944,96,,EL_BWALLT,T30_SD1,EL_AOPEN,2SR,EL_ECHH,2100,EL_ECCH,2500,EL_BFTH,4,MATERIAL_T,1.6,,,,,,,,,,,,,,,,,,,,,,,,,,,,,EL_PE324A_1,32400113G02{MATERIAL_CODE},,,,,,,,,,,,,,,,,,,,,,,,,,,,,,,,,,,,,,,STOP,,,,,,,,,,,,,,,,,,,,,,EL_PE324A,,,
45,1304564,101711945,97,,EL_BWALLT,T30_SD1,EL_AOPEN,2SR,EL_ECHH,2100,EL_ECCH,,EL_BFTH,,MATERIAL_T,1.6,,,,,,,,,,,,,,,,,,,,,,,,,,,,,EL_PE324A_1,32400113G04{MATERIAL_CODE},,,,,,,,,,,,,,,,,,,,,,,,,,,,,,,,,,,,,,,STOP,,,,,,,,,,,,,,,,,,,,,,EL_PE324A,,,
45,1304564,101711946,98,,EL_BWALLT,T30_SD1,EL_AOPEN,2SR,EL_ECHH,,EL_ECCH,,EL_BFTH,,MATERIAL_T,1.6,,,,,,,,,,,,,,,,,,,,,,,,,,,,,EL_PE324A_1,32400113G06{MATERIAL_CODE},,,,,,,,,,,,,,,,,,,,,,,,,,,,,,,,,,,,,,,STOP,,,,,,,,,,,,,,,,,,,,,,EL_PE324A,,,
45,1304564,101711947,99,,,,,,,,,,,,,,,,,,,,,,,,,,,,,,,,,,,,,,,,,,,,,,,,,,,,,,,,,,,,,,,,,,,,,,,,,,,,,,,,,,STOP,,,,,,,,,,,,,,,,,,,,,,EL_PE324A,,,
45,1304564,101711948,100,,,,,,,,,,,,,,,,,,,,,,,,,,,,,,,,,,,,,,,,,,,,,,,,,,,,,,,,,,,,,,,,,,,,,,,,,,,,,,,,,,,,,,,,,,,,,,,,,,,,,,,,EL_PE324A,,,
45,1304564,101711949,101,2SL,EL_BWALLT,?T19?,EL_AOPEN,2SL,EL_ECHH,2100,EL_ECCH,2500,EL_BFTH,4,MATERIAL_T,1.2,,,,,,,,,,,,,,,,,,,,,,,,,,,,,EL_PE324A_1,32400111G07{MATERIAL_CODE},,,,,,,,,,,,,,,,,,,,,,,,,,,,,,,,,,,,,,,STOP,LEFT SIDE OPEN,,,,,,,,,,,,,,,,,,,,,EL_PE324A,,,
45,1304564,101711950,102,,EL_BWALLT,?T19?,EL_AOPEN,2SL,EL_ECHH,2100,EL_ECCH,,EL_BFTH,,MATERIAL_T,1.2,,,,,,,,,,,,,,,,,,,,,,,,,,,,,EL_PE324A_1,32400111G09{MATERIAL_CODE},,,,,,,,,,,,,,,,,,,,,,,,,,,,,,,,,,,,,,,STOP,,,,,,,,,,,,,,,,,,,,,,EL_PE324A,,,
45,1304564,101711951,103,,EL_BWALLT,?T19?,EL_AOPEN,2SL,EL_ECHH,,EL_ECCH,,EL_BFTH,,MATERIAL_T,1.2,,,,,,,,,,,,,,,,,,,,,,,,,,,,,EL_PE324A_1,32400111G11{MATERIAL_CODE},,,,,,,,,,,,,,,,,,,,,,,,,,,,,,,,,,,,,,,STOP,,,,,,,,,,,,,,,,,,,,,,EL_PE324A,,,
45,1304564,101711952,104,,EL_BWALLT,T30_SD1,EL_AOPEN,2SL,EL_ECHH,2100,EL_ECCH,2500,EL_BFTH,4,MATERIAL_T,1.2,,,,,,,,,,,,,,,,,,,,,,,,,,,,,EL_PE324A_1,32400111G08{MATERIAL_CODE},,,,,,,,,,,,,,,,,,,,,,,,,,,,,,,,,,,,,,,STOP,,,,,,,,,,,,,,,,,,,,,,EL_PE324A,,,
45,1304564,101711953,105,,EL_BWALLT,T30_SD1,EL_AOPEN,2SL,EL_ECHH,2100,EL_ECCH,,EL_BFTH,,MATERIAL_T,1.2,,,,,,,,,,,,,,,,,,,,,,,,,,,,,EL_PE324A_1,32400111G10{MATERIAL_CODE},,,,,,,,,,,,,,,,,,,,,,,,,,,,,,,,,,,,,,,STOP,,,,,,,,,,,,,,,,,,,,,,EL_PE324A,,,
45,1304564,101711954,106,,EL_BWALLT,T30_SD1,EL_AOPEN,2SL,EL_ECHH,,EL_ECCH,,EL_BFTH,,MATERIAL_T,1.2,,,,,,,,,,,,,,,,,,,,,,,,,,,,,EL_PE324A_1,32400111G12{MATERIAL_CODE},,,,,,,,,,,,,,,,,,,,,,,,,,,,,,,,,,,,,,,STOP,,,,,,,,,,,,,,,,,,,,,,EL_PE324A,,,
45,1304564,101711955,107,,,,,,,,,,,,,,,,,,,,,,,,,,,,,,,,,,,,,,,,,,,,,,,,,,,,,,,,,,,,,,,,,,,,,,,,,,,,,,,,,,,,,,,,,,,,,,,,,,,,,,,,EL_PE324A,,,
45,1304564,101711956,108,,EL_BWALLT,?T19?,EL_AOPEN,2SL,EL_ECHH,2100,EL_ECCH,2500,EL_BFTH,4,MATERIAL_T,1.5,,,,,,,,,,,,,,,,,,,,,,,,,,,,,EL_PE324A_1,32400112G07{MATERIAL_CODE},,,,,,,,,,,,,,,,,,,,,,,,,,,,,,,,,,,,,,,STOP,,,,,,,,,,,,,,,,,,,,,,EL_PE324A,,,
45,1304564,101711957,109,,EL_BWALLT,?T19?,EL_AOPEN,2SL,EL_ECHH,2100,EL_ECCH,,EL_BFTH,,MATERIAL_T,1.5,,,,,,,,,,,,,,,,,,,,,,,,,,,,,EL_PE324A_1,32400112G09{MATERIAL_CODE},,,,,,,,,,,,,,,,,,,,,,,,,,,,,,,,,,,,,,,STOP,,,,,,,,,,,,,,,,,,,,,,EL_PE324A,,,
45,1304564,101711958,110,,EL_BWALLT,?T19?,EL_AOPEN,2SL,EL_ECHH,,EL_ECCH,,EL_BFTH,,MATERIAL_T,1.5,,,,,,,,,,,,,,,,,,,,,,,,,,,,,EL_PE324A_1,32400112G11{MATERIAL_CODE},,,,,,,,,,,,,,,,,,,,,,,,,,,,,,,,,,,,,,,STOP,,,,,,,,,,,,,,,,,,,,,,EL_PE324A,,,
45,1304564,101711959,111,,EL_BWALLT,T30_SD1,EL_AOPEN,2SL,EL_ECHH,2100,EL_ECCH,2500,EL_BFTH,4,MATERIAL_T,1.5,,,,,,,,,,,,,,,,,,,,,,,,,,,,,EL_PE324A_1,32400112G08{MATERIAL_CODE},,,,,,,,,,,,,,,,,,,,,,,,,,,,,,,,,,,,,,,STOP,,,,,,,,,,,,,,,,,,,,,,EL_PE324A,,,
45,1304564,101711960,112,,EL_BWALLT,T30_SD1,EL_AOPEN,2SL,EL_ECHH,2100,EL_ECCH,,EL_BFTH,,MATERIAL_T,1.5,,,,,,,,,,,,,,,,,,,,,,,,,,,,,EL_PE324A_1,32400112G10{MATERIAL_CODE},,,,,,,,,,,,,,,,,,,,,,,,,,,,,,,,,,,,,,,STOP,,,,,,,,,,,,,,,,,,,,,,EL_PE324A,,,
45,1304564,101711961,113,,EL_BWALLT,T30_SD1,EL_AOPEN,2SL,EL_ECHH,,EL_ECCH,,EL_BFTH,,MATERIAL_T,1.5,,,,,,,,,,,,,,,,,,,,,,,,,,,,,EL_PE324A_1,32400112G12{MATERIAL_CODE},,,,,,,,,,,,,,,,,,,,,,,,,,,,,,,,,,,,,,,STOP,,,,,,,,,,,,,,,,,,,,,,EL_PE324A,,,
45,1304564,101711962,114,,,,,,,,,,,,,,,,,,,,,,,,,,,,,,,,,,,,,,,,,,,,,,,,,,,,,,,,,,,,,,,,,,,,,,,,,,,,,,,,,,,,,,,,,,,,,,,,,,,,,,,,EL_PE324A,,,
45,1304564,101711963,115,,EL_BWALLT,?T19?,EL_AOPEN,2SL,EL_ECHH,2100,EL_ECCH,2500,EL_BFTH,4,MATERIAL_T,1.6,,,,,,,,,,,,,,,,,,,,,,,,,,,,,EL_PE324A_1,32400113G07{MATERIAL_CODE},,,,,,,,,,,,,,,,,,,,,,,,,,,,,,,,,,,,,,,STOP,,,,,,,,,,,,,,,,,,,,,,EL_PE324A,,,
45,1304564,101711964,116,,EL_BWALLT,?T19?,EL_AOPEN,2SL,EL_ECHH,2100,EL_ECCH,,EL_BFTH,,MATERIAL_T,1.6,,,,,,,,,,,,,,,,,,,,,,,,,,,,,EL_PE324A_1,32400113G09{MATERIAL_CODE},,,,,,,,,,,,,,,,,,,,,,,,,,,,,,,,,,,,,,,STOP,,,,,,,,,,,,,,,,,,,,,,EL_PE324A,,,
45,1304564,101711965,117,,EL_BWALLT,?T19?,EL_AOPEN,2SL,EL_ECHH,,EL_ECCH,,EL_BFTH,,MATERIAL_T,1.6,,,,,,,,,,,,,,,,,,,,,,,,,,,,,EL_PE324A_1,32400113G11{MATERIAL_CODE},,,,,,,,,,,,,,,,,,,,,,,,,,,,,,,,,,,,,,,STOP,,,,,,,,,,,,,,,,,,,,,,EL_PE324A,,,
45,1304564,101711966,118,,EL_BWALLT,T30_SD1,EL_AOPEN,2SL,EL_ECHH,2100,EL_ECCH,2500,EL_BFTH,4,MATERIAL_T,1.6,,,,,,,,,,,,,,,,,,,,,,,,,,,,,EL_PE324A_1,32400113G08{MATERIAL_CODE},,,,,,,,,,,,,,,,,,,,,,,,,,,,,,,,,,,,,,,STOP,,,,,,,,,,,,,,,,,,,,,,EL_PE324A,,,
45,1304564,101711967,119,,EL_BWALLT,T30_SD1,EL_AOPEN,2SL,EL_ECHH,2100,EL_ECCH,,EL_BFTH,,MATERIAL_T,1.6,,,,,,,,,,,,,,,,,,,,,,,,,,,,,EL_PE324A_1,32400113G10{MATERIAL_CODE},,,,,,,,,,,,,,,,,,,,,,,,,,,,,,,,,,,,,,,STOP,,,,,,,,,,,,,,,,,,,,,,EL_PE324A,,,
45,1304564,101711968,120,,EL_BWALLT,T30_SD1,EL_AOPEN,2SL,EL_ECHH,,EL_ECCH,,EL_BFTH,,MATERIAL_T,1.6,,,,,,,,,,,,,,,,,,,,,,,,,,,,,EL_PE324A_1,32400113G12{MATERIAL_CODE},,,,,,,,,,,,,,,,,,,,,,,,,,,,,,,,,,,,,,,STOP,,,,,,,,,,,,,,,,,,,,,,EL_PE324A,,,
45,1304564,101711969,121,,,,,,,,,,,,,,,,,,,,,,,,,,,,,,,,,,,,,,,,,,,,,,,,,,,,,,,,,,,,,,,,,,,,,,,,,,,,,,,,,,STOP,,,,,,,,,,,,,,,,,,,,,,EL_PE324A,,,
45,1304564,101711970,122,,,,,,,,,,,,,,,,,,,,,,,,,,,,,,,,,,,,,,,,,,,,,,,,,,,,,,,,,,,,,,,,,,,,,,,,,,,,,,,,,,,,,,,,,,,,,,,,,,,,,,,,EL_PE324A,,,
45,1304564,101711971,123,2SLR,,,,,,,,,,,,,,,,,,,,,,,,,,,,,,,,,,,,,,,,,,,,,,,,,,,,,,,,,,,,,,,,,,,,,,,,,,,,,,,,,,,,,,,,,,,,,,,,,,,,,,,EL_PE324A,,,
45,1304564,101711972,124,RIGHT,EL_BWALLT,?T19?,EL_AOPEN,2SLR,EL_ECHH,2100,EL_ECCH,2500,EL_BFTH,4,MATERIAL_T,1.2,,,,,,,,,,,,,,,,,,,,,,,,,,,,,EL_PE324A_1,32400111G01{MATERIAL_CODE},,,,,,,,,,,,,,,,,,,,,,,,,,,,,,,,,,,,,,,LEFT,"2SLR 경우, RIGHT측 COLUMN",,,,,,,,,,,,,,,,,,,,,EL_PE324A,,,
45,1304564,101711973,125,,EL_BWALLT,?T19?,EL_AOPEN,2SLR,EL_ECHH,2100,EL_ECCH,,EL_BFTH,,MATERIAL_T,1.2,,,,,,,,,,,,,,,,,,,,,,,,,,,,,EL_PE324A_1,32400111G03{MATERIAL_CODE},,,,,,,,,,,,,,,,,,,,,,,,,,,,,,,,,,,,,,,LEFT,,,,,,,,,,,,,,,,,,,,,,EL_PE324A,,,
45,1304564,101711974,126,,EL_BWALLT,?T19?,EL_AOPEN,2SLR,EL_ECHH,,EL_ECCH,,EL_BFTH,,MATERIAL_T,1.2,,,,,,,,,,,,,,,,,,,,,,,,,,,,,EL_PE324A_1,32400111G05{MATERIAL_CODE},,,,,,,,,,,,,,,,,,,,,,,,,,,,,,,,,,,,,,,LEFT,,,,,,,,,,,,,,,,,,,,,,EL_PE324A,,,
45,1304564,101711975,127,,EL_BWALLT,T30_SD1,EL_AOPEN,2SLR,EL_ECHH,2100,EL_ECCH,2500,EL_BFTH,4,MATERIAL_T,1.2,,,,,,,,,,,,,,,,,,,,,,,,,,,,,EL_PE324A_1,32400111G02{MATERIAL_CODE},,,,,,,,,,,,,,,,,,,,,,,,,,,,,,,,,,,,,,,LEFT,,,,,,,,,,,,,,,,,,,,,,EL_PE324A,,,
45,1304564,101711976,128,,EL_BWALLT,T30_SD1,EL_AOPEN,2SLR,EL_ECHH,2100,EL_ECCH,,EL_BFTH,,MATERIAL_T,1.2,,,,,,,,,,,,,,,,,,,,,,,,,,,,,EL_PE324A_1,32400111G04{MATERIAL_CODE},,,,,,,,,,,,,,,,,,,,,,,,,,,,,,,,,,,,,,,LEFT,,,,,,,,,,,,,,,,,,,,,,EL_PE324A,,,
45,1304564,101711977,129,,EL_BWALLT,T30_SD1,EL_AOPEN,2SLR,EL_ECHH,,EL_ECCH,,EL_BFTH,,MATERIAL_T,1.2,,,,,,,,,,,,,,,,,,,,,,,,,,,,,EL_PE324A_1,32400111G06{MATERIAL_CODE},,,,,,,,,,,,,,,,,,,,,,,,,,,,,,,,,,,,,,,LEFT,,,,,,,,,,,,,,,,,,,,,,EL_PE324A,,,
45,1304564,101711978,130,,,,,,,,,,,,,,,,,,,,,,,,,,,,,,,,,,,,,,,,,,,,,,,,,,,,,,,,,,,,,,,,,,,,,,,,,,,,,,,,,,,,,,,,,,,,,,,,,,,,,,,,EL_PE324A,,,
45,1304564,101711979,131,,EL_BWALLT,?T19?,EL_AOPEN,2SLR,EL_ECHH,2100,EL_ECCH,2500,EL_BFTH,4,MATERIAL_T,1.5,,,,,,,,,,,,,,,,,,,,,,,,,,,,,EL_PE324A_1,32400112G01{MATERIAL_CODE},,,,,,,,,,,,,,,,,,,,,,,,,,,,,,,,,,,,,,,LEFT,,,,,,,,,,,,,,,,,,,,,,EL_PE324A,,,
45,1304564,101711980,132,,EL_BWALLT,?T19?,EL_AOPEN,2SLR,EL_ECHH,2100,EL_ECCH,,EL_BFTH,,MATERIAL_T,1.5,,,,,,,,,,,,,,,,,,,,,,,,,,,,,EL_PE324A_1,32400112G03{MATERIAL_CODE},,,,,,,,,,,,,,,,,,,,,,,,,,,,,,,,,,,,,,,LEFT,,,,,,,,,,,,,,,,,,,,,,EL_PE324A,,,
45,1304564,101711981,133,,EL_BWALLT,?T19?,EL_AOPEN,2SLR,EL_ECHH,,EL_ECCH,,EL_BFTH,,MATERIAL_T,1.5,,,,,,,,,,,,,,,,,,,,,,,,,,,,,EL_PE324A_1,32400112G05{MATERIAL_CODE},,,,,,,,,,,,,,,,,,,,,,,,,,,,,,,,,,,,,,,LEFT,,,,,,,,,,,,,,,,,,,,,,EL_PE324A,,,
45,1304564,101711982,134,,EL_BWALLT,T30_SD1,EL_AOPEN,2SLR,EL_ECHH,2100,EL_ECCH,2500,EL_BFTH,4,MATERIAL_T,1.5,,,,,,,,,,,,,,,,,,,,,,,,,,,,,EL_PE324A_1,32400112G02{MATERIAL_CODE},,,,,,,,,,,,,,,,,,,,,,,,,,,,,,,,,,,,,,,LEFT,,,,,,,,,,,,,,,,,,,,,,EL_PE324A,,,
45,1304564,101711983,135,,EL_BWALLT,T30_SD1,EL_AOPEN,2SLR,EL_ECHH,2100,EL_ECCH,,EL_BFTH,,MATERIAL_T,1.5,,,,,,,,,,,,,,,,,,,,,,,,,,,,,EL_PE324A_1,32400112G04{MATERIAL_CODE},,,,,,,,,,,,,,,,,,,,,,,,,,,,,,,,,,,,,,,LEFT,,,,,,,,,,,,,,,,,,,,,,EL_PE324A,,,
45,1304564,101711984,136,,EL_BWALLT,T30_SD1,EL_AOPEN,2SLR,EL_ECHH,,EL_ECCH,,EL_BFTH,,MATERIAL_T,1.5,,,,,,,,,,,,,,,,,,,,,,,,,,,,,EL_PE324A_1,32400112G06{MATERIAL_CODE},,,,,,,,,,,,,,,,,,,,,,,,,,,,,,,,,,,,,,,LEFT,,,,,,,,,,,,,,,,,,,,,,EL_PE324A,,,
45,1304564,101711985,137,,,,,,,,,,,,,,,,,,,,,,,,,,,,,,,,,,,,,,,,,,,,,,,,,,,,,,,,,,,,,,,,,,,,,,,,,,,,,,,,,,,,,,,,,,,,,,,,,,,,,,,,EL_PE324A,,,
45,1304564,101711986,138,,EL_BWALLT,?T19?,EL_AOPEN,2SLR,EL_ECHH,2100,EL_ECCH,2500,EL_BFTH,4,MATERIAL_T,1.6,,,,,,,,,,,,,,,,,,,,,,,,,,,,,EL_PE324A_1,32400113G01{MATERIAL_CODE},,,,,,,,,,,,,,,,,,,,,,,,,,,,,,,,,,,,,,,LEFT,,,,,,,,,,,,,,,,,,,,,,EL_PE324A,,,
45,1304564,101711987,139,,EL_BWALLT,?T19?,EL_AOPEN,2SLR,EL_ECHH,2100,EL_ECCH,,EL_BFTH,,MATERIAL_T,1.6,,,,,,,,,,,,,,,,,,,,,,,,,,,,,EL_PE324A_1,32400113G03{MATERIAL_CODE},,,,,,,,,,,,,,,,,,,,,,,,,,,,,,,,,,,,,,,LEFT,,,,,,,,,,,,,,,,,,,,,,EL_PE324A,,,
45,1304564,101711988,140,,EL_BWALLT,?T19?,EL_AOPEN,2SLR,EL_ECHH,,EL_ECCH,,EL_BFTH,,MATERIAL_T,1.6,,,,,,,,,,,,,,,,,,,,,,,,,,,,,EL_PE324A_1,32400113G05{MATERIAL_CODE},,,,,,,,,,,,,,,,,,,,,,,,,,,,,,,,,,,,,,,LEFT,,,,,,,,,,,,,,,,,,,,,,EL_PE324A,,,
45,1304564,101711989,141,,EL_BWALLT,T30_SD1,EL_AOPEN,2SLR,EL_ECHH,2100,EL_ECCH,2500,EL_BFTH,4,MATERIAL_T,1.6,,,,,,,,,,,,,,,,,,,,,,,,,,,,,EL_PE324A_1,32400113G02{MATERIAL_CODE},,,,,,,,,,,,,,,,,,,,,,,,,,,,,,,,,,,,,,,LEFT,,,,,,,,,,,,,,,,,,,,,,EL_PE324A,,,
45,1304564,101711990,142,,EL_BWALLT,T30_SD1,EL_AOPEN,2SLR,EL_ECHH,2100,EL_ECCH,,EL_BFTH,,MATERIAL_T,1.6,,,,,,,,,,,,,,,,,,,,,,,,,,,,,EL_PE324A_1,32400113G04{MATERIAL_CODE},,,,,,,,,,,,,,,,,,,,,,,,,,,,,,,,,,,,,,,LEFT,,,,,,,,,,,,,,,,,,,,,,EL_PE324A,,,
45,1304564,101711991,143,,EL_BWALLT,T30_SD1,EL_AOPEN,2SLR,EL_ECHH,,EL_ECCH,,EL_BFTH,,MATERIAL_T,1.6,,,,,,,,,,,,,,,,,,,,,,,,,,,,,EL_PE324A_1,32400113G06{MATERIAL_CODE},,,,,,,,,,,,,,,,,,,,,,,,,,,,,,,,,,,,,,,LEFT,,,,,,,,,,,,,,,,,,,,,,EL_PE324A,,,
45,1304564,101711992,144,,,,,,,,,,,,,,,,,,,,,,,,,,,,,,,,,,,,,,,,,,,,,,,,,,,,,,,,,,,,,,,,,,,,,,,,,,,,,,,,,,,,,,,,,,,,,,,,,,,,,,,,EL_PE324A,,,
45,1304564,101711993,145,LEFT,EL_BWALLT,?T19?,EL_AOPEN,2SLR,EL_ECHH,2100,EL_ECCH,2500,EL_BFTH,4,MATERIAL_T,1.2,,,,,,,,,,,,,,,,,,,,,,,,,,,,,EL_PE324A_2,32400111G07{MATERIAL_CODE},,,,,,,,,,,,,,,,,,,,,,,,,,,,,,,,,,,,,,,STOP,"2SLR 경우, LEFT측 COLUMN",,,,,,,,,,,,,,,,,,,,,EL_PE324A,,,
45,1304564,101711994,146,,EL_BWALLT,?T19?,EL_AOPEN,2SLR,EL_ECHH,2100,EL_ECCH,,EL_BFTH,,MATERIAL_T,1.2,,,,,,,,,,,,,,,,,,,,,,,,,,,,,EL_PE324A_2,32400111G09{MATERIAL_CODE},,,,,,,,,,,,,,,,,,,,,,,,,,,,,,,,,,,,,,,STOP,,,,,,,,,,,,,,,,,,,,,,EL_PE324A,,,
45,1304564,101711995,147,,EL_BWALLT,?T19?,EL_AOPEN,2SLR,EL_ECHH,,EL_ECCH,,EL_BFTH,,MATERIAL_T,1.2,,,,,,,,,,,,,,,,,,,,,,,,,,,,,EL_PE324A_2,32400111G11{MATERIAL_CODE},,,,,,,,,,,,,,,,,,,,,,,,,,,,,,,,,,,,,,,STOP,,,,,,,,,,,,,,,,,,,,,,EL_PE324A,,,
45,1304564,101711996,148,,EL_BWALLT,T30_SD1,EL_AOPEN,2SLR,EL_ECHH,2100,EL_ECCH,2500,EL_BFTH,4,MATERIAL_T,1.2,,,,,,,,,,,,,,,,,,,,,,,,,,,,,EL_PE324A_2,32400111G08{MATERIAL_CODE},,,,,,,,,,,,,,,,,,,,,,,,,,,,,,,,,,,,,,,STOP,,,,,,,,,,,,,,,,,,,,,,EL_PE324A,,,
45,1304564,101711997,149,,EL_BWALLT,T30_SD1,EL_AOPEN,2SLR,EL_ECHH,2100,EL_ECCH,,EL_BFTH,,MATERIAL_T,1.2,,,,,,,,,,,,,,,,,,,,,,,,,,,,,EL_PE324A_2,32400111G10{MATERIAL_CODE},,,,,,,,,,,,,,,,,,,,,,,,,,,,,,,,,,,,,,,STOP,,,,,,,,,,,,,,,,,,,,,,EL_PE324A,,,
45,1304564,101711998,150,,EL_BWALLT,T30_SD1,EL_AOPEN,2SLR,EL_ECHH,,EL_ECCH,,EL_BFTH,,MATERIAL_T,1.2,,,,,,,,,,,,,,,,,,,,,,,,,,,,,EL_PE324A_2,32400111G12{MATERIAL_CODE},,,,,,,,,,,,,,,,,,,,,,,,,,,,,,,,,,,,,,,STOP,,,,,,,,,,,,,,,,,,,,,,EL_PE324A,,,
45,1304564,101711999,151,,,,,,,,,,,,,,,,,,,,,,,,,,,,,,,,,,,,,,,,,,,,,,,,,,,,,,,,,,,,,,,,,,,,,,,,,,,,,,,,,,,,,,,,,,,,,,,,,,,,,,,,EL_PE324A,,,
45,1304564,101712000,152,,EL_BWALLT,?T19?,EL_AOPEN,2SLR,EL_ECHH,2100,EL_ECCH,2500,EL_BFTH,4,MATERIAL_T,1.5,,,,,,,,,,,,,,,,,,,,,,,,,,,,,EL_PE324A_2,32400112G07{MATERIAL_CODE},,,,,,,,,,,,,,,,,,,,,,,,,,,,,,,,,,,,,,,STOP,,,,,,,,,,,,,,,,,,,,,,EL_PE324A,,,
45,1304564,101712001,153,,EL_BWALLT,?T19?,EL_AOPEN,2SLR,EL_ECHH,2100,EL_ECCH,,EL_BFTH,,MATERIAL_T,1.5,,,,,,,,,,,,,,,,,,,,,,,,,,,,,EL_PE324A_2,32400112G09{MATERIAL_CODE},,,,,,,,,,,,,,,,,,,,,,,,,,,,,,,,,,,,,,,STOP,,,,,,,,,,,,,,,,,,,,,,EL_PE324A,,,
45,1304564,101712002,154,,EL_BWALLT,?T19?,EL_AOPEN,2SLR,EL_ECHH,,EL_ECCH,,EL_BFTH,,MATERIAL_T,1.5,,,,,,,,,,,,,,,,,,,,,,,,,,,,,EL_PE324A_2,32400112G11{MATERIAL_CODE},,,,,,,,,,,,,,,,,,,,,,,,,,,,,,,,,,,,,,,STOP,,,,,,,,,,,,,,,,,,,,,,EL_PE324A,,,
45,1304564,101712003,155,,EL_BWALLT,T30_SD1,EL_AOPEN,2SLR,EL_ECHH,2100,EL_ECCH,2500,EL_BFTH,4,MATERIAL_T,1.5,,,,,,,,,,,,,,,,,,,,,,,,,,,,,EL_PE324A_2,32400112G08{MATERIAL_CODE},,,,,,,,,,,,,,,,,,,,,,,,,,,,,,,,,,,,,,,STOP,,,,,,,,,,,,,,,,,,,,,,EL_PE324A,,,
45,1304564,101712004,156,,EL_BWALLT,T30_SD1,EL_AOPEN,2SLR,EL_ECHH,2100,EL_ECCH,,EL_BFTH,,MATERIAL_T,1.5,,,,,,,,,,,,,,,,,,,,,,,,,,,,,EL_PE324A_2,32400112G10{MATERIAL_CODE},,,,,,,,,,,,,,,,,,,,,,,,,,,,,,,,,,,,,,,STOP,,,,,,,,,,,,,,,,,,,,,,EL_PE324A,,,
45,1304564,101712005,157,,EL_BWALLT,T30_SD1,EL_AOPEN,2SLR,EL_ECHH,,EL_ECCH,,EL_BFTH,,MATERIAL_T,1.5,,,,,,,,,,,,,,,,,,,,,,,,,,,,,EL_PE324A_2,32400112G12{MATERIAL_CODE},,,,,,,,,,,,,,,,,,,,,,,,,,,,,,,,,,,,,,,STOP,,,,,,,,,,,,,,,,,,,,,,EL_PE324A,,,
45,1304564,101712006,158,,,,,,,,,,,,,,,,,,,,,,,,,,,,,,,,,,,,,,,,,,,,,,,,,,,,,,,,,,,,,,,,,,,,,,,,,,,,,,,,,,,,,,,,,,,,,,,,,,,,,,,,EL_PE324A,,,
45,1304564,101712007,159,,EL_BWALLT,?T19?,EL_AOPEN,2SLR,EL_ECHH,2100,EL_ECCH,2500,EL_BFTH,4,MATERIAL_T,1.6,,,,,,,,,,,,,,,,,,,,,,,,,,,,,EL_PE324A_2,32400113G07{MATERIAL_CODE},,,,,,,,,,,,,,,,,,,,,,,,,,,,,,,,,,,,,,,STOP,,,,,,,,,,,,,,,,,,,,,,EL_PE324A,,,
45,1304564,101712008,160,,EL_BWALLT,?T19?,EL_AOPEN,2SLR,EL_ECHH,2100,EL_ECCH,,EL_BFTH,,MATERIAL_T,1.6,,,,,,,,,,,,,,,,,,,,,,,,,,,,,EL_PE324A_2,32400113G09{MATERIAL_CODE},,,,,,,,,,,,,,,,,,,,,,,,,,,,,,,,,,,,,,,STOP,,,,,,,,,,,,,,,,,,,,,,EL_PE324A,,,
45,1304564,101712009,161,,EL_BWALLT,?T19?,EL_AOPEN,2SLR,EL_ECHH,,EL_ECCH,,EL_BFTH,,MATERIAL_T,1.6,,,,,,,,,,,,,,,,,,,,,,,,,,,,,EL_PE324A_2,32400113G11{MATERIAL_CODE},,,,,,,,,,,,,,,,,,,,,,,,,,,,,,,,,,,,,,,STOP,,,,,,,,,,,,,,,,,,,,,,EL_PE324A,,,
45,1304564,101712010,162,,EL_BWALLT,T30_SD1,EL_AOPEN,2SLR,EL_ECHH,2100,EL_ECCH,2500,EL_BFTH,4,MATERIAL_T,1.6,,,,,,,,,,,,,,,,,,,,,,,,,,,,,EL_PE324A_2,32400113G08{MATERIAL_CODE},,,,,,,,,,,,,,,,,,,,,,,,,,,,,,,,,,,,,,,STOP,,,,,,,,,,,,,,,,,,,,,,EL_PE324A,,,
45,1304564,101712011,163,,EL_BWALLT,T30_SD1,EL_AOPEN,2SLR,EL_ECHH,2100,EL_ECCH,,EL_BFTH,,MATERIAL_T,1.6,,,,,,,,,,,,,,,,,,,,,,,,,,,,,EL_PE324A_2,32400113G10{MATERIAL_CODE},,,,,,,,,,,,,,,,,,,,,,,,,,,,,,,,,,,,,,,STOP,,,,,,,,,,,,,,,,,,,,,,EL_PE324A,,,
45,1304564,101712012,164,,EL_BWALLT,T30_SD1,EL_AOPEN,2SLR,EL_ECHH,,EL_ECCH,,EL_BFTH,,MATERIAL_T,1.6,,,,,,,,,,,,,,,,,,,,,,,,,,,,,EL_PE324A_2,32400113G12{MATERIAL_CODE},,,,,,,,,,,,,,,,,,,,,,,,,,,,,,,,,,,,,,,STOP,,,,,,,,,,,,,,,,,,,,,,EL_PE324A,,,
45,1304564,101712013,165,,,,,,,,,,,,,,,,,,,,,,,,,,,,,,,,,,,,,,,,,,,,,,,,,,,,,,,,,,,,,,,,,,,,,,,,,,,,,,,,,,STOP,,,,,,,,,,,,,,,,,,,,,,EL_PE324A,,,
