PID,VERSION,HOUID,NO,ADDR,GOTO,REMARKS,SPEC1,CON1,SPEC2,CON2,SPEC3,CON3,SPEC4,CON4,SPEC5,CON5,SPEC6,CON6,SPEC7,CON7,SPEC8,CON8,SPEC9,CON9,SPEC10,CON10,SPEC11,CON11,SPEC12,CON12,SPEC13,CON13,SPEC14,CON14,SPEC15,CON15,SPEC16,CON16,SPEC17,CON17,SPEC18,CON18,SPEC19,CON19,SPEC20,CON20,KEY1,VAL1,KEY2,VAL2,KEY3,VAL3,KEY4,VAL4,KEY5,VAL5,KEY6,VAL6,KEY7,VAL7,KEY8,VAL8,KEY9,VAL9,KEY10,VAL10,KEY11,VAL11,KEY12,VAL12,KEY13,VAL13,KEY14,VAL14,KEY15,VAL15,KEY16,VAL16,KEY17,VAL17,KEY18,VAL18,KEY19,VAL19,KEY20,VAL20
EL_PA115A02,56,1300771,1,INIT,-,-,-,-,-,-,-,-,-,-,-,-,-,-,-,-,-,-,-,-,-,-,-,-,-,-,-,-,-,-,-,-,-,-,-,-,-,-,-,-,-,-,-,-,-,-,-,-,-,-,-,-,-,-,-,-,-,-,-,-,-,-,-,-,-,-,-,-,-,-,-,-,-,-,-,-,-,-,-,-,-,-
EL_PA115A02,56,1300771,2,-,-,ETS_SPD1,-,-,-,-,-,-,-,-,-,-,-,-,-,-,-,-,-,-,-,-,-,-,-,-,-,-,-,-,-,-,-,-,-,-,-,-,-,-,-,-,CALL,CAL_ETS_SPD1,-,-,-,-,-,-,-,-,-,-,-,-,-,-,-,-,-,-,-,-,-,-,-,-,-,-,-,-,-,-,-,-,-,-,-,-,-,-
EL_PA115A02,56,1300771,3,-,-,로직 개선 24.12.11,-,-,-,-,-,-,-,-,-,-,-,-,-,-,-,-,-,-,-,-,-,-,-,-,-,-,-,-,-,-,-,-,-,-,-,-,-,-,-,-,OUTPUT,EL_PA115A02_1,DWG_A115A02_CAR,-,-,-,-,-,-,-,-,-,-,-,-,-,-,-,-,-,-,-,-,-,-,-,-,-,-,-,-,-,-,-,-,-,-,-,-,-
EL_PA115A02,56,1300771,4,-,-,-,-,-,-,-,-,-,-,-,-,-,-,-,-,-,-,-,-,-,-,-,-,-,-,-,-,-,-,-,-,-,-,-,-,-,-,-,-,-,-,-,EL_PA115A02_1,-,-,-,-,-,-,-,-,-,-,-,-,-,-,-,-,-,-,-,-,-,-,-,-,-,-,-,-,-,-,-,-,-,-,-,-,-,-,-
EL_PA115A02,56,1300771,5,-,-,"DWG_A115A02_CWT : EL_PA115B에서 사용
로직 개선 24.12.11",-,-,-,-,-,-,-,-,-,-,-,-,-,-,-,-,-,-,-,-,-,-,-,-,-,-,-,-,-,-,-,-,-,-,-,-,-,-,-,-,OUTPUT,EL_PA115A02_2,DWG_A115A02_CWT,-,-,-,-,-,-,-,-,-,-,-,-,-,-,-,-,-,-,-,-,-,-,-,-,-,-,-,-,-,-,-,-,-,-,-,-,-
EL_PA115A02,56,1300771,6,-,-,-,-,-,-,-,-,-,-,-,-,-,-,-,-,-,-,-,-,-,-,-,-,-,-,-,-,-,-,-,-,-,-,-,-,-,-,-,-,-,-,-,EL_PA115A02_2,-,-,-,-,-,-,-,-,-,-,-,-,-,-,-,-,-,-,-,-,-,-,-,-,-,-,-,-,-,-,-,-,-,-,-,-,-,-,-
EL_PA115A02,56,1300771,7,-,-,"EL_PA115A02_1 에서 선택하여쓰도록 중복출력(작업요청 01642)
로직 개선 24.12.11",-,-,-,-,-,-,-,-,-,-,-,-,-,-,-,-,-,-,-,-,-,-,-,-,-,-,-,-,-,-,-,-,-,-,-,-,-,-,-,-,OUTPUT,EL_PA115A02_3,DWG_A115A02_CAR2,-,-,-,-,-,-,-,-,-,-,-,-,-,-,-,-,-,-,-,-,-,-,-,-,-,-,-,-,-,-,-,-,-,-,-,-,-
EL_PA115A02,56,1300771,8,-,-,-,-,-,-,-,-,-,-,-,-,-,-,-,-,-,-,-,-,-,-,-,-,-,-,-,-,-,-,-,-,-,-,-,-,-,-,-,-,-,-,-,EL_PA115A02_3,-,-,-,-,-,-,-,-,-,-,-,-,-,-,-,-,-,-,-,-,-,-,-,-,-,-,-,-,-,-,-,-,-,-,-,-,-,-,-
EL_PA115A02,56,1300771,9,MAIN,-,-,-,-,-,-,-,-,-,-,-,-,-,-,-,-,-,-,-,-,-,-,-,-,-,-,-,-,-,-,-,-,-,-,-,-,-,-,-,-,-,-,-,-,-,-,-,-,-,-,-,-,-,-,-,-,-,-,-,-,-,-,-,-,-,-,-,-,-,-,-,-,-,-,-,-,-,-,-,-,-,-
EL_PA115A02,56,1300771,10,-,-,-,-,-,-,-,-,-,-,-,-,-,-,-,-,-,-,-,-,-,-,-,-,-,-,-,-,-,-,-,-,-,-,-,-,-,-,-,-,-,-,-,-,-,-,-,-,-,-,-,-,-,-,-,-,-,-,-,-,-,-,-,-,-,-,-,-,-,-,-,-,-,-,-,-,-,-,-,-,-,-,-
EL_PA115A02,56,1300771,11,-,STOP,전산작업요청 04640,EL_ABRAND,LUXEN_2,EL_ASPSCD,KC01,EL_ECGV,LOG03_200,EL_ECWTP,R,EL_ACAPA,">=1000,<=1200",EL_ASPD,105,EL_DREUSE,Y,-,-,-,-,-,-,-,-,-,-,-,-,-,-,-,-,-,-,-,-,-,-,-,-,-,-,EL_PA115A02_1,C11510221G2000,-,-,-,-,-,-,-,-,-,-,-,-,-,-,-,-,-,-,-,-,-,-,-,-,-,-,-,-,-,-,-,-,-,-,-,-,-,-
EL_PA115A02,56,1300771,12,-,STOP,-,EL_ABRAND,LUXEN_2,EL_ASPSCD,KC01,EL_ECGV,LOG03_200,EL_ECWTP,R,EL_ACAPA,">=1000,<=1200",EL_ASPD,105,EL_DREUSE,N,-,-,-,-,-,-,-,-,-,-,-,-,-,-,-,-,-,-,-,-,-,-,-,-,-,-,EL_PA115A02_1,C11510221G0100,-,-,-,-,-,-,-,-,-,-,-,-,-,-,-,-,-,-,-,-,-,-,-,-,-,-,-,-,-,-,-,-,-,-,-,-,-,-
EL_PA115A02,56,1300771,13,-,STOP,전산작업요청 04640,EL_ABRAND,LUXEN_2,EL_ASPSCD,KC01,EL_ECGV,LOG03_240,EL_ECWTP,R,EL_ACAPA,">=1000,<=1200",EL_ASPD,120,EL_DREUSE,Y,-,-,-,-,-,-,-,-,-,-,-,-,-,-,-,-,-,-,-,-,-,-,-,-,-,-,EL_PA115A02_1,C11510221G2200,-,-,-,-,-,-,-,-,-,-,-,-,-,-,-,-,-,-,-,-,-,-,-,-,-,-,-,-,-,-,-,-,-,-,-,-,-,-
EL_PA115A02,56,1300771,14,-,STOP,-,EL_ABRAND,LUXEN_2,EL_ASPSCD,KC01,EL_ECGV,LOG03_240,EL_ECWTP,R,EL_ACAPA,">=1000,<=1200",EL_ASPD,120,EL_DREUSE,N,-,-,-,-,-,-,-,-,-,-,-,-,-,-,-,-,-,-,-,-,-,-,-,-,-,-,EL_PA115A02_1,C11510221G0800,-,-,-,-,-,-,-,-,-,-,-,-,-,-,-,-,-,-,-,-,-,-,-,-,-,-,-,-,-,-,-,-,-,-,-,-,-,-
EL_PA115A02,56,1300771,15,-,STOP,-,EL_ABRAND,LUXEN_2,EL_ASPSCD,KC01,-,-,-,-,-,-,-,-,-,-,-,-,-,-,-,-,-,-,-,-,-,-,-,-,-,-,-,-,-,-,-,-,-,-,-,-,-,-,-,-,-,-,-,-,-,-,-,-,-,-,-,-,-,-,-,-,-,-,-,-,-,-,-,-,-,-,-,-,-,-,-,-,-,-,-,-
EL_PA115A02,56,1300771,16,-,-,-,-,-,-,-,-,-,-,-,-,-,-,-,-,-,-,-,-,-,-,-,-,-,-,-,-,-,-,-,-,-,-,-,-,-,-,-,-,-,-,-,-,-,-,-,-,-,-,-,-,-,-,-,-,-,-,-,-,-,-,-,-,-,-,-,-,-,-,-,-,-,-,-,-,-,-,-,-,-,-,-
EL_PA115A02,56,1300771,17,-,A115A02_2,전산작업요청 04640,EL_ABRAND,NEX_MR,EL_ASPSCD,KC01,EL_ECGV,LOG03_200,EL_ECWTP,R,EL_DREUSE,Y,-,-,-,-,-,-,-,-,-,-,-,-,-,-,-,-,-,-,-,-,-,-,-,-,-,-,-,-,-,-,EL_PA115A02_1,C11510221G2000,-,-,-,-,-,-,-,-,-,-,-,-,-,-,-,-,-,-,-,-,-,-,-,-,-,-,-,-,-,-,-,-,-,-,-,-,-,-
EL_PA115A02,56,1300771,18,-,A115A02_2,-,EL_ABRAND,NEX_MR,EL_ASPSCD,KC01,EL_ECGV,LOG03_200,EL_ECWTP,R,EL_DREUSE,N,-,-,-,-,-,-,-,-,-,-,-,-,-,-,-,-,-,-,-,-,-,-,-,-,-,-,-,-,-,-,EL_PA115A02_1,C11510221G0100,-,-,-,-,-,-,-,-,-,-,-,-,-,-,-,-,-,-,-,-,-,-,-,-,-,-,-,-,-,-,-,-,-,-,-,-,-,-
EL_PA115A02,56,1300771,19,-,A115A02_2,전산작업요청 04640,EL_ABRAND,NEX_MR,EL_ASPSCD,KC01,EL_ECGV,LOG03_200,EL_ECWTP,!R,EL_EMCBD,",SL,SR",EL_DREUSE,Y,-,-,-,-,-,-,-,-,-,-,-,-,-,-,-,-,-,-,-,-,-,-,-,-,-,-,-,-,EL_PA115A02_1,C11510221G2000,-,-,-,-,-,-,-,-,-,-,-,-,-,-,-,-,-,-,-,-,-,-,-,-,-,-,-,-,-,-,-,-,-,-,-,-,-,-
EL_PA115A02,56,1300771,20,-,A115A02_2,-,EL_ABRAND,NEX_MR,EL_ASPSCD,KC01,EL_ECGV,LOG03_200,EL_ECWTP,!R,EL_EMCBD,",SL,SR",EL_DREUSE,N,-,-,-,-,-,-,-,-,-,-,-,-,-,-,-,-,-,-,-,-,-,-,-,-,-,-,-,-,EL_PA115A02_1,C11510221G0100,-,-,-,-,-,-,-,-,-,-,-,-,-,-,-,-,-,-,-,-,-,-,-,-,-,-,-,-,-,-,-,-,-,-,-,-,-,-
EL_PA115A02,56,1300771,21,-,A115A02_2,-,EL_ABRAND,NEX_MR,EL_ASPSCD,KC01,EL_ECGV,LOG03_200,EL_ECWTP,!R,EL_EMCBD,"!(SL,SR)",-,-,-,-,-,-,-,-,-,-,-,-,-,-,-,-,-,-,-,-,-,-,-,-,-,-,-,-,-,-,EL_PA115A02_1,C11510221G0400,-,-,-,-,-,-,-,-,-,-,-,-,-,-,-,-,-,-,-,-,-,-,-,-,-,-,-,-,-,-,-,-,-,-,-,-,-,-
EL_PA115A02,56,1300771,22,-,A115A02_2,-,EL_ABRAND,NEX_MR,EL_ASPSCD,KC01,-,-,-,-,-,-,-,-,-,-,-,-,-,-,-,-,-,-,-,-,-,-,-,-,-,-,-,-,-,-,-,-,-,-,-,-,-,-,-,-,-,-,-,-,-,-,-,-,-,-,-,-,-,-,-,-,-,-,-,-,-,-,-,-,-,-,-,-,-,-,-,-,-,-,-,-
EL_PA115A02,56,1300771,23,-,-,-,-,-,-,-,-,-,-,-,-,-,-,-,-,-,-,-,-,-,-,-,-,-,-,-,-,-,-,-,-,-,-,-,-,-,-,-,-,-,-,-,-,-,-,-,-,-,-,-,-,-,-,-,-,-,-,-,-,-,-,-,-,-,-,-,-,-,-,-,-,-,-,-,-,-,-,-,-,-,-,-
EL_PA115A02,56,1300771,24,-,A115A02_2,-,EL_ATYP,",GTLX,GTLX_E",EL_ECGV,DG200,-,-,-,-,-,-,-,-,-,-,-,-,-,-,-,-,-,-,-,-,-,-,-,-,-,-,-,-,-,-,-,-,-,-,-,-,EL_PA115A02_1,11510036G0200,-,-,-,-,-,-,-,-,-,-,-,-,-,-,-,-,-,-,-,-,-,-,-,-,-,-,-,-,-,-,-,-,-,-,-,-,-,-
EL_PA115A02,56,1300771,25,-,A115A02_2,-,EL_ATYP,",GTLX,GTLX_E",EL_ECGV,DG240,-,-,-,-,-,-,-,-,-,-,-,-,-,-,-,-,-,-,-,-,-,-,-,-,-,-,-,-,-,-,-,-,-,-,-,-,EL_PA115A02_1,11510036G0700,-,-,-,-,-,-,-,-,-,-,-,-,-,-,-,-,-,-,-,-,-,-,-,-,-,-,-,-,-,-,-,-,-,-,-,-,-,-
EL_PA115A02,56,1300771,26,-,A115A02_2,-,EL_ATYP,",GTLX,GTLX_E",-,-,-,-,-,-,-,-,-,-,-,-,-,-,-,-,-,-,-,-,-,-,-,-,-,-,-,-,-,-,-,-,-,-,-,-,-,-,-,-,-,-,-,-,-,-,-,-,-,-,-,-,-,-,-,-,-,-,-,-,-,-,-,-,-,-,-,-,-,-,-,-,-,-,-,-,-,-
EL_PA115A02,56,1300771,27,-,A115A02_2,-,EL_ATYP,",GTSS,GTSS_E",-,-,-,-,-,-,-,-,-,-,-,-,-,-,-,-,-,-,-,-,-,-,-,-,-,-,-,-,-,-,-,-,-,-,-,-,-,-,-,-,-,-,-,-,-,-,-,-,-,-,-,-,-,-,-,-,-,-,-,-,-,-,-,-,-,-,-,-,-,-,-,-,-,-,-,-,-,-
EL_PA115A02,56,1300771,28,-,-,-,-,-,-,-,-,-,-,-,-,-,-,-,-,-,-,-,-,-,-,-,-,-,-,-,-,-,-,-,-,-,-,-,-,-,-,-,-,-,-,-,-,-,-,-,-,-,-,-,-,-,-,-,-,-,-,-,-,-,-,-,-,-,-,-,-,-,-,-,-,-,-,-,-,-,-,-,-,-,-,-
EL_PA115A02,56,1300771,29,-,A115A02_2,-,EL_ATYP,"!(?SS?,?SH?)",EL_ECGV,DG160,EL_AMR,!B,EL_ETM,-,EL_EMCBD,-,EL_ECGS,-,EL_EHM,-,EL_ECCC,-,EL_ACD2,-,-,-,-,-,-,-,-,-,-,-,-,-,-,-,-,-,-,-,-,-,-,-,EL_PA115A02_1,115C0106G0100,-,-,-,-,-,-,-,-,-,-,-,-,-,-,-,-,-,-,-,-,-,-,-,-,-,-,-,-,-,-,-,-,-,-,-,-,-,-
EL_PA115A02,56,1300771,30,-,A115A02_2,-,EL_ATYP,"!(?SS?,?SH?)",EL_ECGV,DG200,EL_AMR,!B,EL_ETM,!(?GY?),EL_EMCBD,!SH,EL_ECGS,MB,EL_EHM,-,EL_ECCC,-,EL_ACD2,-,-,-,-,-,-,-,-,-,-,-,-,-,-,-,-,-,-,-,-,-,-,-,EL_PA115A02_1,11500289G0300,-,-,-,-,-,-,-,-,-,-,-,-,-,-,-,-,-,-,-,-,-,-,-,-,-,-,-,-,-,-,-,-,-,-,-,-,-,-
EL_PA115A02,56,1300771,31,-,A115A02_2,-,EL_ATYP,"!(?SS?,?SH?)",EL_ECGV,DG200,EL_AMR,!B,EL_ETM,-,EL_EMCBD,!SH,EL_ECGS,HB,EL_EHM,-,EL_ECCC,-,EL_ACD2,-,-,-,-,-,-,-,-,-,-,-,-,-,-,-,-,-,-,-,-,-,-,-,EL_PA115A02_1,11500289G0400,-,-,-,-,-,-,-,-,-,-,-,-,-,-,-,-,-,-,-,-,-,-,-,-,-,-,-,-,-,-,-,-,-,-,-,-,-,-
EL_PA115A02,56,1300771,32,-,A115A02_2,-,EL_ATYP,"!(?SS?,?SH?)",EL_ECGV,DG200,EL_AMR,!B,EL_ETM,!(?GY?),EL_EMCBD,!SH,EL_ECGS,",N,FL",EL_EHM,-,EL_ECCC,-,EL_ACD2,?KS?,-,-,-,-,-,-,-,-,-,-,-,-,-,-,-,-,-,-,-,-,-,-,EL_PA115A02_1,11500289G0200,-,-,-,-,-,-,-,-,-,-,-,-,-,-,-,-,-,-,-,-,-,-,-,-,-,-,-,-,-,-,-,-,-,-,-,-,-,-
EL_PA115A02,56,1300771,33,-,A115A02_2,-,EL_ATYP,"!(?SS?,?SH?)",EL_ECGV,DG200,EL_AMR,!B,EL_ETM,!(?GY?),EL_EMCBD,!SH,EL_ECGS,",N,FL",EL_EHM,-,EL_ECCC,-,EL_ACD2,!?KS?,-,-,-,-,-,-,-,-,-,-,-,-,-,-,-,-,-,-,-,-,-,-,EL_PA115A02_1,115101080,-,-,-,-,-,-,-,-,-,-,-,-,-,-,-,-,-,-,-,-,-,-,-,-,-,-,-,-,-,-,-,-,-,-,-,-,-,-
EL_PA115A02,56,1300771,34,-,A115A02_2,-,EL_ATYP,?LX?,EL_ECGV,DG200,EL_AMR,!B,EL_ETM,?GY?,EL_EMCBD,-,EL_ECGS,-,EL_EHM,-,EL_ECCC,180,EL_ACD2,-,-,-,-,-,-,-,-,-,-,-,-,-,-,-,-,-,-,-,-,-,-,-,EL_PA115A02_1,11500289G0300,-,-,-,-,-,-,-,-,-,-,-,-,-,-,-,-,-,-,-,-,-,-,-,-,-,-,-,-,-,-,-,-,-,-,-,-,-,-
EL_PA115A02,56,1300771,35,-,A115A02_2,-,EL_ATYP,?LX?,EL_ECGV,DG200,EL_AMR,!B,EL_ETM,?GY?,EL_EMCBD,-,EL_ECGS,-,EL_EHM,-,EL_ECCC,>180,EL_ACD2,?KS?,-,-,-,-,-,-,-,-,-,-,-,-,-,-,-,-,-,-,-,-,-,-,EL_PA115A02_1,11500289G0200,-,-,-,-,-,-,-,-,-,-,-,-,-,-,-,-,-,-,-,-,-,-,-,-,-,-,-,-,-,-,-,-,-,-,-,-,-,-
EL_PA115A02,56,1300771,36,-,A115A02_2,-,EL_ATYP,?LX?,EL_ECGV,DG200,EL_AMR,!B,EL_ETM,?GY?,EL_EMCBD,-,EL_ECGS,-,EL_EHM,-,EL_ECCC,>180,EL_ACD2,!?KS?,-,-,-,-,-,-,-,-,-,-,-,-,-,-,-,-,-,-,-,-,-,-,EL_PA115A02_1,115101080,-,-,-,-,-,-,-,-,-,-,-,-,-,-,-,-,-,-,-,-,-,-,-,-,-,-,-,-,-,-,-,-,-,-,-,-,-,-
EL_PA115A02,56,1300771,37,-,A115A02_2,-,EL_ATYP,?LX?,EL_ECGV,DG200,EL_AMR,!B,EL_ETM,",?GT25?,?GT35?",EL_EMCBD,SH,EL_ECGS,-,EL_EHM,-,EL_ECCC,-,EL_ACD2,-,-,-,-,-,-,-,-,-,-,-,-,-,-,-,-,-,-,-,-,-,-,-,EL_PA115A02_1,115C0209G0200,-,-,-,-,-,-,-,-,-,-,-,-,-,-,-,-,-,-,-,-,-,-,-,-,-,-,-,-,-,-,-,-,-,-,-,-,-,-
EL_PA115A02,56,1300771,38,-,A115A02_2,-,EL_ATYP,?LX?,EL_ECGV,DG200,EL_AMR,!B,EL_ETM,",?GT50?,?GT70?,?GT71?",EL_EMCBD,SH,EL_ECGS,-,EL_EHM,-,EL_ECCC,180,EL_ACD2,-,-,-,-,-,-,-,-,-,-,-,-,-,-,-,-,-,-,-,-,-,-,-,EL_PA115A02_1,11510093G0300,-,-,-,-,-,-,-,-,-,-,-,-,-,-,-,-,-,-,-,-,-,-,-,-,-,-,-,-,-,-,-,-,-,-,-,-,-,-
EL_PA115A02,56,1300771,39,-,A115A02_2,-,EL_ATYP,?LX?,EL_ECGV,",DG240,DG240B",EL_AMR,!B,EL_ETM,",?GT25?,?GT35?,?GT50?,?GT70?,?GT71?",EL_EMCBD,!SH,EL_ECGS,",N,FL",EL_EHM,-,EL_ECCC,-,EL_ACD2,!?KS?,-,-,-,-,-,-,-,-,-,-,-,-,-,-,-,-,-,-,-,-,-,-,EL_PA115A02_1,11510017G0200,-,-,-,-,-,-,-,-,-,-,-,-,-,-,-,-,-,-,-,-,-,-,-,-,-,-,-,-,-,-,-,-,-,-,-,-,-,-
EL_PA115A02,56,1300771,40,-,A115A02_2,-,EL_ATYP,?LX?,EL_ECGV,",DG240,DG240B",EL_AMR,!B,EL_ETM,",?GT25?,?GT35?,?GT50?,?GT70?,?GT71?",EL_EMCBD,!SH,EL_ECGS,",N,FL",EL_EHM,-,EL_ECCC,-,EL_ACD2,?KS?,-,-,-,-,-,-,-,-,-,-,-,-,-,-,-,-,-,-,-,-,-,-,EL_PA115A02_1,115C0158G0200,-,-,-,-,-,-,-,-,-,-,-,-,-,-,-,-,-,-,-,-,-,-,-,-,-,-,-,-,-,-,-,-,-,-,-,-,-,-
EL_PA115A02,56,1300771,41,-,A115A02_2,-,EL_ATYP,?LX?,EL_ECGV,",DG240,DG240B",EL_AMR,!B,EL_ETM,",?GT25?,?GT35?,?GT50?,?GT70?,?GT71?",EL_EMCBD,!SH,EL_ECGS,MB,EL_EHM,-,EL_ECCC,-,EL_ACD2,-,-,-,-,-,-,-,-,-,-,-,-,-,-,-,-,-,-,-,-,-,-,-,EL_PA115A02_1,115C0158G0300,DWG_A115A02_CAR,115C0158G03,-,-,-,-,-,-,-,-,-,-,-,-,-,-,-,-,-,-,-,-,-,-,-,-,-,-,-,-,-,-,-,-,-,-,-,-
EL_PA115A02,56,1300771,42,-,A115A02_2,-,EL_ATYP,?LX?,EL_ECGV,",DG240,DG240B",EL_AMR,!B,EL_ETM,",?GT25?,?GT35?,?GT50?,?GT70?,?GT71?",EL_EMCBD,!SH,EL_ECGS,HB,EL_EHM,-,EL_ECCC,-,EL_ACD2,-,-,-,-,-,-,-,-,-,-,-,-,-,-,-,-,-,-,-,-,-,-,-,EL_PA115A02_1,115C0158G0400,-,-,-,-,-,-,-,-,-,-,-,-,-,-,-,-,-,-,-,-,-,-,-,-,-,-,-,-,-,-,-,-,-,-,-,-,-,-
EL_PA115A02,56,1300771,43,-,A115A02_2,-,EL_ATYP,?LX?,EL_ECGV,",DG240,DG240B",EL_AMR,!B,EL_ETM,",?GT50?,?GT70?,?GT71?",EL_EMCBD,SH,EL_ECGS,-,EL_EHM,-,EL_ECCC,180,EL_ACD2,-,-,-,-,-,-,-,-,-,-,-,-,-,-,-,-,-,-,-,-,-,-,-,EL_PA115A02_1,11510093G0100,-,-,-,-,-,-,-,-,-,-,-,-,-,-,-,-,-,-,-,-,-,-,-,-,-,-,-,-,-,-,-,-,-,-,-,-,-,-
EL_PA115A02,56,1300771,44,-,A115A02_2,-,EL_ATYP,?LX?,EL_ECGV,",DG240,DG240B",EL_AMR,!B,EL_ETM,",?GT25?,?GT35?",EL_EMCBD,SH,EL_ECGS,-,EL_EHM,-,EL_ECCC,-,EL_ACD2,-,-,-,-,-,-,-,-,-,-,-,-,-,-,-,-,-,-,-,-,-,-,-,EL_PA115A02_1,115C0209G0100,-,-,-,-,-,-,-,-,-,-,-,-,-,-,-,-,-,-,-,-,-,-,-,-,-,-,-,-,-,-,-,-,-,-,-,-,-,-
EL_PA115A02,56,1300771,45,-,A115A02_2,-,EL_ATYP,?LX?,EL_ECGV,",DG240,DG240B",EL_AMR,!B,EL_ETM,",?GT50?,?GT71?",EL_EMCBD,SH,EL_ECGS,-,EL_EHM,-,EL_ECCC,287,EL_ACD2,-,-,-,-,-,-,-,-,-,-,-,-,-,-,-,-,-,-,-,-,-,-,-,EL_PA115A02_1,115C0209G0100,-,-,-,-,-,-,-,-,-,-,-,-,-,-,-,-,-,-,-,-,-,-,-,-,-,-,-,-,-,-,-,-,-,-,-,-,-,-
EL_PA115A02,56,1300771,46,-,A115A02_2,-,EL_ATYP,?LX?,EL_ECGV,DG240,EL_AMR,!B,EL_ETM,?GT70?,EL_EMCBD,SH,EL_ECGS,-,EL_EHM,-,EL_ECCC,287,EL_ACD2,-,-,-,-,-,-,-,-,-,-,-,-,-,-,-,-,-,-,-,-,-,-,-,EL_PA115A02_1,115C0158G0500,DWG_A115A02_CAR,115C0158G05,-,-,-,-,-,-,-,-,-,-,-,-,-,-,-,-,-,-,-,-,-,-,-,-,-,-,-,-,-,-,-,-,-,-,-,-
EL_PA115A02,56,1300771,47,-,A115A02_2,-,EL_ATYP,?LX?,EL_ECGV,DG200,EL_AMR,!B,EL_ETM,",GETM3.5HA,GETM3.5HB,GETM3.5HC",EL_EMCBD,SH,EL_ECGS,-,EL_EHM,-,EL_ECCC,-,EL_ACD2,-,-,-,-,-,-,-,-,-,-,-,-,-,-,-,-,-,-,-,-,-,-,-,EL_PA115A02_1,11500289G0700,DWG_A115A02_CAR,11500289G07,-,-,-,-,-,-,-,-,-,-,-,-,-,-,-,-,-,-,-,-,-,-,-,-,-,-,-,-,-,-,-,-,-,-,-,-
EL_PA115A02,56,1300771,48,-,A115A02_2,-,EL_ATYP,?LX?,EL_ECGV,DG240,EL_AMR,!B,EL_ETM,",GETM3.5HA,GETM3.5HB,GETM3.5HC",EL_EMCBD,SH,EL_ECGS,-,EL_EHM,-,EL_ECCC,-,EL_ACD2,-,-,-,-,-,-,-,-,-,-,-,-,-,-,-,-,-,-,-,-,-,-,-,EL_PA115A02_1,115C0158G0800,DWG_A115A02_CAR,115C0158G08,-,-,-,-,-,-,-,-,-,-,-,-,-,-,-,-,-,-,-,-,-,-,-,-,-,-,-,-,-,-,-,-,-,-,-,-
EL_PA115A02,56,1300771,49,-,A115A02_2,-,EL_ATYP,?LX?,EL_ECGV,DG240,EL_AMR,!B,EL_ETM,",GETM6.0HA,GETM6.0HB,GETM6.0HC",EL_EMCBD,SH,EL_ECGS,-,EL_EHM,-,EL_ECCC,-,EL_ACD2,-,-,-,-,-,-,-,-,-,-,-,-,-,-,-,-,-,-,-,-,-,-,-,EL_PA115A02_1,115C0158G0900,DWG_A115A02_CAR,115C0158G09,-,-,-,-,-,-,-,-,-,-,-,-,-,-,-,-,-,-,-,-,-,-,-,-,-,-,-,-,-,-,-,-,-,-,-,-
EL_PA115A02,56,1300771,50,-,A115A02_2,-,EL_ATYP,-,EL_ECGV,DG240,EL_AMR,-,EL_ETM,?GT100?,EL_EMCBD,SH,EL_ECGS,-,EL_EHM,-,EL_ECCC,-,EL_ACD2,-,-,-,-,-,-,-,-,-,-,-,-,-,-,-,-,-,-,-,-,-,-,-,EL_PA115A02_1,115C0158G0500,DWG_A115A02_CAR,115C0158G05,-,-,-,-,-,-,-,-,-,-,-,-,-,-,-,-,-,-,-,-,-,-,-,-,-,-,-,-,-,-,-,-,-,-,-,-
EL_PA115A02,56,1300771,51,-,A115A02_2,-,EL_ATYP,-,EL_ECGV,DG240,EL_AMR,-,EL_ETM,?GT101?,EL_EMCBD,SH,EL_ECGS,-,EL_EHM,-,EL_ECCC,-,EL_ACD2,-,-,-,-,-,-,-,-,-,-,-,-,-,-,-,-,-,-,-,-,-,-,-,EL_PA115A02_1,115C0158G0700,-,-,-,-,-,-,-,-,-,-,-,-,-,-,-,-,-,-,-,-,-,-,-,-,-,-,-,-,-,-,-,-,-,-,-,-,-,-
EL_PA115A02,56,1300771,52,-,A115A02_2,-,EL_ATYP,"!(?SS?,?SH?)",EL_ECGV,DG240,EL_AMR,!B,EL_ETM,?GX70?,EL_EMCBD,R,EL_ECGS,-,EL_EHM,-,EL_ECCC,287,EL_ACD2,-,-,-,-,-,-,-,-,-,-,-,-,-,-,-,-,-,-,-,-,-,-,-,EL_PA115A02_1,115C0158G0200,-,-,-,-,-,-,-,-,-,-,-,-,-,-,-,-,-,-,-,-,-,-,-,-,-,-,-,-,-,-,-,-,-,-,-,-,-,-
EL_PA115A02,56,1300771,53,-,A115A02_2,-,EL_ATYP,"!(?SS?,?SH?)",EL_ECGV,DG240,EL_AMR,!B,EL_ETM,?GX70?,EL_EMCBD,!R,EL_ECGS,-,EL_EHM,-,EL_ECCC,287,EL_ACD2,-,-,-,-,-,-,-,-,-,-,-,-,-,-,-,-,-,-,-,-,-,-,-,EL_PA115A02_1,115C0158G0500,DWG_A115A02_CAR,115C0158G05,-,-,-,-,-,-,-,-,-,-,-,-,-,-,-,-,-,-,-,-,-,-,-,-,-,-,-,-,-,-,-,-,-,-,-,-
EL_PA115A02,56,1300771,54,-,A115A02_2,-,EL_ATYP,?LX?,EL_ECGV,",DG240,DG240B",EL_AMR,!B,EL_ETM,?GY?,EL_EMCBD,-,EL_ECGS,-,EL_EHM,-,EL_ECCC,180,EL_ACD2,-,-,-,-,-,-,-,-,-,-,-,-,-,-,-,-,-,-,-,-,-,-,-,EL_PA115A02_1,115C0158G0300,DWG_A115A02_CAR,115C0158G03,-,-,-,-,-,-,-,-,-,-,-,-,-,-,-,-,-,-,-,-,-,-,-,-,-,-,-,-,-,-,-,-,-,-,-,-
EL_PA115A02,56,1300771,55,-,A115A02_2,-,EL_ATYP,?LX?,EL_ECGV,",DG240,DG240B",EL_AMR,!B,EL_ETM,?GY?,EL_EMCBD,-,EL_ECGS,-,EL_EHM,-,EL_ECCC,287,EL_ACD2,?KS?,-,-,-,-,-,-,-,-,-,-,-,-,-,-,-,-,-,-,-,-,-,-,EL_PA115A02_1,115C0158G0500,DWG_A115A02_CAR,115C0158G05,-,-,-,-,-,-,-,-,-,-,-,-,-,-,-,-,-,-,-,-,-,-,-,-,-,-,-,-,-,-,-,-,-,-,-,-
EL_PA115A02,56,1300771,56,-,A115A02_2,-,EL_ATYP,?LX?,EL_ECGV,",DG240,DG240B",EL_AMR,!B,EL_ETM,?GY?,EL_EMCBD,-,EL_ECGS,-,EL_EHM,-,EL_ECCC,287,EL_ACD2,!?KS?,-,-,-,-,-,-,-,-,-,-,-,-,-,-,-,-,-,-,-,-,-,-,EL_PA115A02_1,115101081,-,-,-,-,-,-,-,-,-,-,-,-,-,-,-,-,-,-,-,-,-,-,-,-,-,-,-,-,-,-,-,-,-,-,-,-,-,-
EL_PA115A02,56,1300771,57,-,A115A02_2,-,EL_ATYP,?LX?,EL_ECGV,",DG240,DG240B",EL_AMR,!B,EL_ETM,?GY?,EL_EMCBD,-,EL_ECGS,-,EL_EHM,-,EL_ECCC,460,EL_ACD2,!?KS?,-,-,-,-,-,-,-,-,-,-,-,-,-,-,-,-,-,-,-,-,-,-,EL_PA115A02_1,11510017G0200,-,-,-,-,-,-,-,-,-,-,-,-,-,-,-,-,-,-,-,-,-,-,-,-,-,-,-,-,-,-,-,-,-,-,-,-,-,-
EL_PA115A02,56,1300771,58,-,A115A02_2,-,EL_ATYP,?LX?,EL_ECGV,",DG240,DG240B",EL_AMR,!B,EL_ETM,?GY?,EL_EMCBD,-,EL_ECGS,-,EL_EHM,-,EL_ECCC,460,EL_ACD2,?KS?,-,-,-,-,-,-,-,-,-,-,-,-,-,-,-,-,-,-,-,-,-,-,EL_PA115A02_1,115C0158G0200,-,-,-,-,-,-,-,-,-,-,-,-,-,-,-,-,-,-,-,-,-,-,-,-,-,-,-,-,-,-,-,-,-,-,-,-,-,-
EL_PA115A02,56,1300771,59,-,A115A02_2,-,EL_ATYP,"!(?SS?,?SH?)",EL_ECGV,",DG240,DG240B",EL_AMR,!B,EL_ETM,"!(?GT25?,?GT35?,?GT50?,?GT70?,?GT71?,?GY?)",EL_EMCBD,!SH,EL_ECGS,",N,FL",EL_EHM,-,EL_ECCC,-,EL_ACD2,!?KS?,-,-,-,-,-,-,-,-,-,-,-,-,-,-,-,-,-,-,-,-,-,-,EL_PA115A02_1,11510017G0200,-,-,-,-,-,-,-,-,-,-,-,-,-,-,-,-,-,-,-,-,-,-,-,-,-,-,-,-,-,-,-,-,-,-,-,-,-,-
EL_PA115A02,56,1300771,60,-,A115A02_2,-,EL_ATYP,"!(?SS?,?SH?)",EL_ECGV,",DG240,DG240B",EL_AMR,!B,EL_ETM,"!(?GT25?,?GT35?,?GT50?,?GT70?,?GT71?,?GY?)",EL_EMCBD,!SH,EL_ECGS,",N,FL",EL_EHM,-,EL_ECCC,-,EL_ACD2,?KS?,-,-,-,-,-,-,-,-,-,-,-,-,-,-,-,-,-,-,-,-,-,-,EL_PA115A02_1,115C0158G0200,-,-,-,-,-,-,-,-,-,-,-,-,-,-,-,-,-,-,-,-,-,-,-,-,-,-,-,-,-,-,-,-,-,-,-,-,-,-
EL_PA115A02,56,1300771,61,-,A115A02_2,-,EL_ATYP,"!(?SS?,?SH?)",EL_ECGV,",DG240,DG240B",EL_AMR,!B,EL_ETM,"!(?GT25?,?GT35?,?GT50?,?GT70?,?GT71?,?GY?)",EL_EMCBD,!SH,EL_ECGS,MB,EL_EHM,-,EL_ECCC,-,EL_ACD2,-,-,-,-,-,-,-,-,-,-,-,-,-,-,-,-,-,-,-,-,-,-,-,EL_PA115A02_1,115C0158G0300,DWG_A115A02_CAR,115C0158G03,-,-,-,-,-,-,-,-,-,-,-,-,-,-,-,-,-,-,-,-,-,-,-,-,-,-,-,-,-,-,-,-,-,-,-,-
EL_PA115A02,56,1300771,62,-,A115A02_2,-,EL_ATYP,"!(?SS?,?SH?)",EL_ECGV,",DG240,DG240B",EL_AMR,!B,EL_ETM,"!(?GT25?,?GT35?,?GT50?,?GT70?,?GT71?,?GY?)",EL_EMCBD,!SH,EL_ECGS,HB,EL_EHM,-,EL_ECCC,-,EL_ACD2,-,-,-,-,-,-,-,-,-,-,-,-,-,-,-,-,-,-,-,-,-,-,-,EL_PA115A02_1,115C0158G0400,-,-,-,-,-,-,-,-,-,-,-,-,-,-,-,-,-,-,-,-,-,-,-,-,-,-,-,-,-,-,-,-,-,-,-,-,-,-
EL_PA115A02,56,1300771,63,-,A115A02_2,-,EL_ATYP,?SS?,EL_ECGV,",DG240,DG240B",EL_AMR,-,EL_ETM,-,EL_EMCBD,-,EL_ECGS,RL,EL_EHM,"!(?ST?,MX)",EL_ECCC,-,EL_ACD2,-,-,-,-,-,-,-,-,-,-,-,-,-,-,-,-,-,-,-,-,-,-,-,EL_PA115A02_1,115100244,-,-,-,-,-,-,-,-,-,-,-,-,-,-,-,-,-,-,-,-,-,-,-,-,-,-,-,-,-,-,-,-,-,-,-,-,-,-
EL_PA115A02,56,1300771,64,-,A115A02_2,DG305수정-곽민철M요청(221103),EL_ATYP,!(?SS?),EL_ECGV,",?DG305?,DG310",EL_AMR,-,EL_ETM,-,EL_EMCBD,R,EL_ECGS,-,EL_EHM,-,EL_ECCC,-,EL_ACD2,-,-,-,-,-,-,-,-,-,-,-,-,-,-,-,-,-,-,-,-,-,-,-,EL_PA115A02_1,11510018G0100,-,-,-,-,-,-,-,-,-,-,-,-,-,-,-,-,-,-,-,-,-,-,-,-,-,-,-,-,-,-,-,-,-,-,-,-,-,-
EL_PA115A02,56,1300771,65,-,A115A02_2,DG305수정-곽민철M요청(221103),EL_ATYP,!(?SS?),EL_ECGV,",?DG305?,DG310",EL_AMR,-,EL_ETM,-,EL_EMCBD,!R,EL_ECGS,-,EL_EHM,-,EL_ECCC,-,EL_ACD2,-,-,-,-,-,-,-,-,-,-,-,-,-,-,-,-,-,-,-,-,-,-,-,EL_PA115A02_1,11500187G0100,DWG_A115A02_CAR,11500187G01,-,-,-,-,-,-,-,-,-,-,-,-,-,-,-,-,-,-,-,-,-,-,-,-,-,-,-,-,-,-,-,-,-,-,-,-
EL_PA115A02,56,1300771,66,-,A115A02_2,-,EL_ATYP,"!(?SS?,?SH?)",EL_ECGV,",DG360,DG360S",EL_AMR,!B,EL_ETM,-,EL_EMCBD,-,EL_ECGS,-,EL_EHM,-,EL_ECCC,-,EL_ACD2,-,-,-,-,-,-,-,-,-,-,-,-,-,-,-,-,-,-,-,-,-,-,-,EL_PA115A02_1,115C0143G0100,-,-,-,-,-,-,-,-,-,-,-,-,-,-,-,-,-,-,-,-,-,-,-,-,-,-,-,-,-,-,-,-,-,-,-,-,-,-
EL_PA115A02,56,1300771,67,-,A115A02_2,-,EL_ATYP,-,EL_ECGV,-,EL_AMR,-,EL_ETM,-,EL_EMCBD,-,EL_ECGS,MB,EL_EHM,-,EL_ECCC,-,EL_ACD2,?KS?,-,-,-,-,-,-,-,-,-,-,-,-,-,-,-,-,-,-,-,-,-,-,EL_PA115A02_1,115C0158G0500,DWG_A115A02_CAR,115C0158G05,-,-,-,-,-,-,-,-,-,-,-,-,-,-,-,-,-,-,-,-,-,-,-,-,-,-,-,-,-,-,-,-,-,-,-,-
EL_PA115A02,56,1300771,68,-,A115A02_2,-,EL_ATYP,-,EL_ECGV,-,EL_AMR,-,EL_ETM,-,EL_EMCBD,-,EL_ECGS,MB,EL_EHM,-,EL_ECCC,-,EL_ACD2,!?KS?,-,-,-,-,-,-,-,-,-,-,-,-,-,-,-,-,-,-,-,-,-,-,EL_PA115A02_1,115101081,-,-,-,-,-,-,-,-,-,-,-,-,-,-,-,-,-,-,-,-,-,-,-,-,-,-,-,-,-,-,-,-,-,-,-,-,-,-
EL_PA115A02,56,1300771,69,-,-,-,-,-,-,-,-,-,-,-,-,-,-,-,-,-,-,-,-,-,-,-,-,-,-,-,-,-,-,-,-,-,-,-,-,-,-,-,-,-,-,-,-,-,-,-,-,-,-,-,-,-,-,-,-,-,-,-,-,-,-,-,-,-,-,-,-,-,-,-,-,-,-,-,-,-,-,-,-,-,-,-
EL_PA115A02,56,1300771,70,-,-,-,-,-,-,-,-,-,-,-,-,-,-,-,-,-,-,-,-,-,-,-,-,-,-,-,-,-,-,-,-,-,-,-,-,-,-,-,-,-,-,-,-,-,-,-,-,-,-,-,-,-,-,-,-,-,-,-,-,-,-,-,-,-,-,-,-,-,-,-,-,-,-,-,-,-,-,-,-,-,-,-
EL_PA115A02,56,1300771,71,-,-,-,-,-,-,-,-,-,-,-,-,-,-,-,-,-,-,-,-,-,-,-,-,-,-,-,-,-,-,-,-,-,-,-,-,-,-,-,-,-,-,-,-,-,-,-,-,-,-,-,-,-,-,-,-,-,-,-,-,-,-,-,-,-,-,-,-,-,-,-,-,-,-,-,-,-,-,-,-,-,-,-
EL_PA115A02,56,1300771,72,A115A02_2,-,-,-,-,-,-,-,-,-,-,-,-,-,-,-,-,-,-,-,-,-,-,-,-,-,-,-,-,-,-,-,-,-,-,-,-,-,-,-,-,-,-,-,-,-,-,-,-,-,-,-,-,-,-,-,-,-,-,-,-,-,-,-,-,-,-,-,-,-,-,-,-,-,-,-,-,-,-,-,-,-,-
EL_PA115A02,56,1300771,73,-,A115A02_3,TM BED에 포함되어있음,EL_ABRAND,NEX_MRL,EL_ASPSCD,KC01,EL_ECWGV,LOG03B_240,-,-,-,-,-,-,-,-,-,-,-,-,-,-,-,-,-,-,-,-,-,-,-,-,-,-,-,-,-,-,-,-,-,-,-,-,-,-,-,-,-,-,-,-,-,-,-,-,-,-,-,-,-,-,-,-,-,-,-,-,-,-,-,-,-,-,-,-,-,-,-,-,-,-
EL_PA115A02,56,1300771,74,-,A115A02_3,TM BED에 포함되어있음,EL_ABRAND,NEX_MRL,EL_ASPSCD,KC01,-,-,-,-,-,-,-,-,-,-,-,-,-,-,-,-,-,-,-,-,-,-,-,-,-,-,-,-,-,-,-,-,-,-,-,-,-,-,-,-,-,-,-,-,-,-,-,-,-,-,-,-,-,-,-,-,-,-,-,-,-,-,-,-,-,-,-,-,-,-,-,-,-,-,-,-
EL_PA115A02,56,1300771,75,-,-,-,-,-,-,-,-,-,-,-,-,-,-,-,-,-,-,-,-,-,-,-,-,-,-,-,-,-,-,-,-,-,-,-,-,-,-,-,-,-,-,-,-,-,-,-,-,-,-,-,-,-,-,-,-,-,-,-,-,-,-,-,-,-,-,-,-,-,-,-,-,-,-,-,-,-,-,-,-,-,-,-
EL_PA115A02,56,1300771,76,-,A115A02_3,전산작업요청 04640,EL_ABRAND,NEX_MR,EL_ASPSCD,KC01,EL_ECWGV,LOG03_240,EL_DREUSE,Y,-,-,-,-,-,-,-,-,-,-,-,-,-,-,-,-,-,-,-,-,-,-,-,-,-,-,-,-,-,-,-,-,EL_PA115A02_2,C11510221G2200,-,-,-,-,-,-,-,-,-,-,-,-,-,-,-,-,-,-,-,-,-,-,-,-,-,-,-,-,-,-,-,-,-,-,-,-,-,-
EL_PA115A02,56,1300771,77,-,A115A02_3,-,EL_ABRAND,NEX_MR,EL_ASPSCD,KC01,EL_ECWGV,LOG03_240,EL_DREUSE,N,-,-,-,-,-,-,-,-,-,-,-,-,-,-,-,-,-,-,-,-,-,-,-,-,-,-,-,-,-,-,-,-,EL_PA115A02_2,C11510221G0800,-,-,-,-,-,-,-,-,-,-,-,-,-,-,-,-,-,-,-,-,-,-,-,-,-,-,-,-,-,-,-,-,-,-,-,-,-,-
EL_PA115A02,56,1300771,78,-,A115A02_3,-,EL_ABRAND,NEX_MR,EL_ASPSCD,KC01,-,-,-,-,-,-,-,-,-,-,-,-,-,-,-,-,-,-,-,-,-,-,-,-,-,-,-,-,-,-,-,-,-,-,-,-,-,-,-,-,-,-,-,-,-,-,-,-,-,-,-,-,-,-,-,-,-,-,-,-,-,-,-,-,-,-,-,-,-,-,-,-,-,-,-,-
EL_PA115A02,56,1300771,79,-,-,-,-,-,-,-,-,-,-,-,-,-,-,-,-,-,-,-,-,-,-,-,-,-,-,-,-,-,-,-,-,-,-,-,-,-,-,-,-,-,-,-,-,-,-,-,-,-,-,-,-,-,-,-,-,-,-,-,-,-,-,-,-,-,-,-,-,-,-,-,-,-,-,-,-,-,-,-,-,-,-,-
EL_PA115A02,56,1300771,80,-,A115A02_3,-,EL_ATYP,GTSS_R,EL_DSETUP,?HD_G?,EL_ECWGV,DG240,EL_ECWTP,",R/R,F/R",-,-,-,-,-,-,-,-,-,-,-,-,-,-,-,-,-,-,-,-,-,-,-,-,-,-,-,-,-,-,-,-,EL_PA115A02_2,V0002633G0100,DWG_A115A02_CWT,V0002633,-,-,-,-,-,-,-,-,-,-,-,-,-,-,-,-,-,-,-,-,-,-,-,-,-,-,-,-,-,-,-,-,-,-,-,-
EL_PA115A02,56,1300771,81,-,A115A02_3,-,EL_ATYP,GTSS_R,EL_DSETUP,?HD_G?,EL_ECWGV,DG240,EL_ECWTP,",F/L,R/L",-,-,-,-,-,-,-,-,-,-,-,-,-,-,-,-,-,-,-,-,-,-,-,-,-,-,-,-,-,-,-,-,EL_PA115A02_2,V0002633G0200,DWG_A115A02_CWT,V0002633,-,-,-,-,-,-,-,-,-,-,-,-,-,-,-,-,-,-,-,-,-,-,-,-,-,-,-,-,-,-,-,-,-,-,-,-
EL_PA115A02,56,1300771,82,-,A115A02_3,-,EL_ATYP,GTSS_R,EL_DSETUP,?HD_G?,-,-,-,-,-,-,-,-,-,-,-,-,-,-,-,-,-,-,-,-,-,-,-,-,-,-,-,-,-,-,-,-,-,-,-,-,-,-,-,-,-,-,-,-,-,-,-,-,-,-,-,-,-,-,-,-,-,-,-,-,-,-,-,-,-,-,-,-,-,-,-,-,-,-,-,-
EL_PA115A02,56,1300771,83,-,-,-,-,-,-,-,-,-,-,-,-,-,-,-,-,-,-,-,-,-,-,-,-,-,-,-,-,-,-,-,-,-,-,-,-,-,-,-,-,-,-,-,-,-,-,-,-,-,-,-,-,-,-,-,-,-,-,-,-,-,-,-,-,-,-,-,-,-,-,-,-,-,-,-,-,-,-,-,-,-,-,-
EL_PA115A02,56,1300771,84,-,A115A02_3,-,EL_ATYP,",GTSS,GTSS_E",EL_ECWGV,DG240,EL_ETM,GH25E,EL_ECWTP,",F/L,R/L",EL_ECWRL,8,-,-,-,-,-,-,-,-,-,-,-,-,-,-,-,-,-,-,-,-,-,-,-,-,-,-,-,-,-,-,EL_PA115A02_2,11510162G0700,DWG_A115A02_CWT,11510162,-,-,-,-,-,-,-,-,-,-,-,-,-,-,-,-,-,-,-,-,-,-,-,-,-,-,-,-,-,-,-,-,-,-,-,-
EL_PA115A02,56,1300771,85,-,A115A02_3,-,EL_ATYP,",GTSS,GTSS_E",EL_ECWGV,DG240,EL_ETM,GH25E,EL_ECWTP,",R/R,F/R",EL_ECWRL,8,-,-,-,-,-,-,-,-,-,-,-,-,-,-,-,-,-,-,-,-,-,-,-,-,-,-,-,-,-,-,EL_PA115A02_2,11510162G0800,DWG_A115A02_CWT,11510162,-,-,-,-,-,-,-,-,-,-,-,-,-,-,-,-,-,-,-,-,-,-,-,-,-,-,-,-,-,-,-,-,-,-,-,-
EL_PA115A02,56,1300771,86,-,A115A02_3,작업요청 02416,EL_ATYP,",GTSS,GTSS_E",EL_ECWGV,DG240,EL_ETM,?GH31?,EL_ECWTP,",R/R,F/R",EL_ECWRL,8,-,-,-,-,-,-,-,-,-,-,-,-,-,-,-,-,-,-,-,-,-,-,-,-,-,-,-,-,-,-,EL_PA115A02_2,11510132G0100,DWG_A115A02_CWT,11510132,-,-,-,-,-,-,-,-,-,-,-,-,-,-,-,-,-,-,-,-,-,-,-,-,-,-,-,-,-,-,-,-,-,-,-,-
EL_PA115A02,56,1300771,87,-,A115A02_3,작업요청 02416,EL_ATYP,",GTSS,GTSS_E",EL_ECWGV,DG240,EL_ETM,?GH31?,EL_ECWTP,",R/L,F/L",EL_ECWRL,8,-,-,-,-,-,-,-,-,-,-,-,-,-,-,-,-,-,-,-,-,-,-,-,-,-,-,-,-,-,-,EL_PA115A02_2,11510132G0200,DWG_A115A02_CWT,11510132,-,-,-,-,-,-,-,-,-,-,-,-,-,-,-,-,-,-,-,-,-,-,-,-,-,-,-,-,-,-,-,-,-,-,-,-
EL_PA115A02,56,1300771,88,-,A115A02_3,-,EL_ATYP,",GTSS,GTSS_E",EL_ECWGV,DG240,EL_ETM,GH35B,EL_ECWTP,",F/L,R/L",EL_ECWRL,",13,89",-,-,-,-,-,-,-,-,-,-,-,-,-,-,-,-,-,-,-,-,-,-,-,-,-,-,-,-,-,-,EL_PA115A02_2,11510162G0500,DWG_A115A02_CWT,11510162,-,-,-,-,-,-,-,-,-,-,-,-,-,-,-,-,-,-,-,-,-,-,-,-,-,-,-,-,-,-,-,-,-,-,-,-
EL_PA115A02,56,1300771,89,-,A115A02_3,-,EL_ATYP,",GTSS,GTSS_E",EL_ECWGV,DG240,EL_ETM,GH35B,EL_ECWTP,",R/R,F/R",EL_ECWRL,",13,89",-,-,-,-,-,-,-,-,-,-,-,-,-,-,-,-,-,-,-,-,-,-,-,-,-,-,-,-,-,-,EL_PA115A02_2,11510162G0600,DWG_A115A02_CWT,11510162,-,-,-,-,-,-,-,-,-,-,-,-,-,-,-,-,-,-,-,-,-,-,-,-,-,-,-,-,-,-,-,-,-,-,-,-
EL_PA115A02,56,1300771,90,-,A115A02_3,-,EL_ATYP,",GTSS,GTSS_E",EL_ECWGV,DG240,EL_ETM,GH35C,EL_ECWTP,",F/L,R/L",EL_ECWRL,8,-,-,-,-,-,-,-,-,-,-,-,-,-,-,-,-,-,-,-,-,-,-,-,-,-,-,-,-,-,-,EL_PA115A02_2,11510162G0100,DWG_A115A02_CWT,11510162,-,-,-,-,-,-,-,-,-,-,-,-,-,-,-,-,-,-,-,-,-,-,-,-,-,-,-,-,-,-,-,-,-,-,-,-
EL_PA115A02,56,1300771,91,-,A115A02_3,-,EL_ATYP,",GTSS,GTSS_E",EL_ECWGV,DG240,EL_ETM,GH35C,EL_ECWTP,",F/L,R/L",EL_ECWRL,",13,89",-,-,-,-,-,-,-,-,-,-,-,-,-,-,-,-,-,-,-,-,-,-,-,-,-,-,-,-,-,-,EL_PA115A02_2,11510162G0200,DWG_A115A02_CWT,11510162,-,-,-,-,-,-,-,-,-,-,-,-,-,-,-,-,-,-,-,-,-,-,-,-,-,-,-,-,-,-,-,-,-,-,-,-
EL_PA115A02,56,1300771,92,-,A115A02_3,-,EL_ATYP,",GTSS,GTSS_E",EL_ECWGV,DG240,EL_ETM,GH35C,EL_ECWTP,",R/R,F/R",EL_ECWRL,8,-,-,-,-,-,-,-,-,-,-,-,-,-,-,-,-,-,-,-,-,-,-,-,-,-,-,-,-,-,-,EL_PA115A02_2,11510162G0300,DWG_A115A02_CWT,11510162,-,-,-,-,-,-,-,-,-,-,-,-,-,-,-,-,-,-,-,-,-,-,-,-,-,-,-,-,-,-,-,-,-,-,-,-
EL_PA115A02,56,1300771,93,-,A115A02_3,-,EL_ATYP,",GTSS,GTSS_E",EL_ECWGV,DG240,EL_ETM,GH35C,EL_ECWTP,",R/R,F/R",EL_ECWRL,",13,89",-,-,-,-,-,-,-,-,-,-,-,-,-,-,-,-,-,-,-,-,-,-,-,-,-,-,-,-,-,-,EL_PA115A02_2,11510162G0400,DWG_A115A02_CWT,11510162,-,-,-,-,-,-,-,-,-,-,-,-,-,-,-,-,-,-,-,-,-,-,-,-,-,-,-,-,-,-,-,-,-,-,-,-
EL_PA115A02,56,1300771,94,-,A115A02_3,-,EL_ATYP,",GTSS,GTSS_E",EL_ECWGV,DG240,EL_ACAPA,<=1600,-,-,-,-,-,-,-,-,-,-,-,-,-,-,-,-,-,-,-,-,-,-,-,-,-,-,-,-,-,-,-,-,-,-,EL_PA115A02_2,11510023G010A,DWG_A115A02_CWT,11510023,-,-,-,-,-,-,-,-,-,-,-,-,-,-,-,-,-,-,-,-,-,-,-,-,-,-,-,-,-,-,-,-,-,-,-,-
EL_PA115A02,56,1300771,95,-,A115A02_3,-,EL_ATYP,",GTLX,GTLX_E",EL_ECWGV,DG200,-,-,-,-,-,-,-,-,-,-,-,-,-,-,-,-,-,-,-,-,-,-,-,-,-,-,-,-,-,-,-,-,-,-,-,-,EL_PA115A02_2,11510036G0200,-,-,-,-,-,-,-,-,-,-,-,-,-,-,-,-,-,-,-,-,-,-,-,-,-,-,-,-,-,-,-,-,-,-,-,-,-,-
EL_PA115A02,56,1300771,96,-,A115A02_3,-,EL_ATYP,",GTLX,GTLX_E",EL_ECWGV,DG240,-,-,-,-,-,-,-,-,-,-,-,-,-,-,-,-,-,-,-,-,-,-,-,-,-,-,-,-,-,-,-,-,-,-,-,-,EL_PA115A02_2,11510036G0700,-,-,-,-,-,-,-,-,-,-,-,-,-,-,-,-,-,-,-,-,-,-,-,-,-,-,-,-,-,-,-,-,-,-,-,-,-,-
EL_PA115A02,56,1300771,97,-,A115A02_3,-,EL_ATYP,",GTLX,GTLX_E",-,-,-,-,-,-,-,-,-,-,-,-,-,-,-,-,-,-,-,-,-,-,-,-,-,-,-,-,-,-,-,-,-,-,-,-,-,-,-,-,-,-,-,-,-,-,-,-,-,-,-,-,-,-,-,-,-,-,-,-,-,-,-,-,-,-,-,-,-,-,-,-,-,-,-,-,-,-
EL_PA115A02,56,1300771,98,-,A115A02_3,-,EL_ATYP,",GTSS,GTSS_E",-,-,-,-,-,-,-,-,-,-,-,-,-,-,-,-,-,-,-,-,-,-,-,-,-,-,-,-,-,-,-,-,-,-,-,-,-,-,-,-,-,-,-,-,-,-,-,-,-,-,-,-,-,-,-,-,-,-,-,-,-,-,-,-,-,-,-,-,-,-,-,-,-,-,-,-,-,-
EL_PA115A02,56,1300771,99,-,-,-,-,-,-,-,-,-,-,-,-,-,-,-,-,-,-,-,-,-,-,-,-,-,-,-,-,-,-,-,-,-,-,-,-,-,-,-,-,-,-,-,-,-,-,-,-,-,-,-,-,-,-,-,-,-,-,-,-,-,-,-,-,-,-,-,-,-,-,-,-,-,-,-,-,-,-,-,-,-,-,-
EL_PA115A02,56,1300771,100,-,A115A02_3,-,EL_ATYP,"!(?SS?,?SH?)",EL_ECWGV,DG200,EL_AMR,!B,EL_ECWRL,-,EL_ECWGP,-,EL_ECWTP,-,EL_ETM,-,EL_ECWSF,-,EL_ECWCC,-,EL_ACD2,?KS?,-,-,-,-,-,-,-,-,-,-,-,-,-,-,-,-,-,-,-,-,EL_PA115A02_2,11500289G0200,-,-,-,-,-,-,-,-,-,-,-,-,-,-,-,-,-,-,-,-,-,-,-,-,-,-,-,-,-,-,-,-,-,-,-,-,-,-
EL_PA115A02,56,1300771,101,-,A115A02_3,-,EL_ATYP,"!(?SS?,?SH?)",EL_ECWGV,DG200,EL_AMR,!B,EL_ECWRL,-,EL_ECWGP,-,EL_ECWTP,-,EL_ETM,-,EL_ECWSF,-,EL_ECWCC,-,EL_ACD2,!?KS?,-,-,-,-,-,-,-,-,-,-,-,-,-,-,-,-,-,-,-,-,EL_PA115A02_2,115101081,-,-,-,-,-,-,-,-,-,-,-,-,-,-,-,-,-,-,-,-,-,-,-,-,-,-,-,-,-,-,-,-,-,-,-,-,-,-
EL_PA115A02,56,1300771,102,-,A115A02_3,-,EL_ATYP,",?WBSS2?,GTSS_R",EL_ECWGV,DG240,EL_AMR,!B,EL_ECWRL,-,EL_ECWGP,-,EL_ECWTP,",F/R,R/R",EL_ETM,-,EL_ECWSF,-,EL_ECWCC,85,EL_ACD2,-,-,-,-,-,-,-,-,-,-,-,-,-,-,-,-,-,-,-,-,-,EL_PA115A02_2,11500237G010A,DWG_A115A02_CWT,11500237,-,-,-,-,-,-,-,-,-,-,-,-,-,-,-,-,-,-,-,-,-,-,-,-,-,-,-,-,-,-,-,-,-,-,-,-
EL_PA115A02,56,1300771,103,-,A115A02_3,-,EL_ATYP,",?WBSS2?,GTSS_R",EL_ECWGV,DG240,EL_AMR,!B,EL_ECWRL,-,EL_ECWGP,-,EL_ECWTP,",F/L,R/L",EL_ETM,-,EL_ECWSF,-,EL_ECWCC,85,EL_ACD2,-,-,-,-,-,-,-,-,-,-,-,-,-,-,-,-,-,-,-,-,-,EL_PA115A02_2,11500237G020A,DWG_A115A02_CWT,11500237,-,-,-,-,-,-,-,-,-,-,-,-,-,-,-,-,-,-,-,-,-,-,-,-,-,-,-,-,-,-,-,-,-,-,-,-
EL_PA115A02,56,1300771,104,-,A115A02_3,-,EL_ATYP,",?WBSS2?,GTSS_R",EL_ECWGV,DG240,EL_AMR,!B,EL_ECWRL,8,EL_ECWGP,-,EL_ECWTP,",F/R,R/R",EL_ETM,",GY35A,GY35B",EL_ECWSF,!N,EL_ECWCC,",136,137",EL_ACD2,-,-,-,-,-,-,-,-,-,-,-,-,-,-,-,-,-,-,-,-,-,EL_PA115A02_2,11510105G0200,-,-,-,-,-,-,-,-,-,-,-,-,-,-,-,-,-,-,-,-,-,-,-,-,-,-,-,-,-,-,-,-,-,-,-,-,-,-
EL_PA115A02,56,1300771,105,-,A115A02_3,-,EL_ATYP,",?WBSS2?,GTSS_R",EL_ECWGV,DG240,EL_AMR,!B,EL_ECWRL,8,EL_ECWGP,-,EL_ECWTP,",F/R,R/R",EL_ETM,",GY35C,GY35D",EL_ECWSF,!N,EL_ECWCC,",136,137",EL_ACD2,-,-,-,-,-,-,-,-,-,-,-,-,-,-,-,-,-,-,-,-,-,EL_PA115A02_2,11510105G0700,-,-,-,-,-,-,-,-,-,-,-,-,-,-,-,-,-,-,-,-,-,-,-,-,-,-,-,-,-,-,-,-,-,-,-,-,-,-
EL_PA115A02,56,1300771,106,-,A115A02_3,-,EL_ATYP,",?WBSS2?,GTSS_R",EL_ECWGV,DG240,EL_AMR,!B,EL_ECWRL,8,EL_ECWGP,-,EL_ECWTP,",F/L,R/L",EL_ETM,",GY35A,GY35B",EL_ECWSF,!N,EL_ECWCC,",136,137",EL_ACD2,-,-,-,-,-,-,-,-,-,-,-,-,-,-,-,-,-,-,-,-,-,EL_PA115A02_2,11510105G0500,-,-,-,-,-,-,-,-,-,-,-,-,-,-,-,-,-,-,-,-,-,-,-,-,-,-,-,-,-,-,-,-,-,-,-,-,-,-
EL_PA115A02,56,1300771,107,-,A115A02_3,-,EL_ATYP,",?WBSS2?,GTSS_R",EL_ECWGV,DG240,EL_AMR,!B,EL_ECWRL,8,EL_ECWGP,-,EL_ECWTP,",F/L,R/L",EL_ETM,",GY35C,GY35D",EL_ECWSF,!N,EL_ECWCC,",136,137",EL_ACD2,-,-,-,-,-,-,-,-,-,-,-,-,-,-,-,-,-,-,-,-,-,EL_PA115A02_2,11510105G0800,-,-,-,-,-,-,-,-,-,-,-,-,-,-,-,-,-,-,-,-,-,-,-,-,-,-,-,-,-,-,-,-,-,-,-,-,-,-
EL_PA115A02,56,1300771,108,-,A115A02_3,-,EL_ATYP,",?WBSS2?,GTSS_R",EL_ECWGV,DG240,EL_AMR,!B,EL_ECWRL,",13,89",EL_ECWGP,-,EL_ECWTP,",F/R,R/R",EL_ETM,",?GY40?,?GY55?",EL_ECWSF,!N,EL_ECWCC,",136,137",EL_ACD2,-,-,-,-,-,-,-,-,-,-,-,-,-,-,-,-,-,-,-,-,-,EL_PA115A02_2,11510105G0100,-,-,-,-,-,-,-,-,-,-,-,-,-,-,-,-,-,-,-,-,-,-,-,-,-,-,-,-,-,-,-,-,-,-,-,-,-,-
EL_PA115A02,56,1300771,109,-,A115A02_3,-,EL_ATYP,",?WBSS2?,GTSS_R",EL_ECWGV,DG240,EL_AMR,!B,EL_ECWRL,",13,89",EL_ECWGP,-,EL_ECWTP,",F/L,R/L",EL_ETM,",?GY40?,?GY55?",EL_ECWSF,!N,EL_ECWCC,",136,137",EL_ACD2,-,-,-,-,-,-,-,-,-,-,-,-,-,-,-,-,-,-,-,-,-,EL_PA115A02_2,11510105G0300,-,-,-,-,-,-,-,-,-,-,-,-,-,-,-,-,-,-,-,-,-,-,-,-,-,-,-,-,-,-,-,-,-,-,-,-,-,-
EL_PA115A02,56,1300771,110,-,A115A02_3,-,EL_ATYP,",?WBSS2?,GTSS_R",EL_ECWGV,DG240,EL_AMR,!B,EL_ECWRL,18,EL_ECWGP,-,EL_ECWTP,",F/R,R/R",EL_ETM,?GY55?,EL_ECWSF,!N,EL_ECWCC,",136,137",EL_ACD2,-,-,-,-,-,-,-,-,-,-,-,-,-,-,-,-,-,-,-,-,-,EL_PA115A02_2,11510105G0600,-,-,-,-,-,-,-,-,-,-,-,-,-,-,-,-,-,-,-,-,-,-,-,-,-,-,-,-,-,-,-,-,-,-,-,-,-,-
EL_PA115A02,56,1300771,111,-,A115A02_3,-,EL_ATYP,",?WBSS2?,GTSS_R",EL_ECWGV,DG240,EL_AMR,!B,EL_ECWRL,18,EL_ECWGP,-,EL_ECWTP,",F/L,R/L",EL_ETM,?GY55?,EL_ECWSF,!N,EL_ECWCC,",136,137",EL_ACD2,-,-,-,-,-,-,-,-,-,-,-,-,-,-,-,-,-,-,-,-,-,EL_PA115A02_2,11510105G0400,-,-,-,-,-,-,-,-,-,-,-,-,-,-,-,-,-,-,-,-,-,-,-,-,-,-,-,-,-,-,-,-,-,-,-,-,-,-
EL_PA115A02,56,1300771,112,-,A115A02_3,-,EL_ATYP,"!(?SS?,?SH?)",EL_ECWGV,DG240,EL_AMR,!B,EL_ECWRL,-,EL_ECWGP,-,EL_ECWTP,-,EL_ETM,-,EL_ECWSF,-,EL_ECWCC,-,EL_ACD2,?KS?,-,-,-,-,-,-,-,-,-,-,-,-,-,-,-,-,-,-,-,-,EL_PA115A02_2,115C0158G0200,-,-,-,-,-,-,-,-,-,-,-,-,-,-,-,-,-,-,-,-,-,-,-,-,-,-,-,-,-,-,-,-,-,-,-,-,-,-
EL_PA115A02,56,1300771,113,-,A115A02_3,-,EL_ATYP,"!(?SS?,?SH?)",EL_ECWGV,DG240,EL_AMR,!B,EL_ECWRL,-,EL_ECWGP,-,EL_ECWTP,-,EL_ETM,-,EL_ECWSF,-,EL_ECWCC,-,EL_ACD2,!?KS?,-,-,-,-,-,-,-,-,-,-,-,-,-,-,-,-,-,-,-,-,EL_PA115A02_2,115101080,-,-,-,-,-,-,-,-,-,-,-,-,-,-,-,-,-,-,-,-,-,-,-,-,-,-,-,-,-,-,-,-,-,-,-,-,-,-
EL_PA115A02,56,1300771,114,-,A115A02_3,-,EL_ATYP,",?SSVF?,GTSS_R",EL_ECWGV,",DG240,DG240B,DG240E",EL_AMR,-,EL_ECWRL,8,EL_ECWGP,-,EL_ECWTP,-,EL_ETM,!(?GY?),EL_ECWSF,GSC330,EL_ECWCC,-,EL_ACD2,-,-,-,-,-,-,-,-,-,-,-,-,-,-,-,-,-,-,-,-,-,EL_PA115A02_2,11510111G0100,-,-,-,-,-,-,-,-,-,-,-,-,-,-,-,-,-,-,-,-,-,-,-,-,-,-,-,-,-,-,-,-,-,-,-,-,-,-
EL_PA115A02,56,1300771,115,-,A115A02_3,-,EL_ATYP,",?SSVF?,GTSS_R",EL_ECWGV,",DG240,DG240B,DG240E",EL_AMR,-,EL_ECWRL,",13,89",EL_ECWGP,-,EL_ECWTP,-,EL_ETM,!(?GY?),EL_ECWSF,GSC330,EL_ECWCC,-,EL_ACD2,-,-,-,-,-,-,-,-,-,-,-,-,-,-,-,-,-,-,-,-,-,EL_PA115A02_2,11510111G0200,-,-,-,-,-,-,-,-,-,-,-,-,-,-,-,-,-,-,-,-,-,-,-,-,-,-,-,-,-,-,-,-,-,-,-,-,-,-
EL_PA115A02,56,1300771,116,-,A115A02_3,-,EL_ATYP,",?SSVF?,GTSS_R",EL_ECWGV,",DG240,DG240B",EL_AMR,-,EL_ECWRL,",13,89",EL_ECWGP,",R/L,F/R",EL_ECWTP,-,EL_ETM,!(?GY?),EL_ECWSF,!(GSC330),EL_ECWCC,-,EL_ACD2,-,-,-,-,-,-,-,-,-,-,-,-,-,-,-,-,-,-,-,-,-,EL_PA115A02_2,115100744,-,-,-,-,-,-,-,-,-,-,-,-,-,-,-,-,-,-,-,-,-,-,-,-,-,-,-,-,-,-,-,-,-,-,-,-,-,-
EL_PA115A02,56,1300771,117,-,A115A02_3,-,EL_ATYP,",?SSVF?,GTSS_R",EL_ECWGV,",DG240,DG240B,DG240E",EL_AMR,-,EL_ECWRL,18,EL_ECWGP,-,EL_ECWTP,-,EL_ETM,!(?GY?),EL_ECWSF,GSC330,EL_ECWCC,-,EL_ACD2,-,-,-,-,-,-,-,-,-,-,-,-,-,-,-,-,-,-,-,-,-,EL_PA115A02_2,115100732,-,-,-,-,-,-,-,-,-,-,-,-,-,-,-,-,-,-,-,-,-,-,-,-,-,-,-,-,-,-,-,-,-,-,-,-,-,-
EL_PA115A02,56,1300771,118,-,A115A02_3,DG305수정-곽민철M요청(221103),EL_ATYP,!(?SS?),EL_ECWGV,",DG305A,DG310",EL_AMR,!B,EL_ECWRL,-,EL_ECWGP,-,EL_ECWTP,-,EL_ETM,-,EL_ECWSF,-,EL_ECWCC,-,EL_ACD2,-,-,-,-,-,-,-,-,-,-,-,-,-,-,-,-,-,-,-,-,-,EL_PA115A02_2,11510018G0100,-,-,-,-,-,-,-,-,-,-,-,-,-,-,-,-,-,-,-,-,-,-,-,-,-,-,-,-,-,-,-,-,-,-,-,-,-,-
EL_PA115A02,56,1300771,119,-,-,-,-,-,-,-,-,-,-,-,-,-,-,-,-,-,-,-,-,-,-,-,-,-,-,-,-,-,-,-,-,-,-,-,-,-,-,-,-,-,-,-,-,-,-,-,-,-,-,-,-,-,-,-,-,-,-,-,-,-,-,-,-,-,-,-,-,-,-,-,-,-,-,-,-,-,-,-,-,-,-,-
EL_PA115A02,56,1300771,120,A115A02_3,-,-,-,-,-,-,-,-,-,-,-,-,-,-,-,-,-,-,-,-,-,-,-,-,-,-,-,-,-,-,-,-,-,-,-,-,-,-,-,-,-,-,-,-,-,-,-,-,-,-,-,-,-,-,-,-,-,-,-,-,-,-,-,-,-,-,-,-,-,-,-,-,-,-,-,-,-,-,-,-,-,-
EL_PA115A02,56,1300771,121,-,STOP,작업요청 04416-COMPEN 조건 삭제,EL_ATYP,!(?SS?),EL_ECGV,DG305S,EL_ECWTP,",R/L,R/R",EL_DETS,Y,EL_ASPD,">=180,<=240",-,-,-,-,-,-,-,-,-,-,-,-,-,-,-,-,-,-,-,-,-,-,-,-,-,-,-,-,-,-,EL_PA115A02_3,11510171G0100,DWG_A115A02_CAR2,11510171G01,-,-,-,-,-,-,-,-,-,-,-,-,-,-,-,-,-,-,-,-,-,-,-,-,-,-,-,-,-,-,-,-,-,-,-,-
EL_PA115A02,56,1300771,122,-,STOP,작업요청 04651-추가 수배_곽민철M요청,EL_ASPD,180,ETS_SPD1,W,EL_ECWTP,",R/L,R/R",EL_DETS,!Y,-,-,-,-,-,-,-,-,-,-,-,-,-,-,-,-,-,-,-,-,-,-,-,-,-,-,-,-,-,-,-,-,EL_PA115A02_3,11510171G0100 ,DWG_A115A02_CAR2,11510171G01,-,-,-,-,-,-,-,-,-,-,-,-,-,-,-,-,-,-,-,-,-,-,-,-,-,-,-,-,-,-,-,-,-,-,-,-
EL_PA115A02,57,1300802,1,INIT,-,-,-,-,-,-,-,-,-,-,-,-,-,-,-,-,-,-,-,-,-,-,-,-,-,-,-,-,-,-,-,-,-,-,-,-,-,-,-,-,-,-,-,-,-,-,-,-,-,-,-,-,-,-,-,-,-,-,-,-,-,-,-,-,-,-,-,-,-,-,-,-,-,-,-,-,-,-,-,-,-,-
EL_PA115A02,57,1300802,2,-,-,ETS_SPD1,-,-,-,-,-,-,-,-,-,-,-,-,-,-,-,-,-,-,-,-,-,-,-,-,-,-,-,-,-,-,-,-,-,-,-,-,-,-,-,-,CALL,CAL_ETS_SPD1,-,-,-,-,-,-,-,-,-,-,-,-,-,-,-,-,-,-,-,-,-,-,-,-,-,-,-,-,-,-,-,-,-,-,-,-,-,-
EL_PA115A02,57,1300802,3,-,-,로직 개선 24.12.11,-,-,-,-,-,-,-,-,-,-,-,-,-,-,-,-,-,-,-,-,-,-,-,-,-,-,-,-,-,-,-,-,-,-,-,-,-,-,-,-,OUTPUT,EL_PA115A02_1,DWG_A115A02_CAR,-,-,-,-,-,-,-,-,-,-,-,-,-,-,-,-,-,-,-,-,-,-,-,-,-,-,-,-,-,-,-,-,-,-,-,-,-
EL_PA115A02,57,1300802,4,-,-,-,-,-,-,-,-,-,-,-,-,-,-,-,-,-,-,-,-,-,-,-,-,-,-,-,-,-,-,-,-,-,-,-,-,-,-,-,-,-,-,-,EL_PA115A02_1,-,-,-,-,-,-,-,-,-,-,-,-,-,-,-,-,-,-,-,-,-,-,-,-,-,-,-,-,-,-,-,-,-,-,-,-,-,-,-
EL_PA115A02,57,1300802,5,-,-,"DWG_A115A02_CWT : EL_PA115B에서 사용
로직 개선 24.12.11",-,-,-,-,-,-,-,-,-,-,-,-,-,-,-,-,-,-,-,-,-,-,-,-,-,-,-,-,-,-,-,-,-,-,-,-,-,-,-,-,OUTPUT,EL_PA115A02_2,DWG_A115A02_CWT,-,-,-,-,-,-,-,-,-,-,-,-,-,-,-,-,-,-,-,-,-,-,-,-,-,-,-,-,-,-,-,-,-,-,-,-,-
EL_PA115A02,57,1300802,6,-,-,-,-,-,-,-,-,-,-,-,-,-,-,-,-,-,-,-,-,-,-,-,-,-,-,-,-,-,-,-,-,-,-,-,-,-,-,-,-,-,-,-,EL_PA115A02_2,-,-,-,-,-,-,-,-,-,-,-,-,-,-,-,-,-,-,-,-,-,-,-,-,-,-,-,-,-,-,-,-,-,-,-,-,-,-,-
EL_PA115A02,57,1300802,7,-,-,"EL_PA115A02_1 에서 선택하여쓰도록 중복출력(작업요청 01642)
로직 개선 24.12.11",-,-,-,-,-,-,-,-,-,-,-,-,-,-,-,-,-,-,-,-,-,-,-,-,-,-,-,-,-,-,-,-,-,-,-,-,-,-,-,-,OUTPUT,EL_PA115A02_3,DWG_A115A02_CAR2,-,-,-,-,-,-,-,-,-,-,-,-,-,-,-,-,-,-,-,-,-,-,-,-,-,-,-,-,-,-,-,-,-,-,-,-,-
EL_PA115A02,57,1300802,8,-,-,-,-,-,-,-,-,-,-,-,-,-,-,-,-,-,-,-,-,-,-,-,-,-,-,-,-,-,-,-,-,-,-,-,-,-,-,-,-,-,-,-,EL_PA115A02_3,-,-,-,-,-,-,-,-,-,-,-,-,-,-,-,-,-,-,-,-,-,-,-,-,-,-,-,-,-,-,-,-,-,-,-,-,-,-,-
EL_PA115A02,57,1300802,9,MAIN,-,-,-,-,-,-,-,-,-,-,-,-,-,-,-,-,-,-,-,-,-,-,-,-,-,-,-,-,-,-,-,-,-,-,-,-,-,-,-,-,-,-,-,-,-,-,-,-,-,-,-,-,-,-,-,-,-,-,-,-,-,-,-,-,-,-,-,-,-,-,-,-,-,-,-,-,-,-,-,-,-,-
EL_PA115A02,57,1300802,10,-,-,-,-,-,-,-,-,-,-,-,-,-,-,-,-,-,-,-,-,-,-,-,-,-,-,-,-,-,-,-,-,-,-,-,-,-,-,-,-,-,-,-,-,-,-,-,-,-,-,-,-,-,-,-,-,-,-,-,-,-,-,-,-,-,-,-,-,-,-,-,-,-,-,-,-,-,-,-,-,-,-,-
EL_PA115A02,57,1300802,11,-,STOP,전산작업요청 04640,EL_ABRAND,LUXEN_2,EL_ASPSCD,KC01,EL_ECGV,LOG03_200,EL_ECWTP,R,EL_ACAPA,">=1000,<=1200",EL_ASPD,105,EL_DREUSE,Y,-,-,-,-,-,-,-,-,-,-,-,-,-,-,-,-,-,-,-,-,-,-,-,-,-,-,EL_PA115A02_1,C11510221G2000,-,-,-,-,-,-,-,-,-,-,-,-,-,-,-,-,-,-,-,-,-,-,-,-,-,-,-,-,-,-,-,-,-,-,-,-,-,-
EL_PA115A02,57,1300802,12,-,STOP,-,EL_ABRAND,LUXEN_2,EL_ASPSCD,KC01,EL_ECGV,LOG03_200,EL_ECWTP,R,EL_ACAPA,">=1000,<=1200",EL_ASPD,105,EL_DREUSE,N,-,-,-,-,-,-,-,-,-,-,-,-,-,-,-,-,-,-,-,-,-,-,-,-,-,-,EL_PA115A02_1,C11510221G0100,-,-,-,-,-,-,-,-,-,-,-,-,-,-,-,-,-,-,-,-,-,-,-,-,-,-,-,-,-,-,-,-,-,-,-,-,-,-
EL_PA115A02,57,1300802,13,-,STOP,전산작업요청 04640,EL_ABRAND,LUXEN_2,EL_ASPSCD,KC01,EL_ECGV,LOG03_240,EL_ECWTP,R,EL_ACAPA,">=1000,<=1200",EL_ASPD,120,EL_DREUSE,Y,-,-,-,-,-,-,-,-,-,-,-,-,-,-,-,-,-,-,-,-,-,-,-,-,-,-,EL_PA115A02_1,C11510221G2200,-,-,-,-,-,-,-,-,-,-,-,-,-,-,-,-,-,-,-,-,-,-,-,-,-,-,-,-,-,-,-,-,-,-,-,-,-,-
EL_PA115A02,57,1300802,14,-,STOP,-,EL_ABRAND,LUXEN_2,EL_ASPSCD,KC01,EL_ECGV,LOG03_240,EL_ECWTP,R,EL_ACAPA,">=1000,<=1200",EL_ASPD,120,EL_DREUSE,N,-,-,-,-,-,-,-,-,-,-,-,-,-,-,-,-,-,-,-,-,-,-,-,-,-,-,EL_PA115A02_1,C11510221G0800,-,-,-,-,-,-,-,-,-,-,-,-,-,-,-,-,-,-,-,-,-,-,-,-,-,-,-,-,-,-,-,-,-,-,-,-,-,-
EL_PA115A02,57,1300802,15,-,STOP,-,EL_ABRAND,LUXEN_2,EL_ASPSCD,KC01,-,-,-,-,-,-,-,-,-,-,-,-,-,-,-,-,-,-,-,-,-,-,-,-,-,-,-,-,-,-,-,-,-,-,-,-,-,-,-,-,-,-,-,-,-,-,-,-,-,-,-,-,-,-,-,-,-,-,-,-,-,-,-,-,-,-,-,-,-,-,-,-,-,-,-,-
EL_PA115A02,57,1300802,16,-,-,-,-,-,-,-,-,-,-,-,-,-,-,-,-,-,-,-,-,-,-,-,-,-,-,-,-,-,-,-,-,-,-,-,-,-,-,-,-,-,-,-,-,-,-,-,-,-,-,-,-,-,-,-,-,-,-,-,-,-,-,-,-,-,-,-,-,-,-,-,-,-,-,-,-,-,-,-,-,-,-,-
EL_PA115A02,57,1300802,17,-,A115A02_2,전산작업요청 04640,EL_ABRAND,NEX_MR,EL_ASPSCD,KC01,EL_ECGV,LOG03_200,EL_ECWTP,R,EL_DREUSE,Y,-,-,-,-,-,-,-,-,-,-,-,-,-,-,-,-,-,-,-,-,-,-,-,-,-,-,-,-,-,-,EL_PA115A02_1,C11510221G2000,-,-,-,-,-,-,-,-,-,-,-,-,-,-,-,-,-,-,-,-,-,-,-,-,-,-,-,-,-,-,-,-,-,-,-,-,-,-
EL_PA115A02,57,1300802,18,-,A115A02_2,-,EL_ABRAND,NEX_MR,EL_ASPSCD,KC01,EL_ECGV,LOG03_200,EL_ECWTP,R,EL_DREUSE,N,-,-,-,-,-,-,-,-,-,-,-,-,-,-,-,-,-,-,-,-,-,-,-,-,-,-,-,-,-,-,EL_PA115A02_1,C11510221G0100,-,-,-,-,-,-,-,-,-,-,-,-,-,-,-,-,-,-,-,-,-,-,-,-,-,-,-,-,-,-,-,-,-,-,-,-,-,-
EL_PA115A02,57,1300802,19,-,A115A02_2,전산작업요청 04640,EL_ABRAND,NEX_MR,EL_ASPSCD,KC01,EL_ECGV,LOG03_200,EL_ECWTP,!R,EL_EMCBD,",SL,SR",EL_DREUSE,Y,-,-,-,-,-,-,-,-,-,-,-,-,-,-,-,-,-,-,-,-,-,-,-,-,-,-,-,-,EL_PA115A02_1,C11510221G2000,-,-,-,-,-,-,-,-,-,-,-,-,-,-,-,-,-,-,-,-,-,-,-,-,-,-,-,-,-,-,-,-,-,-,-,-,-,-
EL_PA115A02,57,1300802,20,-,A115A02_2,-,EL_ABRAND,NEX_MR,EL_ASPSCD,KC01,EL_ECGV,LOG03_200,EL_ECWTP,!R,EL_EMCBD,",SL,SR",EL_DREUSE,N,-,-,-,-,-,-,-,-,-,-,-,-,-,-,-,-,-,-,-,-,-,-,-,-,-,-,-,-,EL_PA115A02_1,C11510221G0100,-,-,-,-,-,-,-,-,-,-,-,-,-,-,-,-,-,-,-,-,-,-,-,-,-,-,-,-,-,-,-,-,-,-,-,-,-,-
EL_PA115A02,57,1300802,21,-,A115A02_2,-,EL_ABRAND,NEX_MR,EL_ASPSCD,KC01,EL_ECGV,LOG03_200,EL_ECWTP,!R,EL_EMCBD,"!(SL,SR)",-,-,-,-,-,-,-,-,-,-,-,-,-,-,-,-,-,-,-,-,-,-,-,-,-,-,-,-,-,-,EL_PA115A02_1,C11510221G0400,-,-,-,-,-,-,-,-,-,-,-,-,-,-,-,-,-,-,-,-,-,-,-,-,-,-,-,-,-,-,-,-,-,-,-,-,-,-
EL_PA115A02,57,1300802,22,-,A115A02_2,-,EL_ABRAND,NEX_MR,EL_ASPSCD,KC01,-,-,-,-,-,-,-,-,-,-,-,-,-,-,-,-,-,-,-,-,-,-,-,-,-,-,-,-,-,-,-,-,-,-,-,-,-,-,-,-,-,-,-,-,-,-,-,-,-,-,-,-,-,-,-,-,-,-,-,-,-,-,-,-,-,-,-,-,-,-,-,-,-,-,-,-
EL_PA115A02,57,1300802,23,-,-,-,-,-,-,-,-,-,-,-,-,-,-,-,-,-,-,-,-,-,-,-,-,-,-,-,-,-,-,-,-,-,-,-,-,-,-,-,-,-,-,-,-,-,-,-,-,-,-,-,-,-,-,-,-,-,-,-,-,-,-,-,-,-,-,-,-,-,-,-,-,-,-,-,-,-,-,-,-,-,-,-
EL_PA115A02,57,1300802,24,-,A115A02_2,-,EL_ATYP,",GTLX,GTLX_E",EL_ECGV,DG200,-,-,-,-,-,-,-,-,-,-,-,-,-,-,-,-,-,-,-,-,-,-,-,-,-,-,-,-,-,-,-,-,-,-,-,-,EL_PA115A02_1,11510036G0200,-,-,-,-,-,-,-,-,-,-,-,-,-,-,-,-,-,-,-,-,-,-,-,-,-,-,-,-,-,-,-,-,-,-,-,-,-,-
EL_PA115A02,57,1300802,25,-,A115A02_2,-,EL_ATYP,",GTLX,GTLX_E",EL_ECGV,DG240,-,-,-,-,-,-,-,-,-,-,-,-,-,-,-,-,-,-,-,-,-,-,-,-,-,-,-,-,-,-,-,-,-,-,-,-,EL_PA115A02_1,11510036G0700,-,-,-,-,-,-,-,-,-,-,-,-,-,-,-,-,-,-,-,-,-,-,-,-,-,-,-,-,-,-,-,-,-,-,-,-,-,-
EL_PA115A02,57,1300802,26,-,A115A02_2,-,EL_ATYP,",GTLX,GTLX_E",-,-,-,-,-,-,-,-,-,-,-,-,-,-,-,-,-,-,-,-,-,-,-,-,-,-,-,-,-,-,-,-,-,-,-,-,-,-,-,-,-,-,-,-,-,-,-,-,-,-,-,-,-,-,-,-,-,-,-,-,-,-,-,-,-,-,-,-,-,-,-,-,-,-,-,-,-,-
EL_PA115A02,57,1300802,27,-,A115A02_2,-,EL_ATYP,",GTSS,GTSS_E",-,-,-,-,-,-,-,-,-,-,-,-,-,-,-,-,-,-,-,-,-,-,-,-,-,-,-,-,-,-,-,-,-,-,-,-,-,-,-,-,-,-,-,-,-,-,-,-,-,-,-,-,-,-,-,-,-,-,-,-,-,-,-,-,-,-,-,-,-,-,-,-,-,-,-,-,-,-
EL_PA115A02,57,1300802,28,-,-,-,-,-,-,-,-,-,-,-,-,-,-,-,-,-,-,-,-,-,-,-,-,-,-,-,-,-,-,-,-,-,-,-,-,-,-,-,-,-,-,-,-,-,-,-,-,-,-,-,-,-,-,-,-,-,-,-,-,-,-,-,-,-,-,-,-,-,-,-,-,-,-,-,-,-,-,-,-,-,-,-
EL_PA115A02,57,1300802,29,-,A115A02_2,-,EL_ATYP,"!(?SS?,?SH?)",EL_ECGV,DG160,EL_AMR,!B,EL_ETM,-,EL_EMCBD,-,EL_ECGS,-,EL_EHM,-,EL_ECCC,-,EL_ACD2,-,-,-,-,-,-,-,-,-,-,-,-,-,-,-,-,-,-,-,-,-,-,-,EL_PA115A02_1,115C0106G0100,-,-,-,-,-,-,-,-,-,-,-,-,-,-,-,-,-,-,-,-,-,-,-,-,-,-,-,-,-,-,-,-,-,-,-,-,-,-
EL_PA115A02,57,1300802,30,-,A115A02_2,-,EL_ATYP,"!(?SS?,?SH?)",EL_ECGV,DG200,EL_AMR,!B,EL_ETM,!(?GY?),EL_EMCBD,!SH,EL_ECGS,MB,EL_EHM,-,EL_ECCC,-,EL_ACD2,-,-,-,-,-,-,-,-,-,-,-,-,-,-,-,-,-,-,-,-,-,-,-,EL_PA115A02_1,11500289G0300,-,-,-,-,-,-,-,-,-,-,-,-,-,-,-,-,-,-,-,-,-,-,-,-,-,-,-,-,-,-,-,-,-,-,-,-,-,-
EL_PA115A02,57,1300802,31,-,A115A02_2,-,EL_ATYP,"!(?SS?,?SH?)",EL_ECGV,DG200,EL_AMR,!B,EL_ETM,-,EL_EMCBD,!SH,EL_ECGS,HB,EL_EHM,-,EL_ECCC,-,EL_ACD2,-,-,-,-,-,-,-,-,-,-,-,-,-,-,-,-,-,-,-,-,-,-,-,EL_PA115A02_1,11500289G0400,-,-,-,-,-,-,-,-,-,-,-,-,-,-,-,-,-,-,-,-,-,-,-,-,-,-,-,-,-,-,-,-,-,-,-,-,-,-
EL_PA115A02,57,1300802,32,-,A115A02_2,-,EL_ATYP,"!(?SS?,?SH?)",EL_ECGV,DG200,EL_AMR,!B,EL_ETM,!(?GY?),EL_EMCBD,!SH,EL_ECGS,",N,FL",EL_EHM,-,EL_ECCC,-,EL_ACD2,?KS?,-,-,-,-,-,-,-,-,-,-,-,-,-,-,-,-,-,-,-,-,-,-,EL_PA115A02_1,11500289G0200,-,-,-,-,-,-,-,-,-,-,-,-,-,-,-,-,-,-,-,-,-,-,-,-,-,-,-,-,-,-,-,-,-,-,-,-,-,-
EL_PA115A02,57,1300802,33,-,A115A02_2,-,EL_ATYP,"!(?SS?,?SH?)",EL_ECGV,DG200,EL_AMR,!B,EL_ETM,!(?GY?),EL_EMCBD,!SH,EL_ECGS,",N,FL",EL_EHM,-,EL_ECCC,-,EL_ACD2,!?KS?,-,-,-,-,-,-,-,-,-,-,-,-,-,-,-,-,-,-,-,-,-,-,EL_PA115A02_1,115101080,-,-,-,-,-,-,-,-,-,-,-,-,-,-,-,-,-,-,-,-,-,-,-,-,-,-,-,-,-,-,-,-,-,-,-,-,-,-
EL_PA115A02,57,1300802,34,-,A115A02_2,-,EL_ATYP,?LX?,EL_ECGV,DG200,EL_AMR,!B,EL_ETM,?GY?,EL_EMCBD,-,EL_ECGS,-,EL_EHM,-,EL_ECCC,180,EL_ACD2,-,-,-,-,-,-,-,-,-,-,-,-,-,-,-,-,-,-,-,-,-,-,-,EL_PA115A02_1,11500289G0300,-,-,-,-,-,-,-,-,-,-,-,-,-,-,-,-,-,-,-,-,-,-,-,-,-,-,-,-,-,-,-,-,-,-,-,-,-,-
EL_PA115A02,57,1300802,35,-,A115A02_2,-,EL_ATYP,?LX?,EL_ECGV,DG200,EL_AMR,!B,EL_ETM,?GY?,EL_EMCBD,-,EL_ECGS,-,EL_EHM,-,EL_ECCC,>180,EL_ACD2,?KS?,-,-,-,-,-,-,-,-,-,-,-,-,-,-,-,-,-,-,-,-,-,-,EL_PA115A02_1,11500289G0200,-,-,-,-,-,-,-,-,-,-,-,-,-,-,-,-,-,-,-,-,-,-,-,-,-,-,-,-,-,-,-,-,-,-,-,-,-,-
EL_PA115A02,57,1300802,36,-,A115A02_2,-,EL_ATYP,?LX?,EL_ECGV,DG200,EL_AMR,!B,EL_ETM,?GY?,EL_EMCBD,-,EL_ECGS,-,EL_EHM,-,EL_ECCC,>180,EL_ACD2,!?KS?,-,-,-,-,-,-,-,-,-,-,-,-,-,-,-,-,-,-,-,-,-,-,EL_PA115A02_1,115101080,-,-,-,-,-,-,-,-,-,-,-,-,-,-,-,-,-,-,-,-,-,-,-,-,-,-,-,-,-,-,-,-,-,-,-,-,-,-
EL_PA115A02,57,1300802,37,-,A115A02_2,-,EL_ATYP,?LX?,EL_ECGV,DG200,EL_AMR,!B,EL_ETM,",?GT25?,?GT35?",EL_EMCBD,SH,EL_ECGS,-,EL_EHM,-,EL_ECCC,-,EL_ACD2,-,-,-,-,-,-,-,-,-,-,-,-,-,-,-,-,-,-,-,-,-,-,-,EL_PA115A02_1,115C0209G0200,-,-,-,-,-,-,-,-,-,-,-,-,-,-,-,-,-,-,-,-,-,-,-,-,-,-,-,-,-,-,-,-,-,-,-,-,-,-
EL_PA115A02,57,1300802,38,-,A115A02_2,-,EL_ATYP,?LX?,EL_ECGV,DG200,EL_AMR,!B,EL_ETM,",?GT50?,?GT70?,?GT71?",EL_EMCBD,SH,EL_ECGS,-,EL_EHM,-,EL_ECCC,180,EL_ACD2,-,-,-,-,-,-,-,-,-,-,-,-,-,-,-,-,-,-,-,-,-,-,-,EL_PA115A02_1,11510093G0300,-,-,-,-,-,-,-,-,-,-,-,-,-,-,-,-,-,-,-,-,-,-,-,-,-,-,-,-,-,-,-,-,-,-,-,-,-,-
EL_PA115A02,57,1300802,39,-,A115A02_2,-,EL_ATYP,?LX?,EL_ECGV,",DG240,DG240B",EL_AMR,!B,EL_ETM,",?GT25?,?GT35?,?GT50?,?GT70?,?GT71?",EL_EMCBD,!SH,EL_ECGS,",N,FL",EL_EHM,-,EL_ECCC,-,EL_ACD2,!?KS?,-,-,-,-,-,-,-,-,-,-,-,-,-,-,-,-,-,-,-,-,-,-,EL_PA115A02_1,11510017G0200,-,-,-,-,-,-,-,-,-,-,-,-,-,-,-,-,-,-,-,-,-,-,-,-,-,-,-,-,-,-,-,-,-,-,-,-,-,-
EL_PA115A02,57,1300802,40,-,A115A02_2,-,EL_ATYP,?LX?,EL_ECGV,",DG240,DG240B",EL_AMR,!B,EL_ETM,",?GT25?,?GT35?,?GT50?,?GT70?,?GT71?",EL_EMCBD,!SH,EL_ECGS,",N,FL",EL_EHM,-,EL_ECCC,-,EL_ACD2,?KS?,-,-,-,-,-,-,-,-,-,-,-,-,-,-,-,-,-,-,-,-,-,-,EL_PA115A02_1,115C0158G0200,-,-,-,-,-,-,-,-,-,-,-,-,-,-,-,-,-,-,-,-,-,-,-,-,-,-,-,-,-,-,-,-,-,-,-,-,-,-
EL_PA115A02,57,1300802,41,-,A115A02_2,-,EL_ATYP,?LX?,EL_ECGV,",DG240,DG240B",EL_AMR,!B,EL_ETM,",?GT25?,?GT35?,?GT50?,?GT70?,?GT71?",EL_EMCBD,!SH,EL_ECGS,MB,EL_EHM,-,EL_ECCC,-,EL_ACD2,-,-,-,-,-,-,-,-,-,-,-,-,-,-,-,-,-,-,-,-,-,-,-,EL_PA115A02_1,115C0158G0300,DWG_A115A02_CAR,115C0158G03,-,-,-,-,-,-,-,-,-,-,-,-,-,-,-,-,-,-,-,-,-,-,-,-,-,-,-,-,-,-,-,-,-,-,-,-
EL_PA115A02,57,1300802,42,-,A115A02_2,-,EL_ATYP,?LX?,EL_ECGV,",DG240,DG240B",EL_AMR,!B,EL_ETM,",?GT25?,?GT35?,?GT50?,?GT70?,?GT71?",EL_EMCBD,!SH,EL_ECGS,HB,EL_EHM,-,EL_ECCC,-,EL_ACD2,-,-,-,-,-,-,-,-,-,-,-,-,-,-,-,-,-,-,-,-,-,-,-,EL_PA115A02_1,115C0158G0400,-,-,-,-,-,-,-,-,-,-,-,-,-,-,-,-,-,-,-,-,-,-,-,-,-,-,-,-,-,-,-,-,-,-,-,-,-,-
EL_PA115A02,57,1300802,43,-,A115A02_2,-,EL_ATYP,?LX?,EL_ECGV,",DG240,DG240B",EL_AMR,!B,EL_ETM,",?GT50?,?GT70?,?GT71?",EL_EMCBD,SH,EL_ECGS,-,EL_EHM,-,EL_ECCC,180,EL_ACD2,-,-,-,-,-,-,-,-,-,-,-,-,-,-,-,-,-,-,-,-,-,-,-,EL_PA115A02_1,11510093G0100,-,-,-,-,-,-,-,-,-,-,-,-,-,-,-,-,-,-,-,-,-,-,-,-,-,-,-,-,-,-,-,-,-,-,-,-,-,-
EL_PA115A02,57,1300802,44,-,A115A02_2,-,EL_ATYP,?LX?,EL_ECGV,",DG240,DG240B",EL_AMR,!B,EL_ETM,",?GT25?,?GT35?",EL_EMCBD,SH,EL_ECGS,-,EL_EHM,-,EL_ECCC,-,EL_ACD2,-,-,-,-,-,-,-,-,-,-,-,-,-,-,-,-,-,-,-,-,-,-,-,EL_PA115A02_1,115C0209G0100,-,-,-,-,-,-,-,-,-,-,-,-,-,-,-,-,-,-,-,-,-,-,-,-,-,-,-,-,-,-,-,-,-,-,-,-,-,-
EL_PA115A02,57,1300802,45,-,A115A02_2,-,EL_ATYP,?LX?,EL_ECGV,",DG240,DG240B",EL_AMR,!B,EL_ETM,",?GT50?,?GT71?",EL_EMCBD,SH,EL_ECGS,-,EL_EHM,-,EL_ECCC,287,EL_ACD2,-,-,-,-,-,-,-,-,-,-,-,-,-,-,-,-,-,-,-,-,-,-,-,EL_PA115A02_1,115C0209G0100,-,-,-,-,-,-,-,-,-,-,-,-,-,-,-,-,-,-,-,-,-,-,-,-,-,-,-,-,-,-,-,-,-,-,-,-,-,-
EL_PA115A02,57,1300802,46,-,A115A02_2,-,EL_ATYP,?LX?,EL_ECGV,DG240,EL_AMR,!B,EL_ETM,?GT70?,EL_EMCBD,SH,EL_ECGS,-,EL_EHM,-,EL_ECCC,287,EL_ACD2,-,-,-,-,-,-,-,-,-,-,-,-,-,-,-,-,-,-,-,-,-,-,-,EL_PA115A02_1,115C0158G0500,DWG_A115A02_CAR,115C0158G05,-,-,-,-,-,-,-,-,-,-,-,-,-,-,-,-,-,-,-,-,-,-,-,-,-,-,-,-,-,-,-,-,-,-,-,-
EL_PA115A02,57,1300802,47,-,A115A02_2,-,EL_ATYP,?LX?,EL_ECGV,DG200,EL_AMR,!B,EL_ETM,",GETM3.5HA,GETM3.5HB,GETM3.5HC",EL_EMCBD,SH,EL_ECGS,-,EL_EHM,-,EL_ECCC,-,EL_ACD2,-,-,-,-,-,-,-,-,-,-,-,-,-,-,-,-,-,-,-,-,-,-,-,EL_PA115A02_1,11500289G0700,DWG_A115A02_CAR,11500289G07,-,-,-,-,-,-,-,-,-,-,-,-,-,-,-,-,-,-,-,-,-,-,-,-,-,-,-,-,-,-,-,-,-,-,-,-
EL_PA115A02,57,1300802,48,-,A115A02_2,-,EL_ATYP,?LX?,EL_ECGV,DG240,EL_AMR,!B,EL_ETM,",GETM3.5HA,GETM3.5HB,GETM3.5HC",EL_EMCBD,SH,EL_ECGS,-,EL_EHM,-,EL_ECCC,-,EL_ACD2,-,-,-,-,-,-,-,-,-,-,-,-,-,-,-,-,-,-,-,-,-,-,-,EL_PA115A02_1,115C0158G0800,DWG_A115A02_CAR,115C0158G08,-,-,-,-,-,-,-,-,-,-,-,-,-,-,-,-,-,-,-,-,-,-,-,-,-,-,-,-,-,-,-,-,-,-,-,-
EL_PA115A02,57,1300802,49,-,A115A02_2,-,EL_ATYP,?LX?,EL_ECGV,DG240,EL_AMR,!B,EL_ETM,",GETM6.0HA,GETM6.0HB,GETM6.0HC",EL_EMCBD,SH,EL_ECGS,-,EL_EHM,-,EL_ECCC,-,EL_ACD2,-,-,-,-,-,-,-,-,-,-,-,-,-,-,-,-,-,-,-,-,-,-,-,EL_PA115A02_1,115C0158G0900,DWG_A115A02_CAR,115C0158G09,-,-,-,-,-,-,-,-,-,-,-,-,-,-,-,-,-,-,-,-,-,-,-,-,-,-,-,-,-,-,-,-,-,-,-,-
EL_PA115A02,57,1300802,50,-,A115A02_2,-,EL_ATYP,-,EL_ECGV,DG240,EL_AMR,-,EL_ETM,?GT100?,EL_EMCBD,SH,EL_ECGS,-,EL_EHM,-,EL_ECCC,-,EL_ACD2,-,-,-,-,-,-,-,-,-,-,-,-,-,-,-,-,-,-,-,-,-,-,-,EL_PA115A02_1,115C0158G0500,DWG_A115A02_CAR,115C0158G05,-,-,-,-,-,-,-,-,-,-,-,-,-,-,-,-,-,-,-,-,-,-,-,-,-,-,-,-,-,-,-,-,-,-,-,-
EL_PA115A02,57,1300802,51,-,A115A02_2,-,EL_ATYP,-,EL_ECGV,DG240,EL_AMR,-,EL_ETM,?GT101?,EL_EMCBD,SH,EL_ECGS,-,EL_EHM,-,EL_ECCC,-,EL_ACD2,-,-,-,-,-,-,-,-,-,-,-,-,-,-,-,-,-,-,-,-,-,-,-,EL_PA115A02_1,115C0158G0700,-,-,-,-,-,-,-,-,-,-,-,-,-,-,-,-,-,-,-,-,-,-,-,-,-,-,-,-,-,-,-,-,-,-,-,-,-,-
EL_PA115A02,57,1300802,52,-,A115A02_2,-,EL_ATYP,"!(?SS?,?SH?)",EL_ECGV,DG240,EL_AMR,!B,EL_ETM,?GX70?,EL_EMCBD,R,EL_ECGS,-,EL_EHM,-,EL_ECCC,287,EL_ACD2,-,-,-,-,-,-,-,-,-,-,-,-,-,-,-,-,-,-,-,-,-,-,-,EL_PA115A02_1,115C0158G0200,-,-,-,-,-,-,-,-,-,-,-,-,-,-,-,-,-,-,-,-,-,-,-,-,-,-,-,-,-,-,-,-,-,-,-,-,-,-
EL_PA115A02,57,1300802,53,-,A115A02_2,-,EL_ATYP,"!(?SS?,?SH?)",EL_ECGV,DG240,EL_AMR,!B,EL_ETM,?GX70?,EL_EMCBD,!R,EL_ECGS,-,EL_EHM,-,EL_ECCC,287,EL_ACD2,-,-,-,-,-,-,-,-,-,-,-,-,-,-,-,-,-,-,-,-,-,-,-,EL_PA115A02_1,115C0158G0500,DWG_A115A02_CAR,115C0158G05,-,-,-,-,-,-,-,-,-,-,-,-,-,-,-,-,-,-,-,-,-,-,-,-,-,-,-,-,-,-,-,-,-,-,-,-
EL_PA115A02,57,1300802,54,-,A115A02_2,-,EL_ATYP,?LX?,EL_ECGV,",DG240,DG240B",EL_AMR,!B,EL_ETM,?GY?,EL_EMCBD,-,EL_ECGS,-,EL_EHM,-,EL_ECCC,180,EL_ACD2,-,-,-,-,-,-,-,-,-,-,-,-,-,-,-,-,-,-,-,-,-,-,-,EL_PA115A02_1,115C0158G0300,DWG_A115A02_CAR,115C0158G03,-,-,-,-,-,-,-,-,-,-,-,-,-,-,-,-,-,-,-,-,-,-,-,-,-,-,-,-,-,-,-,-,-,-,-,-
EL_PA115A02,57,1300802,55,-,A115A02_2,-,EL_ATYP,?LX?,EL_ECGV,",DG240,DG240B",EL_AMR,!B,EL_ETM,?GY?,EL_EMCBD,-,EL_ECGS,-,EL_EHM,-,EL_ECCC,287,EL_ACD2,?KS?,-,-,-,-,-,-,-,-,-,-,-,-,-,-,-,-,-,-,-,-,-,-,EL_PA115A02_1,115C0158G0500,DWG_A115A02_CAR,115C0158G05,-,-,-,-,-,-,-,-,-,-,-,-,-,-,-,-,-,-,-,-,-,-,-,-,-,-,-,-,-,-,-,-,-,-,-,-
EL_PA115A02,57,1300802,56,-,A115A02_2,-,EL_ATYP,?LX?,EL_ECGV,",DG240,DG240B",EL_AMR,!B,EL_ETM,?GY?,EL_EMCBD,-,EL_ECGS,-,EL_EHM,-,EL_ECCC,287,EL_ACD2,!?KS?,-,-,-,-,-,-,-,-,-,-,-,-,-,-,-,-,-,-,-,-,-,-,EL_PA115A02_1,115101081,-,-,-,-,-,-,-,-,-,-,-,-,-,-,-,-,-,-,-,-,-,-,-,-,-,-,-,-,-,-,-,-,-,-,-,-,-,-
EL_PA115A02,57,1300802,57,-,A115A02_2,-,EL_ATYP,?LX?,EL_ECGV,",DG240,DG240B",EL_AMR,!B,EL_ETM,?GY?,EL_EMCBD,-,EL_ECGS,-,EL_EHM,-,EL_ECCC,460,EL_ACD2,!?KS?,-,-,-,-,-,-,-,-,-,-,-,-,-,-,-,-,-,-,-,-,-,-,EL_PA115A02_1,11510017G0200,-,-,-,-,-,-,-,-,-,-,-,-,-,-,-,-,-,-,-,-,-,-,-,-,-,-,-,-,-,-,-,-,-,-,-,-,-,-
EL_PA115A02,57,1300802,58,-,A115A02_2,-,EL_ATYP,?LX?,EL_ECGV,",DG240,DG240B",EL_AMR,!B,EL_ETM,?GY?,EL_EMCBD,-,EL_ECGS,-,EL_EHM,-,EL_ECCC,460,EL_ACD2,?KS?,-,-,-,-,-,-,-,-,-,-,-,-,-,-,-,-,-,-,-,-,-,-,EL_PA115A02_1,115C0158G0200,-,-,-,-,-,-,-,-,-,-,-,-,-,-,-,-,-,-,-,-,-,-,-,-,-,-,-,-,-,-,-,-,-,-,-,-,-,-
EL_PA115A02,57,1300802,59,-,A115A02_2,-,EL_ATYP,"!(?SS?,?SH?)",EL_ECGV,",DG240,DG240B",EL_AMR,!B,EL_ETM,"!(?GT25?,?GT35?,?GT50?,?GT70?,?GT71?,?GY?)",EL_EMCBD,!SH,EL_ECGS,",N,FL",EL_EHM,-,EL_ECCC,-,EL_ACD2,!?KS?,-,-,-,-,-,-,-,-,-,-,-,-,-,-,-,-,-,-,-,-,-,-,EL_PA115A02_1,11510017G0200,-,-,-,-,-,-,-,-,-,-,-,-,-,-,-,-,-,-,-,-,-,-,-,-,-,-,-,-,-,-,-,-,-,-,-,-,-,-
EL_PA115A02,57,1300802,60,-,A115A02_2,-,EL_ATYP,"!(?SS?,?SH?)",EL_ECGV,",DG240,DG240B",EL_AMR,!B,EL_ETM,"!(?GT25?,?GT35?,?GT50?,?GT70?,?GT71?,?GY?)",EL_EMCBD,!SH,EL_ECGS,",N,FL",EL_EHM,-,EL_ECCC,-,EL_ACD2,?KS?,-,-,-,-,-,-,-,-,-,-,-,-,-,-,-,-,-,-,-,-,-,-,EL_PA115A02_1,115C0158G0200,-,-,-,-,-,-,-,-,-,-,-,-,-,-,-,-,-,-,-,-,-,-,-,-,-,-,-,-,-,-,-,-,-,-,-,-,-,-
EL_PA115A02,57,1300802,61,-,A115A02_2,-,EL_ATYP,"!(?SS?,?SH?)",EL_ECGV,",DG240,DG240B",EL_AMR,!B,EL_ETM,"!(?GT25?,?GT35?,?GT50?,?GT70?,?GT71?,?GY?)",EL_EMCBD,!SH,EL_ECGS,MB,EL_EHM,-,EL_ECCC,-,EL_ACD2,-,-,-,-,-,-,-,-,-,-,-,-,-,-,-,-,-,-,-,-,-,-,-,EL_PA115A02_1,115C0158G0300,DWG_A115A02_CAR,115C0158G03,-,-,-,-,-,-,-,-,-,-,-,-,-,-,-,-,-,-,-,-,-,-,-,-,-,-,-,-,-,-,-,-,-,-,-,-
EL_PA115A02,57,1300802,62,-,A115A02_2,-,EL_ATYP,"!(?SS?,?SH?)",EL_ECGV,",DG240,DG240B",EL_AMR,!B,EL_ETM,"!(?GT25?,?GT35?,?GT50?,?GT70?,?GT71?,?GY?)",EL_EMCBD,!SH,EL_ECGS,HB,EL_EHM,-,EL_ECCC,-,EL_ACD2,-,-,-,-,-,-,-,-,-,-,-,-,-,-,-,-,-,-,-,-,-,-,-,EL_PA115A02_1,115C0158G0400,-,-,-,-,-,-,-,-,-,-,-,-,-,-,-,-,-,-,-,-,-,-,-,-,-,-,-,-,-,-,-,-,-,-,-,-,-,-
EL_PA115A02,57,1300802,63,-,A115A02_2,-,EL_ATYP,?SS?,EL_ECGV,",DG240,DG240B",EL_AMR,-,EL_ETM,-,EL_EMCBD,-,EL_ECGS,RL,EL_EHM,"!(?ST?,MX)",EL_ECCC,-,EL_ACD2,-,-,-,-,-,-,-,-,-,-,-,-,-,-,-,-,-,-,-,-,-,-,-,EL_PA115A02_1,115100244,-,-,-,-,-,-,-,-,-,-,-,-,-,-,-,-,-,-,-,-,-,-,-,-,-,-,-,-,-,-,-,-,-,-,-,-,-,-
EL_PA115A02,57,1300802,64,-,A115A02_2,DG305수정-곽민철M요청(221103),EL_ATYP,!(?SS?),EL_ECGV,",?DG305?,DG310",EL_AMR,-,EL_ETM,-,EL_EMCBD,R,EL_ECGS,-,EL_EHM,-,EL_ECCC,-,EL_ACD2,-,-,-,-,-,-,-,-,-,-,-,-,-,-,-,-,-,-,-,-,-,-,-,EL_PA115A02_1,11510018G0100,-,-,-,-,-,-,-,-,-,-,-,-,-,-,-,-,-,-,-,-,-,-,-,-,-,-,-,-,-,-,-,-,-,-,-,-,-,-
EL_PA115A02,57,1300802,65,-,A115A02_2,DG305수정-곽민철M요청(221103),EL_ATYP,!(?SS?),EL_ECGV,",?DG305?,DG310",EL_AMR,-,EL_ETM,-,EL_EMCBD,!R,EL_ECGS,-,EL_EHM,-,EL_ECCC,-,EL_ACD2,-,-,-,-,-,-,-,-,-,-,-,-,-,-,-,-,-,-,-,-,-,-,-,EL_PA115A02_1,11500187G0100,DWG_A115A02_CAR,11500187G01,-,-,-,-,-,-,-,-,-,-,-,-,-,-,-,-,-,-,-,-,-,-,-,-,-,-,-,-,-,-,-,-,-,-,-,-
EL_PA115A02,57,1300802,66,-,A115A02_2,-,EL_ATYP,"!(?SS?,?SH?)",EL_ECGV,",DG360,DG360S",EL_AMR,!B,EL_ETM,-,EL_EMCBD,-,EL_ECGS,-,EL_EHM,-,EL_ECCC,-,EL_ACD2,-,-,-,-,-,-,-,-,-,-,-,-,-,-,-,-,-,-,-,-,-,-,-,EL_PA115A02_1,115C0143G0100,-,-,-,-,-,-,-,-,-,-,-,-,-,-,-,-,-,-,-,-,-,-,-,-,-,-,-,-,-,-,-,-,-,-,-,-,-,-
EL_PA115A02,57,1300802,67,-,A115A02_2,-,EL_ATYP,-,EL_ECGV,-,EL_AMR,-,EL_ETM,-,EL_EMCBD,-,EL_ECGS,MB,EL_EHM,-,EL_ECCC,-,EL_ACD2,?KS?,-,-,-,-,-,-,-,-,-,-,-,-,-,-,-,-,-,-,-,-,-,-,EL_PA115A02_1,115C0158G0500,DWG_A115A02_CAR,115C0158G05,-,-,-,-,-,-,-,-,-,-,-,-,-,-,-,-,-,-,-,-,-,-,-,-,-,-,-,-,-,-,-,-,-,-,-,-
EL_PA115A02,57,1300802,68,-,A115A02_2,-,EL_ATYP,-,EL_ECGV,-,EL_AMR,-,EL_ETM,-,EL_EMCBD,-,EL_ECGS,MB,EL_EHM,-,EL_ECCC,-,EL_ACD2,!?KS?,-,-,-,-,-,-,-,-,-,-,-,-,-,-,-,-,-,-,-,-,-,-,EL_PA115A02_1,115101081,-,-,-,-,-,-,-,-,-,-,-,-,-,-,-,-,-,-,-,-,-,-,-,-,-,-,-,-,-,-,-,-,-,-,-,-,-,-
EL_PA115A02,57,1300802,69,-,-,-,-,-,-,-,-,-,-,-,-,-,-,-,-,-,-,-,-,-,-,-,-,-,-,-,-,-,-,-,-,-,-,-,-,-,-,-,-,-,-,-,-,-,-,-,-,-,-,-,-,-,-,-,-,-,-,-,-,-,-,-,-,-,-,-,-,-,-,-,-,-,-,-,-,-,-,-,-,-,-,-
EL_PA115A02,57,1300802,70,-,-,-,-,-,-,-,-,-,-,-,-,-,-,-,-,-,-,-,-,-,-,-,-,-,-,-,-,-,-,-,-,-,-,-,-,-,-,-,-,-,-,-,-,-,-,-,-,-,-,-,-,-,-,-,-,-,-,-,-,-,-,-,-,-,-,-,-,-,-,-,-,-,-,-,-,-,-,-,-,-,-,-
EL_PA115A02,57,1300802,71,-,-,-,-,-,-,-,-,-,-,-,-,-,-,-,-,-,-,-,-,-,-,-,-,-,-,-,-,-,-,-,-,-,-,-,-,-,-,-,-,-,-,-,-,-,-,-,-,-,-,-,-,-,-,-,-,-,-,-,-,-,-,-,-,-,-,-,-,-,-,-,-,-,-,-,-,-,-,-,-,-,-,-
EL_PA115A02,57,1300802,72,A115A02_2,-,-,-,-,-,-,-,-,-,-,-,-,-,-,-,-,-,-,-,-,-,-,-,-,-,-,-,-,-,-,-,-,-,-,-,-,-,-,-,-,-,-,-,-,-,-,-,-,-,-,-,-,-,-,-,-,-,-,-,-,-,-,-,-,-,-,-,-,-,-,-,-,-,-,-,-,-,-,-,-,-,-
EL_PA115A02,57,1300802,73,-,A115A02_3,TM BED에 포함되어있음,EL_ABRAND,NEX_MRL,EL_ASPSCD,KC01,EL_ECWGV,LOG03B_240,-,-,-,-,-,-,-,-,-,-,-,-,-,-,-,-,-,-,-,-,-,-,-,-,-,-,-,-,-,-,-,-,-,-,-,-,-,-,-,-,-,-,-,-,-,-,-,-,-,-,-,-,-,-,-,-,-,-,-,-,-,-,-,-,-,-,-,-,-,-,-,-,-,-
EL_PA115A02,57,1300802,74,-,A115A02_3,TM BED에 포함되어있음,EL_ABRAND,NEX_MRL,EL_ASPSCD,KC01,-,-,-,-,-,-,-,-,-,-,-,-,-,-,-,-,-,-,-,-,-,-,-,-,-,-,-,-,-,-,-,-,-,-,-,-,-,-,-,-,-,-,-,-,-,-,-,-,-,-,-,-,-,-,-,-,-,-,-,-,-,-,-,-,-,-,-,-,-,-,-,-,-,-,-,-
EL_PA115A02,57,1300802,75,-,-,-,-,-,-,-,-,-,-,-,-,-,-,-,-,-,-,-,-,-,-,-,-,-,-,-,-,-,-,-,-,-,-,-,-,-,-,-,-,-,-,-,-,-,-,-,-,-,-,-,-,-,-,-,-,-,-,-,-,-,-,-,-,-,-,-,-,-,-,-,-,-,-,-,-,-,-,-,-,-,-,-
EL_PA115A02,57,1300802,76,-,A115A02_3,전산작업요청 04640,EL_ABRAND,NEX_MR,EL_ASPSCD,KC01,EL_ECWGV,LOG03_240,EL_DREUSE,Y,-,-,-,-,-,-,-,-,-,-,-,-,-,-,-,-,-,-,-,-,-,-,-,-,-,-,-,-,-,-,-,-,EL_PA115A02_2,C11510221G2200,-,-,-,-,-,-,-,-,-,-,-,-,-,-,-,-,-,-,-,-,-,-,-,-,-,-,-,-,-,-,-,-,-,-,-,-,-,-
EL_PA115A02,57,1300802,77,-,A115A02_3,-,EL_ABRAND,NEX_MR,EL_ASPSCD,KC01,EL_ECWGV,LOG03_240,EL_DREUSE,N,-,-,-,-,-,-,-,-,-,-,-,-,-,-,-,-,-,-,-,-,-,-,-,-,-,-,-,-,-,-,-,-,EL_PA115A02_2,C11510221G0800,-,-,-,-,-,-,-,-,-,-,-,-,-,-,-,-,-,-,-,-,-,-,-,-,-,-,-,-,-,-,-,-,-,-,-,-,-,-
EL_PA115A02,57,1300802,78,-,A115A02_3,-,EL_ABRAND,NEX_MR,EL_ASPSCD,KC01,-,-,-,-,-,-,-,-,-,-,-,-,-,-,-,-,-,-,-,-,-,-,-,-,-,-,-,-,-,-,-,-,-,-,-,-,-,-,-,-,-,-,-,-,-,-,-,-,-,-,-,-,-,-,-,-,-,-,-,-,-,-,-,-,-,-,-,-,-,-,-,-,-,-,-,-
EL_PA115A02,57,1300802,79,-,-,-,-,-,-,-,-,-,-,-,-,-,-,-,-,-,-,-,-,-,-,-,-,-,-,-,-,-,-,-,-,-,-,-,-,-,-,-,-,-,-,-,-,-,-,-,-,-,-,-,-,-,-,-,-,-,-,-,-,-,-,-,-,-,-,-,-,-,-,-,-,-,-,-,-,-,-,-,-,-,-,-
EL_PA115A02,57,1300802,80,-,A115A02_3,-,EL_ATYP,GTSS_R,EL_DSETUP,?HD_G?,EL_ECWGV,DG240,EL_ECWTP,",R/R,F/R",-,-,-,-,-,-,-,-,-,-,-,-,-,-,-,-,-,-,-,-,-,-,-,-,-,-,-,-,-,-,-,-,EL_PA115A02_2,V0002633G0100,DWG_A115A02_CWT,V0002633,-,-,-,-,-,-,-,-,-,-,-,-,-,-,-,-,-,-,-,-,-,-,-,-,-,-,-,-,-,-,-,-,-,-,-,-
EL_PA115A02,57,1300802,81,-,A115A02_3,-,EL_ATYP,GTSS_R,EL_DSETUP,?HD_G?,EL_ECWGV,DG240,EL_ECWTP,",F/L,R/L",-,-,-,-,-,-,-,-,-,-,-,-,-,-,-,-,-,-,-,-,-,-,-,-,-,-,-,-,-,-,-,-,EL_PA115A02_2,V0002633G0200,DWG_A115A02_CWT,V0002633,-,-,-,-,-,-,-,-,-,-,-,-,-,-,-,-,-,-,-,-,-,-,-,-,-,-,-,-,-,-,-,-,-,-,-,-
EL_PA115A02,57,1300802,82,-,A115A02_3,-,EL_ATYP,GTSS_R,EL_DSETUP,?HD_G?,-,-,-,-,-,-,-,-,-,-,-,-,-,-,-,-,-,-,-,-,-,-,-,-,-,-,-,-,-,-,-,-,-,-,-,-,-,-,-,-,-,-,-,-,-,-,-,-,-,-,-,-,-,-,-,-,-,-,-,-,-,-,-,-,-,-,-,-,-,-,-,-,-,-,-,-
EL_PA115A02,57,1300802,83,-,-,-,-,-,-,-,-,-,-,-,-,-,-,-,-,-,-,-,-,-,-,-,-,-,-,-,-,-,-,-,-,-,-,-,-,-,-,-,-,-,-,-,-,-,-,-,-,-,-,-,-,-,-,-,-,-,-,-,-,-,-,-,-,-,-,-,-,-,-,-,-,-,-,-,-,-,-,-,-,-,-,-
EL_PA115A02,57,1300802,84,-,A115A02_3,-,EL_ATYP,",GTSS,GTSS_E",EL_ECWGV,DG240,EL_ETM,GH25E,EL_ECWTP,",F/L,R/L",EL_ECWRL,8,-,-,-,-,-,-,-,-,-,-,-,-,-,-,-,-,-,-,-,-,-,-,-,-,-,-,-,-,-,-,EL_PA115A02_2,11510162G0700,DWG_A115A02_CWT,11510162,-,-,-,-,-,-,-,-,-,-,-,-,-,-,-,-,-,-,-,-,-,-,-,-,-,-,-,-,-,-,-,-,-,-,-,-
EL_PA115A02,57,1300802,85,-,A115A02_3,-,EL_ATYP,",GTSS,GTSS_E",EL_ECWGV,DG240,EL_ETM,GH25E,EL_ECWTP,",R/R,F/R",EL_ECWRL,8,-,-,-,-,-,-,-,-,-,-,-,-,-,-,-,-,-,-,-,-,-,-,-,-,-,-,-,-,-,-,EL_PA115A02_2,11510162G0800,DWG_A115A02_CWT,11510162,-,-,-,-,-,-,-,-,-,-,-,-,-,-,-,-,-,-,-,-,-,-,-,-,-,-,-,-,-,-,-,-,-,-,-,-
EL_PA115A02,57,1300802,86,-,A115A02_3,작업요청 02416,EL_ATYP,",GTSS,GTSS_E",EL_ECWGV,DG240,EL_ETM,?GH31?,EL_ECWTP,",R/R,F/R",EL_ECWRL,8,-,-,-,-,-,-,-,-,-,-,-,-,-,-,-,-,-,-,-,-,-,-,-,-,-,-,-,-,-,-,EL_PA115A02_2,11510132G0100,DWG_A115A02_CWT,11510132,-,-,-,-,-,-,-,-,-,-,-,-,-,-,-,-,-,-,-,-,-,-,-,-,-,-,-,-,-,-,-,-,-,-,-,-
EL_PA115A02,57,1300802,87,-,A115A02_3,작업요청 02416,EL_ATYP,",GTSS,GTSS_E",EL_ECWGV,DG240,EL_ETM,?GH31?,EL_ECWTP,",R/L,F/L",EL_ECWRL,8,-,-,-,-,-,-,-,-,-,-,-,-,-,-,-,-,-,-,-,-,-,-,-,-,-,-,-,-,-,-,EL_PA115A02_2,11510132G0200,DWG_A115A02_CWT,11510132,-,-,-,-,-,-,-,-,-,-,-,-,-,-,-,-,-,-,-,-,-,-,-,-,-,-,-,-,-,-,-,-,-,-,-,-
EL_PA115A02,57,1300802,88,-,A115A02_3,-,EL_ATYP,",GTSS,GTSS_E",EL_ECWGV,DG240,EL_ETM,GH35B,EL_ECWTP,",F/L,R/L",EL_ECWRL,",13,89",-,-,-,-,-,-,-,-,-,-,-,-,-,-,-,-,-,-,-,-,-,-,-,-,-,-,-,-,-,-,EL_PA115A02_2,11510162G0500,DWG_A115A02_CWT,11510162,-,-,-,-,-,-,-,-,-,-,-,-,-,-,-,-,-,-,-,-,-,-,-,-,-,-,-,-,-,-,-,-,-,-,-,-
EL_PA115A02,57,1300802,89,-,A115A02_3,-,EL_ATYP,",GTSS,GTSS_E",EL_ECWGV,DG240,EL_ETM,GH35B,EL_ECWTP,",R/R,F/R",EL_ECWRL,",13,89",-,-,-,-,-,-,-,-,-,-,-,-,-,-,-,-,-,-,-,-,-,-,-,-,-,-,-,-,-,-,EL_PA115A02_2,11510162G0600,DWG_A115A02_CWT,11510162,-,-,-,-,-,-,-,-,-,-,-,-,-,-,-,-,-,-,-,-,-,-,-,-,-,-,-,-,-,-,-,-,-,-,-,-
EL_PA115A02,57,1300802,90,-,A115A02_3,-,EL_ATYP,",GTSS,GTSS_E",EL_ECWGV,DG240,EL_ETM,GH35C,EL_ECWTP,",F/L,R/L",EL_ECWRL,8,-,-,-,-,-,-,-,-,-,-,-,-,-,-,-,-,-,-,-,-,-,-,-,-,-,-,-,-,-,-,EL_PA115A02_2,11510162G0100,DWG_A115A02_CWT,11510162,-,-,-,-,-,-,-,-,-,-,-,-,-,-,-,-,-,-,-,-,-,-,-,-,-,-,-,-,-,-,-,-,-,-,-,-
EL_PA115A02,57,1300802,91,-,A115A02_3,-,EL_ATYP,",GTSS,GTSS_E",EL_ECWGV,DG240,EL_ETM,GH35C,EL_ECWTP,",F/L,R/L",EL_ECWRL,",13,89",-,-,-,-,-,-,-,-,-,-,-,-,-,-,-,-,-,-,-,-,-,-,-,-,-,-,-,-,-,-,EL_PA115A02_2,11510162G0200,DWG_A115A02_CWT,11510162,-,-,-,-,-,-,-,-,-,-,-,-,-,-,-,-,-,-,-,-,-,-,-,-,-,-,-,-,-,-,-,-,-,-,-,-
EL_PA115A02,57,1300802,92,-,A115A02_3,-,EL_ATYP,",GTSS,GTSS_E",EL_ECWGV,DG240,EL_ETM,GH35C,EL_ECWTP,",R/R,F/R",EL_ECWRL,8,-,-,-,-,-,-,-,-,-,-,-,-,-,-,-,-,-,-,-,-,-,-,-,-,-,-,-,-,-,-,EL_PA115A02_2,11510162G0300,DWG_A115A02_CWT,11510162,-,-,-,-,-,-,-,-,-,-,-,-,-,-,-,-,-,-,-,-,-,-,-,-,-,-,-,-,-,-,-,-,-,-,-,-
EL_PA115A02,57,1300802,93,-,A115A02_3,-,EL_ATYP,",GTSS,GTSS_E",EL_ECWGV,DG240,EL_ETM,GH35C,EL_ECWTP,",R/R,F/R",EL_ECWRL,",13,89",-,-,-,-,-,-,-,-,-,-,-,-,-,-,-,-,-,-,-,-,-,-,-,-,-,-,-,-,-,-,EL_PA115A02_2,11510162G0400,DWG_A115A02_CWT,11510162,-,-,-,-,-,-,-,-,-,-,-,-,-,-,-,-,-,-,-,-,-,-,-,-,-,-,-,-,-,-,-,-,-,-,-,-
EL_PA115A02,57,1300802,94,-,A115A02_3,-,EL_ATYP,",GTSS,GTSS_E",EL_ECWGV,DG240,EL_ACAPA,<=1600,-,-,-,-,-,-,-,-,-,-,-,-,-,-,-,-,-,-,-,-,-,-,-,-,-,-,-,-,-,-,-,-,-,-,EL_PA115A02_2,11510023G010A,DWG_A115A02_CWT,11510023,-,-,-,-,-,-,-,-,-,-,-,-,-,-,-,-,-,-,-,-,-,-,-,-,-,-,-,-,-,-,-,-,-,-,-,-
EL_PA115A02,57,1300802,95,-,A115A02_3,-,EL_ATYP,",GTLX,GTLX_E",EL_ECWGV,DG200,-,-,-,-,-,-,-,-,-,-,-,-,-,-,-,-,-,-,-,-,-,-,-,-,-,-,-,-,-,-,-,-,-,-,-,-,EL_PA115A02_2,11510036G0200,-,-,-,-,-,-,-,-,-,-,-,-,-,-,-,-,-,-,-,-,-,-,-,-,-,-,-,-,-,-,-,-,-,-,-,-,-,-
EL_PA115A02,57,1300802,96,-,A115A02_3,-,EL_ATYP,",GTLX,GTLX_E",EL_ECWGV,DG240,-,-,-,-,-,-,-,-,-,-,-,-,-,-,-,-,-,-,-,-,-,-,-,-,-,-,-,-,-,-,-,-,-,-,-,-,EL_PA115A02_2,11510036G0700,-,-,-,-,-,-,-,-,-,-,-,-,-,-,-,-,-,-,-,-,-,-,-,-,-,-,-,-,-,-,-,-,-,-,-,-,-,-
EL_PA115A02,57,1300802,97,-,A115A02_3,-,EL_ATYP,",GTLX,GTLX_E",-,-,-,-,-,-,-,-,-,-,-,-,-,-,-,-,-,-,-,-,-,-,-,-,-,-,-,-,-,-,-,-,-,-,-,-,-,-,-,-,-,-,-,-,-,-,-,-,-,-,-,-,-,-,-,-,-,-,-,-,-,-,-,-,-,-,-,-,-,-,-,-,-,-,-,-,-,-
EL_PA115A02,57,1300802,98,-,A115A02_3,-,EL_ATYP,",GTSS,GTSS_E",-,-,-,-,-,-,-,-,-,-,-,-,-,-,-,-,-,-,-,-,-,-,-,-,-,-,-,-,-,-,-,-,-,-,-,-,-,-,-,-,-,-,-,-,-,-,-,-,-,-,-,-,-,-,-,-,-,-,-,-,-,-,-,-,-,-,-,-,-,-,-,-,-,-,-,-,-,-
EL_PA115A02,57,1300802,99,-,-,-,-,-,-,-,-,-,-,-,-,-,-,-,-,-,-,-,-,-,-,-,-,-,-,-,-,-,-,-,-,-,-,-,-,-,-,-,-,-,-,-,-,-,-,-,-,-,-,-,-,-,-,-,-,-,-,-,-,-,-,-,-,-,-,-,-,-,-,-,-,-,-,-,-,-,-,-,-,-,-,-
EL_PA115A02,57,1300802,100,-,A115A02_3,-,EL_ATYP,"!(?SS?,?SH?)",EL_ECWGV,DG200,EL_AMR,!B,EL_ECWRL,-,EL_ECWGP,-,EL_ECWTP,-,EL_ETM,-,EL_ECWSF,-,EL_ECWCC,-,EL_ACD2,?KS?,-,-,-,-,-,-,-,-,-,-,-,-,-,-,-,-,-,-,-,-,EL_PA115A02_2,11500289G0200,-,-,-,-,-,-,-,-,-,-,-,-,-,-,-,-,-,-,-,-,-,-,-,-,-,-,-,-,-,-,-,-,-,-,-,-,-,-
EL_PA115A02,57,1300802,101,-,A115A02_3,-,EL_ATYP,"!(?SS?,?SH?)",EL_ECWGV,DG200,EL_AMR,!B,EL_ECWRL,-,EL_ECWGP,-,EL_ECWTP,-,EL_ETM,-,EL_ECWSF,-,EL_ECWCC,-,EL_ACD2,!?KS?,-,-,-,-,-,-,-,-,-,-,-,-,-,-,-,-,-,-,-,-,EL_PA115A02_2,115101081,-,-,-,-,-,-,-,-,-,-,-,-,-,-,-,-,-,-,-,-,-,-,-,-,-,-,-,-,-,-,-,-,-,-,-,-,-,-
EL_PA115A02,57,1300802,102,-,A115A02_3,-,EL_ATYP,",?WBSS2?,GTSS_R",EL_ECWGV,DG240,EL_AMR,!B,EL_ECWRL,-,EL_ECWGP,-,EL_ECWTP,",F/R,R/R",EL_ETM,-,EL_ECWSF,-,EL_ECWCC,85,EL_ACD2,-,-,-,-,-,-,-,-,-,-,-,-,-,-,-,-,-,-,-,-,-,EL_PA115A02_2,11500237G010A,DWG_A115A02_CWT,11500237,-,-,-,-,-,-,-,-,-,-,-,-,-,-,-,-,-,-,-,-,-,-,-,-,-,-,-,-,-,-,-,-,-,-,-,-
EL_PA115A02,57,1300802,103,-,A115A02_3,-,EL_ATYP,",?WBSS2?,GTSS_R",EL_ECWGV,DG240,EL_AMR,!B,EL_ECWRL,-,EL_ECWGP,-,EL_ECWTP,",F/L,R/L",EL_ETM,-,EL_ECWSF,-,EL_ECWCC,85,EL_ACD2,-,-,-,-,-,-,-,-,-,-,-,-,-,-,-,-,-,-,-,-,-,EL_PA115A02_2,11500237G020A,DWG_A115A02_CWT,11500237,-,-,-,-,-,-,-,-,-,-,-,-,-,-,-,-,-,-,-,-,-,-,-,-,-,-,-,-,-,-,-,-,-,-,-,-
EL_PA115A02,57,1300802,104,-,A115A02_3,-,EL_ATYP,",?WBSS2?,GTSS_R",EL_ECWGV,DG240,EL_AMR,!B,EL_ECWRL,8,EL_ECWGP,-,EL_ECWTP,",F/R,R/R",EL_ETM,",GY35A,GY35B",EL_ECWSF,!N,EL_ECWCC,",136,137",EL_ACD2,-,-,-,-,-,-,-,-,-,-,-,-,-,-,-,-,-,-,-,-,-,EL_PA115A02_2,11510105G0200,-,-,-,-,-,-,-,-,-,-,-,-,-,-,-,-,-,-,-,-,-,-,-,-,-,-,-,-,-,-,-,-,-,-,-,-,-,-
EL_PA115A02,57,1300802,105,-,A115A02_3,-,EL_ATYP,",?WBSS2?,GTSS_R",EL_ECWGV,DG240,EL_AMR,!B,EL_ECWRL,8,EL_ECWGP,-,EL_ECWTP,",F/R,R/R",EL_ETM,",GY35C,GY35D",EL_ECWSF,!N,EL_ECWCC,",136,137",EL_ACD2,-,-,-,-,-,-,-,-,-,-,-,-,-,-,-,-,-,-,-,-,-,EL_PA115A02_2,11510105G0700,-,-,-,-,-,-,-,-,-,-,-,-,-,-,-,-,-,-,-,-,-,-,-,-,-,-,-,-,-,-,-,-,-,-,-,-,-,-
EL_PA115A02,57,1300802,106,-,A115A02_3,-,EL_ATYP,",?WBSS2?,GTSS_R",EL_ECWGV,DG240,EL_AMR,!B,EL_ECWRL,8,EL_ECWGP,-,EL_ECWTP,",F/L,R/L",EL_ETM,",GY35A,GY35B",EL_ECWSF,!N,EL_ECWCC,",136,137",EL_ACD2,-,-,-,-,-,-,-,-,-,-,-,-,-,-,-,-,-,-,-,-,-,EL_PA115A02_2,11510105G0500,-,-,-,-,-,-,-,-,-,-,-,-,-,-,-,-,-,-,-,-,-,-,-,-,-,-,-,-,-,-,-,-,-,-,-,-,-,-
EL_PA115A02,57,1300802,107,-,A115A02_3,-,EL_ATYP,",?WBSS2?,GTSS_R",EL_ECWGV,DG240,EL_AMR,!B,EL_ECWRL,8,EL_ECWGP,-,EL_ECWTP,",F/L,R/L",EL_ETM,",GY35C,GY35D",EL_ECWSF,!N,EL_ECWCC,",136,137",EL_ACD2,-,-,-,-,-,-,-,-,-,-,-,-,-,-,-,-,-,-,-,-,-,EL_PA115A02_2,11510105G0800,-,-,-,-,-,-,-,-,-,-,-,-,-,-,-,-,-,-,-,-,-,-,-,-,-,-,-,-,-,-,-,-,-,-,-,-,-,-
EL_PA115A02,57,1300802,108,-,A115A02_3,-,EL_ATYP,",?WBSS2?,GTSS_R",EL_ECWGV,DG240,EL_AMR,!B,EL_ECWRL,",13,89",EL_ECWGP,-,EL_ECWTP,",F/R,R/R",EL_ETM,",?GY40?,?GY55?",EL_ECWSF,!N,EL_ECWCC,",136,137",EL_ACD2,-,-,-,-,-,-,-,-,-,-,-,-,-,-,-,-,-,-,-,-,-,EL_PA115A02_2,11510105G0100,-,-,-,-,-,-,-,-,-,-,-,-,-,-,-,-,-,-,-,-,-,-,-,-,-,-,-,-,-,-,-,-,-,-,-,-,-,-
EL_PA115A02,57,1300802,109,-,A115A02_3,-,EL_ATYP,",?WBSS2?,GTSS_R",EL_ECWGV,DG240,EL_AMR,!B,EL_ECWRL,",13,89",EL_ECWGP,-,EL_ECWTP,",F/L,R/L",EL_ETM,",?GY40?,?GY55?",EL_ECWSF,!N,EL_ECWCC,",136,137",EL_ACD2,-,-,-,-,-,-,-,-,-,-,-,-,-,-,-,-,-,-,-,-,-,EL_PA115A02_2,11510105G0300,-,-,-,-,-,-,-,-,-,-,-,-,-,-,-,-,-,-,-,-,-,-,-,-,-,-,-,-,-,-,-,-,-,-,-,-,-,-
EL_PA115A02,57,1300802,110,-,A115A02_3,-,EL_ATYP,",?WBSS2?,GTSS_R",EL_ECWGV,DG240,EL_AMR,!B,EL_ECWRL,18,EL_ECWGP,-,EL_ECWTP,",F/R,R/R",EL_ETM,?GY55?,EL_ECWSF,!N,EL_ECWCC,",136,137",EL_ACD2,-,-,-,-,-,-,-,-,-,-,-,-,-,-,-,-,-,-,-,-,-,EL_PA115A02_2,11510105G0600,-,-,-,-,-,-,-,-,-,-,-,-,-,-,-,-,-,-,-,-,-,-,-,-,-,-,-,-,-,-,-,-,-,-,-,-,-,-
EL_PA115A02,57,1300802,111,-,A115A02_3,-,EL_ATYP,",?WBSS2?,GTSS_R",EL_ECWGV,DG240,EL_AMR,!B,EL_ECWRL,18,EL_ECWGP,-,EL_ECWTP,",F/L,R/L",EL_ETM,?GY55?,EL_ECWSF,!N,EL_ECWCC,",136,137",EL_ACD2,-,-,-,-,-,-,-,-,-,-,-,-,-,-,-,-,-,-,-,-,-,EL_PA115A02_2,11510105G0400,-,-,-,-,-,-,-,-,-,-,-,-,-,-,-,-,-,-,-,-,-,-,-,-,-,-,-,-,-,-,-,-,-,-,-,-,-,-
EL_PA115A02,57,1300802,112,-,A115A02_3,-,EL_ATYP,"!(?SS?,?SH?)",EL_ECWGV,DG240,EL_AMR,!B,EL_ECWRL,-,EL_ECWGP,-,EL_ECWTP,-,EL_ETM,-,EL_ECWSF,-,EL_ECWCC,-,EL_ACD2,?KS?,-,-,-,-,-,-,-,-,-,-,-,-,-,-,-,-,-,-,-,-,EL_PA115A02_2,115C0158G0200,-,-,-,-,-,-,-,-,-,-,-,-,-,-,-,-,-,-,-,-,-,-,-,-,-,-,-,-,-,-,-,-,-,-,-,-,-,-
EL_PA115A02,57,1300802,113,-,A115A02_3,-,EL_ATYP,"!(?SS?,?SH?)",EL_ECWGV,DG240,EL_AMR,!B,EL_ECWRL,-,EL_ECWGP,-,EL_ECWTP,-,EL_ETM,-,EL_ECWSF,-,EL_ECWCC,-,EL_ACD2,!?KS?,-,-,-,-,-,-,-,-,-,-,-,-,-,-,-,-,-,-,-,-,EL_PA115A02_2,115101080,-,-,-,-,-,-,-,-,-,-,-,-,-,-,-,-,-,-,-,-,-,-,-,-,-,-,-,-,-,-,-,-,-,-,-,-,-,-
EL_PA115A02,57,1300802,114,-,A115A02_3,-,EL_ATYP,",?SSVF?,GTSS_R",EL_ECWGV,",DG240,DG240B,DG240E",EL_AMR,-,EL_ECWRL,8,EL_ECWGP,-,EL_ECWTP,-,EL_ETM,!(?GY?),EL_ECWSF,GSC330,EL_ECWCC,-,EL_ACD2,-,-,-,-,-,-,-,-,-,-,-,-,-,-,-,-,-,-,-,-,-,EL_PA115A02_2,11510111G0100,-,-,-,-,-,-,-,-,-,-,-,-,-,-,-,-,-,-,-,-,-,-,-,-,-,-,-,-,-,-,-,-,-,-,-,-,-,-
EL_PA115A02,57,1300802,115,-,A115A02_3,-,EL_ATYP,",?SSVF?,GTSS_R",EL_ECWGV,",DG240,DG240B,DG240E",EL_AMR,-,EL_ECWRL,",13,89",EL_ECWGP,-,EL_ECWTP,-,EL_ETM,!(?GY?),EL_ECWSF,GSC330,EL_ECWCC,-,EL_ACD2,-,-,-,-,-,-,-,-,-,-,-,-,-,-,-,-,-,-,-,-,-,EL_PA115A02_2,11510111G0200,-,-,-,-,-,-,-,-,-,-,-,-,-,-,-,-,-,-,-,-,-,-,-,-,-,-,-,-,-,-,-,-,-,-,-,-,-,-
EL_PA115A02,57,1300802,116,-,A115A02_3,-,EL_ATYP,",?SSVF?,GTSS_R",EL_ECWGV,",DG240,DG240B",EL_AMR,-,EL_ECWRL,",13,89",EL_ECWGP,",R/L,F/R",EL_ECWTP,-,EL_ETM,!(?GY?),EL_ECWSF,!(GSC330),EL_ECWCC,-,EL_ACD2,-,-,-,-,-,-,-,-,-,-,-,-,-,-,-,-,-,-,-,-,-,EL_PA115A02_2,115100744,-,-,-,-,-,-,-,-,-,-,-,-,-,-,-,-,-,-,-,-,-,-,-,-,-,-,-,-,-,-,-,-,-,-,-,-,-,-
EL_PA115A02,57,1300802,117,-,A115A02_3,-,EL_ATYP,",?SSVF?,GTSS_R",EL_ECWGV,",DG240,DG240B,DG240E",EL_AMR,-,EL_ECWRL,18,EL_ECWGP,-,EL_ECWTP,-,EL_ETM,!(?GY?),EL_ECWSF,GSC330,EL_ECWCC,-,EL_ACD2,-,-,-,-,-,-,-,-,-,-,-,-,-,-,-,-,-,-,-,-,-,EL_PA115A02_2,115100732,-,-,-,-,-,-,-,-,-,-,-,-,-,-,-,-,-,-,-,-,-,-,-,-,-,-,-,-,-,-,-,-,-,-,-,-,-,-
EL_PA115A02,57,1300802,118,-,A115A02_3,DG305수정-곽민철M요청(221103),EL_ATYP,!(?SS?),EL_ECWGV,",DG305A,DG310",EL_AMR,!B,EL_ECWRL,-,EL_ECWGP,-,EL_ECWTP,-,EL_ETM,-,EL_ECWSF,-,EL_ECWCC,-,EL_ACD2,-,-,-,-,-,-,-,-,-,-,-,-,-,-,-,-,-,-,-,-,-,EL_PA115A02_2,11510018G0100,-,-,-,-,-,-,-,-,-,-,-,-,-,-,-,-,-,-,-,-,-,-,-,-,-,-,-,-,-,-,-,-,-,-,-,-,-,-
EL_PA115A02,57,1300802,119,-,-,-,-,-,-,-,-,-,-,-,-,-,-,-,-,-,-,-,-,-,-,-,-,-,-,-,-,-,-,-,-,-,-,-,-,-,-,-,-,-,-,-,-,-,-,-,-,-,-,-,-,-,-,-,-,-,-,-,-,-,-,-,-,-,-,-,-,-,-,-,-,-,-,-,-,-,-,-,-,-,-,-
EL_PA115A02,57,1300802,120,A115A02_3,-,-,-,-,-,-,-,-,-,-,-,-,-,-,-,-,-,-,-,-,-,-,-,-,-,-,-,-,-,-,-,-,-,-,-,-,-,-,-,-,-,-,-,-,-,-,-,-,-,-,-,-,-,-,-,-,-,-,-,-,-,-,-,-,-,-,-,-,-,-,-,-,-,-,-,-,-,-,-,-,-,-
EL_PA115A02,57,1300802,121,-,STOP,작업요청 04416-COMPEN 조건 삭제,EL_ATYP,!(?SS?),EL_ECGV,DG305S,EL_ECWTP,",R/L,R/R",EL_DETS,Y,EL_ASPD,">=180,<=240",-,-,-,-,-,-,-,-,-,-,-,-,-,-,-,-,-,-,-,-,-,-,-,-,-,-,-,-,-,-,EL_PA115A02_3,11510171G0100,DWG_A115A02_CAR2,11510171G01,-,-,-,-,-,-,-,-,-,-,-,-,-,-,-,-,-,-,-,-,-,-,-,-,-,-,-,-,-,-,-,-,-,-,-,-
EL_PA115A02,57,1300802,122,-,STOP,작업요청 04651-추가 수배_곽민철M요청,EL_ASPD,180,ETS_SPD1,W,EL_ECWTP,",R/L,R/R",EL_DETS,!Y,-,-,-,-,-,-,-,-,-,-,-,-,-,-,-,-,-,-,-,-,-,-,-,-,-,-,-,-,-,-,-,-,EL_PA115A02_3,11510171G0100,DWG_A115A02_CAR2,11510171G01,-,-,-,-,-,-,-,-,-,-,-,-,-,-,-,-,-,-,-,-,-,-,-,-,-,-,-,-,-,-,-,-,-,-,-,-
