NO,구분,주요 변경 필드,v44 정보,v45 정보,상세 변경 내용
2,수정(MODIFIED),"VAL1, REMARKS",REMARKS:FIRST_DATE | KEYS:[CALL=CAL_FIRST_DATE],REMARKS:NG550_CS | KEYS:[CALL=CAL_NG550_CS],VAL1: [CAL_FIRST_DATE] -> [CAL_NG550_CS] | REMARKS: [FIRST_DATE] -> [NG550_CS]
3,수정(MODIFIED),"KEY1, VAL1, REMARKS",REMARKS:A103A03_1 : PULL BOX ASSY | KEYS:[OUTPUT=EL_PA103A03_1],REMARKS:FIRST_DATE | KEYS:[CALL=CAL_FIRST_DATE],KEY1: [OUTPUT] -> [CALL] | VAL1: [EL_PA103A03_1] -> [CAL_FIRST_DATE] | REMARKS: [A103A03_1 : PULL BOX ASSY] -> [FIRST_DATE]
4,수정(MODIFIED),"KEY1, VAL1, REMARKS",KEYS:[EL_PA103A03_1=None],REMARKS:A103A03_1 : PULL BOX ASSY | KEYS:[OUTPUT=EL_PA103A03_1],KEY1: [EL_PA103A03_1] -> [OUTPUT] | VAL1: [] -> [EL_PA103A03_1] | REMARKS: [] -> [A103A03_1 : PULL BOX ASSY]
5,수정(MODIFIED),"KEY1, VAL1, REMARKS",REMARKS:A103A03_2 : MC FOUNDATION COVER | KEYS:[OUTPUT=EL_PA103A03_2],KEYS:[EL_PA103A03_1=None],KEY1: [OUTPUT] -> [EL_PA103A03_1] | VAL1: [EL_PA103A03_2] -> [] | REMARKS: [A103A03_2 : MC FOUNDATION COVER] -> []
6,수정(MODIFIED),"KEY1, VAL1, REMARKS",KEYS:[EL_PA103A03_2=None],REMARKS:A103A03_2 : MC FOUNDATION COVER | KEYS:[OUTPUT=EL_PA103A03_2],KEY1: [EL_PA103A03_2] -> [OUTPUT] | VAL1: [] -> [EL_PA103A03_2] | REMARKS: [] -> [A103A03_2 : MC FOUNDATION COVER]
7,수정(MODIFIED),"KEY1, VAL1, KEY2, VAL2, REMARKS","REMARKS:A103A03_3 : SUPPORT BEAM (CAR HITCH측) | KEYS:[OUTPUT=EL_PA103A03_3, OUTPUT=EL_PA103A03_4]",KEYS:[EL_PA103A03_2=None],KEY1: [OUTPUT] -> [EL_PA103A03_2] | VAL1: [EL_PA103A03_3] -> [] | KEY2: [OUTPUT] -> [] | VAL2: [EL_PA103A03_4] -> [] | REMARKS: [A103A03_3 : SUPPORT BEAM (CAR HITCH측)] -> []
8,수정(MODIFIED),"KEY1, VAL1, KEY2, VAL2, REMARKS","REMARKS:A103A03_4 : SUPPORT BEAM (CWT HITCH측) | KEYS:[EL_PA103A03_3=None, EL_PA103A03_4=None]","REMARKS:A103A03_3 : SUPPORT BEAM (CAR HITCH측) | KEYS:[OUTPUT=EL_PA103A03_3, OUTPUT=EL_PA103A03_4]",KEY1: [EL_PA103A03_3] -> [OUTPUT] | VAL1: [] -> [EL_PA103A03_3] | KEY2: [EL_PA103A03_4] -> [OUTPUT] | VAL2: [] -> [EL_PA103A03_4] | REMARKS: [A103A03_4 : SUPPORT BEAM (CWT HITCH측)] -> [A103A03_3 : SUPPORT BEAM (CAR HITCH측)]
9,수정(MODIFIED),"ADDR, KEY1, KEY2, REMARKS",ADDR:MAIN,"REMARKS:A103A03_4 : SUPPORT BEAM (CWT HITCH측) | KEYS:[EL_PA103A03_3=None, EL_PA103A03_4=None]",ADDR: [MAIN] -> [] | KEY1: [] -> [EL_PA103A03_3] | KEY2: [] -> [EL_PA103A03_4] | REMARKS: [] -> [A103A03_4 : SUPPORT BEAM (CWT HITCH측)]
10,수정(MODIFIED),"ADDR, SPEC1, CON1, SPEC2, CON2, SPEC3, CON3, KEY1, VAL1","SPECS:[EL_ATYP=,GTLX,GTLX_E, EL_ETM=?GH?, FIRST_DATE=<=20230806] | KEYS:[EL_PA103A03_1=10101604G0100]",ADDR:MAIN,"ADDR: [] -> [MAIN] | SPEC1: [EL_ATYP] -> [] | CON1: [,GTLX,GTLX_E] -> [] | SPEC2: [EL_ETM] -> [] | CON2: [?GH?] -> [] | SPEC3: [FIRST_DATE] -> [] | CON3: [<=20230806] -> [] | KEY1: [EL_PA103A03_1] -> [] | VAL1: [10101604G0100] -> []"
11,수정(MODIFIED),"SPEC1, CON1, SPEC2, CON2, SPEC3, CON3, KEY1, VAL1",,"SPECS:[EL_ATYP=,GTLX,GTLX_E, EL_ETM=?GH?, FIRST_DATE=<=20230806] | KEYS:[EL_PA103A03_1=10101604G0100]","SPEC1: [] -> [EL_ATYP] | CON1: [] -> [,GTLX,GTLX_E] | SPEC2: [] -> [EL_ETM] | CON2: [] -> [?GH?] | SPEC3: [] -> [FIRST_DATE] | CON3: [] -> [<=20230806] | KEY1: [] -> [EL_PA103A03_1] | VAL1: [] -> [10101604G0100]"
12,수정(MODIFIED),"SPEC1, CON1, SPEC2, CON2, SPEC3, CON3, SPEC4, CON4, SPEC6, CON6, SPEC7, CON7, SPEC8, CON8, SPEC9, CON9, SPEC10, CON10, KEY1, VAL1, GOTO, REMARKS","GOTO:PICK3 | REMARKS:K10310416G01 | SPECS:[EL_ABRAND=NEX_MR, EL_ASPSCD=KC01, EL_DREUSE=N, EL_ECWTP=R, EL_ETM=,GH15A,GH15B,GH25C,GH25D,GH15SA,GH15SB,GH25SC,GH25SD, EL_ACAPA=>=450,<=1200, EL_ASPD=>=60,<=105, EL_ERPW=,2,3,4, EL_EPP=>=500,<=600] | KEYS:[EL_PA103A03_2=C101P013266]",,"SPEC1: [EL_ABRAND] -> [] | CON1: [NEX_MR] -> [] | SPEC2: [EL_ASPSCD] -> [] | CON2: [KC01] -> [] | SPEC3: [EL_DREUSE] -> [] | CON3: [N] -> [] | SPEC4: [EL_ECWTP] -> [] | CON4: [R] -> [] | SPEC6: [EL_ETM] -> [] | CON6: [,GH15A,GH15B,GH25C,GH25D,GH15SA,GH15SB,GH25SC,GH25SD] -> [] | SPEC7: [EL_ACAPA] -> [] | CON7: [>=450,<=1200] -> [] | SPEC8: [EL_ASPD] -> [] | CON8: [>=60,<=105] -> [] | SPEC9: [EL_ERPW] -> [] | CON9: [,2,3,4] -> [] | SPEC10: [EL_EPP] -> [] | CON10: [>=500,<=600] -> [] | KEY1: [EL_PA103A03_2] -> [] | VAL1: [C101P013266] -> [] | GOTO: [PICK3] -> [] | REMARKS: [K10310416G01] -> []"
13,수정(MODIFIED),"CON10, SPEC11, CON11, VAL1","GOTO:PICK3 | REMARKS:K10310416G01 | SPECS:[EL_ABRAND=NEX_MR, EL_ASPSCD=KC01, EL_DREUSE=N, EL_ECWTP=R, EL_ETM=,GH15A,GH15B,GH25C,GH25D,GH15SA,GH15SB,GH25SC,GH25SD, EL_ACAPA=>=450,<=1200, EL_ASPD=>=60,<=105, EL_ERPW=,2,3,4, EL_EPP=>600,<=700] | KEYS:[EL_PA103A03_2=C101P013267]","GOTO:PICK3 | REMARKS:K10310416G01 | SPECS:[EL_ABRAND=NEX_MR, EL_ASPSCD=KC01, EL_DREUSE=N, EL_ECWTP=R, EL_ETM=,GH15A,GH15B,GH25C,GH25D,GH15SA,GH15SB,GH25SC,GH25SD, EL_ACAPA=>=450,<=1200, EL_ASPD=>=60,<=105, EL_ERPW=,2,3,4, EL_EPP=>=500,<=600, NG550_CS=N] | KEYS:[EL_PA103A03_2=C101P013266]","CON10: [>600,<=700] -> [>=500,<=600] | SPEC11: [] -> [NG550_CS] | CON11: [] -> [N] | VAL1: [C101P013267] -> [C101P013266]"
14,수정(MODIFIED),"CON10, SPEC11, CON11, VAL1","GOTO:PICK3 | REMARKS:K10310416G01 | SPECS:[EL_ABRAND=NEX_MR, EL_ASPSCD=KC01, EL_DREUSE=N, EL_ECWTP=R, EL_ETM=,GH15A,GH15B,GH25C,GH25D,GH15SA,GH15SB,GH25SC,GH25SD, EL_ACAPA=>=450,<=1200, EL_ASPD=>=60,<=105, EL_ERPW=,2,3,4, EL_EPP=>700,<=800] | KEYS:[EL_PA103A03_2=C101P013268]","GOTO:PICK3 | REMARKS:K10310416G01 | SPECS:[EL_ABRAND=NEX_MR, EL_ASPSCD=KC01, EL_DREUSE=N, EL_ECWTP=R, EL_ETM=,GH15A,GH15B,GH25C,GH25D,GH15SA,GH15SB,GH25SC,GH25SD, EL_ACAPA=>=450,<=1200, EL_ASPD=>=60,<=105, EL_ERPW=,2,3,4, EL_EPP=>600,<=700, NG550_CS=N] | KEYS:[EL_PA103A03_2=C101P013267]","CON10: [>700,<=800] -> [>600,<=700] | SPEC11: [] -> [NG550_CS] | CON11: [] -> [N] | VAL1: [C101P013268] -> [C101P013267]"
15,수정(MODIFIED),"CON10, SPEC11, CON11, VAL1","GOTO:PICK3 | REMARKS:K10310416G01 | SPECS:[EL_ABRAND=NEX_MR, EL_ASPSCD=KC01, EL_DREUSE=N, EL_ECWTP=R, EL_ETM=,GH15A,GH15B,GH25C,GH25D,GH15SA,GH15SB,GH25SC,GH25SD, EL_ACAPA=>=450,<=1200, EL_ASPD=>=60,<=105, EL_ERPW=,2,3,4, EL_EPP=>800,<=900] | KEYS:[EL_PA103A03_2=C101P013269]","GOTO:PICK3 | REMARKS:K10310416G01 | SPECS:[EL_ABRAND=NEX_MR, EL_ASPSCD=KC01, EL_DREUSE=N, EL_ECWTP=R, EL_ETM=,GH15A,GH15B,GH25C,GH25D,GH15SA,GH15SB,GH25SC,GH25SD, EL_ACAPA=>=450,<=1200, EL_ASPD=>=60,<=105, EL_ERPW=,2,3,4, EL_EPP=>700,<=800, NG550_CS=N] | KEYS:[EL_PA103A03_2=C101P013268]","CON10: [>800,<=900] -> [>700,<=800] | SPEC11: [] -> [NG550_CS] | CON11: [] -> [N] | VAL1: [C101P013269] -> [C101P013268]"
16,수정(MODIFIED),"CON10, SPEC11, CON11, VAL1","GOTO:PICK3 | REMARKS:K10310416G01 | SPECS:[EL_ABRAND=NEX_MR, EL_ASPSCD=KC01, EL_DREUSE=N, EL_ECWTP=R, EL_ETM=,GH15A,GH15B,GH25C,GH25D,GH15SA,GH15SB,GH25SC,GH25SD, EL_ACAPA=>=450,<=1200, EL_ASPD=>=60,<=105, EL_ERPW=,2,3,4, EL_EPP=>900,<=1000] | KEYS:[EL_PA103A03_2=C101P013270]","GOTO:PICK3 | REMARKS:K10310416G01 | SPECS:[EL_ABRAND=NEX_MR, EL_ASPSCD=KC01, EL_DREUSE=N, EL_ECWTP=R, EL_ETM=,GH15A,GH15B,GH25C,GH25D,GH15SA,GH15SB,GH25SC,GH25SD, EL_ACAPA=>=450,<=1200, EL_ASPD=>=60,<=105, EL_ERPW=,2,3,4, EL_EPP=>800,<=900, NG550_CS=N] | KEYS:[EL_PA103A03_2=C101P013269]","CON10: [>900,<=1000] -> [>800,<=900] | SPEC11: [] -> [NG550_CS] | CON11: [] -> [N] | VAL1: [C101P013270] -> [C101P013269]"
17,수정(MODIFIED),"CON10, SPEC11, CON11, VAL1","GOTO:PICK3 | REMARKS:K10310416G01 | SPECS:[EL_ABRAND=NEX_MR, EL_ASPSCD=KC01, EL_DREUSE=N, EL_ECWTP=R, EL_ETM=,GH15A,GH15B,GH25C,GH25D,GH15SA,GH15SB,GH25SC,GH25SD, EL_ACAPA=>=450,<=1200, EL_ASPD=>=60,<=105, EL_ERPW=,2,3,4, EL_EPP=>1000,<=1100] | KEYS:[EL_PA103A03_2=C101P013444]","GOTO:PICK3 | REMARKS:K10310416G01 | SPECS:[EL_ABRAND=NEX_MR, EL_ASPSCD=KC01, EL_DREUSE=N, EL_ECWTP=R, EL_ETM=,GH15A,GH15B,GH25C,GH25D,GH15SA,GH15SB,GH25SC,GH25SD, EL_ACAPA=>=450,<=1200, EL_ASPD=>=60,<=105, EL_ERPW=,2,3,4, EL_EPP=>900,<=1000, NG550_CS=N] | KEYS:[EL_PA103A03_2=C101P013270]","CON10: [>1000,<=1100] -> [>900,<=1000] | SPEC11: [] -> [NG550_CS] | CON11: [] -> [N] | VAL1: [C101P013444] -> [C101P013270]"
18,수정(MODIFIED),"CON10, SPEC11, CON11, VAL1","GOTO:PICK3 | REMARKS:K10310416G01 | SPECS:[EL_ABRAND=NEX_MR, EL_ASPSCD=KC01, EL_DREUSE=N, EL_ECWTP=R, EL_ETM=,GH15A,GH15B,GH25C,GH25D,GH15SA,GH15SB,GH25SC,GH25SD, EL_ACAPA=>=450,<=1200, EL_ASPD=>=60,<=105, EL_ERPW=,2,3,4, EL_EPP=>1100,<=1200] | KEYS:[EL_PA103A03_2=C101P013445]","GOTO:PICK3 | REMARKS:K10310416G01 | SPECS:[EL_ABRAND=NEX_MR, EL_ASPSCD=KC01, EL_DREUSE=N, EL_ECWTP=R, EL_ETM=,GH15A,GH15B,GH25C,GH25D,GH15SA,GH15SB,GH25SC,GH25SD, EL_ACAPA=>=450,<=1200, EL_ASPD=>=60,<=105, EL_ERPW=,2,3,4, EL_EPP=>1000,<=1100, NG550_CS=N] | KEYS:[EL_PA103A03_2=C101P013444]","CON10: [>1100,<=1200] -> [>1000,<=1100] | SPEC11: [] -> [NG550_CS] | CON11: [] -> [N] | VAL1: [C101P013445] -> [C101P013444]"
19,수정(MODIFIED),"CON10, SPEC11, CON11, VAL1","GOTO:PICK3 | REMARKS:K10310416G01 | SPECS:[EL_ABRAND=NEX_MR, EL_ASPSCD=KC01, EL_DREUSE=N, EL_ECWTP=R, EL_ETM=,GH15A,GH15B,GH25C,GH25D,GH15SA,GH15SB,GH25SC,GH25SD, EL_ACAPA=>=450,<=1200, EL_ASPD=>=60,<=105, EL_ERPW=,2,3,4, EL_EPP=>1200,<=1300] | KEYS:[EL_PA103A03_2=C101P013446]","GOTO:PICK3 | REMARKS:K10310416G01 | SPECS:[EL_ABRAND=NEX_MR, EL_ASPSCD=KC01, EL_DREUSE=N, EL_ECWTP=R, EL_ETM=,GH15A,GH15B,GH25C,GH25D,GH15SA,GH15SB,GH25SC,GH25SD, EL_ACAPA=>=450,<=1200, EL_ASPD=>=60,<=105, EL_ERPW=,2,3,4, EL_EPP=>1100,<=1200, NG550_CS=N] | KEYS:[EL_PA103A03_2=C101P013445]","CON10: [>1200,<=1300] -> [>1100,<=1200] | SPEC11: [] -> [NG550_CS] | CON11: [] -> [N] | VAL1: [C101P013446] -> [C101P013445]"
20,수정(MODIFIED),"CON10, SPEC11, CON11, VAL1","GOTO:PICK3 | REMARKS:K10310416G01 | SPECS:[EL_ABRAND=NEX_MR, EL_ASPSCD=KC01, EL_DREUSE=N, EL_ECWTP=R, EL_ETM=,GH15A,GH15B,GH25C,GH25D,GH15SA,GH15SB,GH25SC,GH25SD, EL_ACAPA=>=450,<=1200, EL_ASPD=>=60,<=105, EL_ERPW=,2,3,4, EL_EPP=>1300,<=1400] | KEYS:[EL_PA103A03_2=C101P013447]","GOTO:PICK3 | REMARKS:K10310416G01 | SPECS:[EL_ABRAND=NEX_MR, EL_ASPSCD=KC01, EL_DREUSE=N, EL_ECWTP=R, EL_ETM=,GH15A,GH15B,GH25C,GH25D,GH15SA,GH15SB,GH25SC,GH25SD, EL_ACAPA=>=450,<=1200, EL_ASPD=>=60,<=105, EL_ERPW=,2,3,4, EL_EPP=>1200,<=1300, NG550_CS=N] | KEYS:[EL_PA103A03_2=C101P013446]","CON10: [>1300,<=1400] -> [>1200,<=1300] | SPEC11: [] -> [NG550_CS] | CON11: [] -> [N] | VAL1: [C101P013447] -> [C101P013446]"
21,수정(MODIFIED),"CON10, SPEC11, CON11, VAL1","GOTO:PICK3 | REMARKS:K10310416G01 | SPECS:[EL_ABRAND=NEX_MR, EL_ASPSCD=KC01, EL_DREUSE=N, EL_ECWTP=R, EL_ETM=,GH15A,GH15B,GH25C,GH25D,GH15SA,GH15SB,GH25SC,GH25SD, EL_ACAPA=>=450,<=1200, EL_ASPD=>=60,<=105, EL_ERPW=,2,3,4, EL_EPP=>1400,<=1500] | KEYS:[EL_PA103A03_2=C101P013448]","GOTO:PICK3 | REMARKS:K10310416G01 | SPECS:[EL_ABRAND=NEX_MR, EL_ASPSCD=KC01, EL_DREUSE=N, EL_ECWTP=R, EL_ETM=,GH15A,GH15B,GH25C,GH25D,GH15SA,GH15SB,GH25SC,GH25SD, EL_ACAPA=>=450,<=1200, EL_ASPD=>=60,<=105, EL_ERPW=,2,3,4, EL_EPP=>1300,<=1400, NG550_CS=N] | KEYS:[EL_PA103A03_2=C101P013447]","CON10: [>1400,<=1500] -> [>1300,<=1400] | SPEC11: [] -> [NG550_CS] | CON11: [] -> [N] | VAL1: [C101P013448] -> [C101P013447]"
22,수정(MODIFIED),"CON6, CON10, SPEC11, CON11, VAL1, REMARKS","GOTO:PICK3 | REMARKS:K10310416G02 | SPECS:[EL_ABRAND=NEX_MR, EL_ASPSCD=KC01, EL_DREUSE=N, EL_ECWTP=R, EL_ETM=,GH25A,GH25B,GH25SA,GH25SB, EL_ACAPA=>=450,<=1200, EL_ASPD=>=60,<=105, EL_ERPW=,2,3,4, EL_EPP=>=500,<=600] | KEYS:[EL_PA103A03_2=C101P013299]","GOTO:PICK3 | REMARKS:K10310416G01 | SPECS:[EL_ABRAND=NEX_MR, EL_ASPSCD=KC01, EL_DREUSE=N, EL_ECWTP=R, EL_ETM=,GH15A,GH15B,GH25C,GH25D,GH15SA,GH15SB,GH25SC,GH25SD, EL_ACAPA=>=450,<=1200, EL_ASPD=>=60,<=105, EL_ERPW=,2,3,4, EL_EPP=>1400,<=1500, NG550_CS=N] | KEYS:[EL_PA103A03_2=C101P013448]","CON6: [,GH25A,GH25B,GH25SA,GH25SB] -> [,GH15A,GH15B,GH25C,GH25D,GH15SA,GH15SB,GH25SC,GH25SD] | CON10: [>=500,<=600] -> [>1400,<=1500] | SPEC11: [] -> [NG550_CS] | CON11: [] -> [N] | VAL1: [C101P013299] -> [C101P013448] | REMARKS: [K10310416G02] -> [K10310416G01]"
23,수정(MODIFIED),"CON10, SPEC11, CON11, VAL1","GOTO:PICK3 | REMARKS:K10310416G02 | SPECS:[EL_ABRAND=NEX_MR, EL_ASPSCD=KC01, EL_DREUSE=N, EL_ECWTP=R, EL_ETM=,GH25A,GH25B,GH25SA,GH25SB, EL_ACAPA=>=450,<=1200, EL_ASPD=>=60,<=105, EL_ERPW=,2,3,4, EL_EPP=>600,<=700] | KEYS:[EL_PA103A03_2=C101P013300]","GOTO:PICK3 | REMARKS:K10310416G02 | SPECS:[EL_ABRAND=NEX_MR, EL_ASPSCD=KC01, EL_DREUSE=N, EL_ECWTP=R, EL_ETM=,GH25A,GH25B,GH25SA,GH25SB, EL_ACAPA=>=450,<=1200, EL_ASPD=>=60,<=105, EL_ERPW=,2,3,4, EL_EPP=>=500,<=600, NG550_CS=N] | KEYS:[EL_PA103A03_2=C101P013299]","CON10: [>600,<=700] -> [>=500,<=600] | SPEC11: [] -> [NG550_CS] | CON11: [] -> [N] | VAL1: [C101P013300] -> [C101P013299]"
24,수정(MODIFIED),"CON10, SPEC11, CON11, VAL1","GOTO:PICK3 | REMARKS:K10310416G02 | SPECS:[EL_ABRAND=NEX_MR, EL_ASPSCD=KC01, EL_DREUSE=N, EL_ECWTP=R, EL_ETM=,GH25A,GH25B,GH25SA,GH25SB, EL_ACAPA=>=450,<=1200, EL_ASPD=>=60,<=105, EL_ERPW=,2,3,4, EL_EPP=>700,<=800] | KEYS:[EL_PA103A03_2=C101P013301]","GOTO:PICK3 | REMARKS:K10310416G02 | SPECS:[EL_ABRAND=NEX_MR, EL_ASPSCD=KC01, EL_DREUSE=N, EL_ECWTP=R, EL_ETM=,GH25A,GH25B,GH25SA,GH25SB, EL_ACAPA=>=450,<=1200, EL_ASPD=>=60,<=105, EL_ERPW=,2,3,4, EL_EPP=>600,<=700, NG550_CS=N] | KEYS:[EL_PA103A03_2=C101P013300]","CON10: [>700,<=800] -> [>600,<=700] | SPEC11: [] -> [NG550_CS] | CON11: [] -> [N] | VAL1: [C101P013301] -> [C101P013300]"
25,수정(MODIFIED),"CON10, SPEC11, CON11, VAL1","GOTO:PICK3 | REMARKS:K10310416G02 | SPECS:[EL_ABRAND=NEX_MR, EL_ASPSCD=KC01, EL_DREUSE=N, EL_ECWTP=R, EL_ETM=,GH25A,GH25B,GH25SA,GH25SB, EL_ACAPA=>=450,<=1200, EL_ASPD=>=60,<=105, EL_ERPW=,2,3,4, EL_EPP=>800,<=900] | KEYS:[EL_PA103A03_2=C101P013302]","GOTO:PICK3 | REMARKS:K10310416G02 | SPECS:[EL_ABRAND=NEX_MR, EL_ASPSCD=KC01, EL_DREUSE=N, EL_ECWTP=R, EL_ETM=,GH25A,GH25B,GH25SA,GH25SB, EL_ACAPA=>=450,<=1200, EL_ASPD=>=60,<=105, EL_ERPW=,2,3,4, EL_EPP=>700,<=800, NG550_CS=N] | KEYS:[EL_PA103A03_2=C101P013301]","CON10: [>800,<=900] -> [>700,<=800] | SPEC11: [] -> [NG550_CS] | CON11: [] -> [N] | VAL1: [C101P013302] -> [C101P013301]"
26,수정(MODIFIED),"CON10, SPEC11, CON11, VAL1","GOTO:PICK3 | REMARKS:K10310416G02 | SPECS:[EL_ABRAND=NEX_MR, EL_ASPSCD=KC01, EL_DREUSE=N, EL_ECWTP=R, EL_ETM=,GH25A,GH25B,GH25SA,GH25SB, EL_ACAPA=>=450,<=1200, EL_ASPD=>=60,<=105, EL_ERPW=,2,3,4, EL_EPP=>900,<=1000] | KEYS:[EL_PA103A03_2=C101P013303]","GOTO:PICK3 | REMARKS:K10310416G02 | SPECS:[EL_ABRAND=NEX_MR, EL_ASPSCD=KC01, EL_DREUSE=N, EL_ECWTP=R, EL_ETM=,GH25A,GH25B,GH25SA,GH25SB, EL_ACAPA=>=450,<=1200, EL_ASPD=>=60,<=105, EL_ERPW=,2,3,4, EL_EPP=>800,<=900, NG550_CS=N] | KEYS:[EL_PA103A03_2=C101P013302]","CON10: [>900,<=1000] -> [>800,<=900] | SPEC11: [] -> [NG550_CS] | CON11: [] -> [N] | VAL1: [C101P013303] -> [C101P013302]"
27,수정(MODIFIED),"CON10, SPEC11, CON11, VAL1","GOTO:PICK3 | REMARKS:K10310416G02 | SPECS:[EL_ABRAND=NEX_MR, EL_ASPSCD=KC01, EL_DREUSE=N, EL_ECWTP=R, EL_ETM=,GH25A,GH25B,GH25SA,GH25SB, EL_ACAPA=>=450,<=1200, EL_ASPD=>=60,<=105, EL_ERPW=,2,3,4, EL_EPP=>1000,<=1100] | KEYS:[EL_PA103A03_2=C101P013449]","GOTO:PICK3 | REMARKS:K10310416G02 | SPECS:[EL_ABRAND=NEX_MR, EL_ASPSCD=KC01, EL_DREUSE=N, EL_ECWTP=R, EL_ETM=,GH25A,GH25B,GH25SA,GH25SB, EL_ACAPA=>=450,<=1200, EL_ASPD=>=60,<=105, EL_ERPW=,2,3,4, EL_EPP=>900,<=1000, NG550_CS=N] | KEYS:[EL_PA103A03_2=C101P013303]","CON10: [>1000,<=1100] -> [>900,<=1000] | SPEC11: [] -> [NG550_CS] | CON11: [] -> [N] | VAL1: [C101P013449] -> [C101P013303]"
28,수정(MODIFIED),"CON10, SPEC11, CON11, VAL1","GOTO:PICK3 | REMARKS:K10310416G02 | SPECS:[EL_ABRAND=NEX_MR, EL_ASPSCD=KC01, EL_DREUSE=N, EL_ECWTP=R, EL_ETM=,GH25A,GH25B,GH25SA,GH25SB, EL_ACAPA=>=450,<=1200, EL_ASPD=>=60,<=105, EL_ERPW=,2,3,4, EL_EPP=>1100,<=1200] | KEYS:[EL_PA103A03_2=C101P013450]","GOTO:PICK3 | REMARKS:K10310416G02 | SPECS:[EL_ABRAND=NEX_MR, EL_ASPSCD=KC01, EL_DREUSE=N, EL_ECWTP=R, EL_ETM=,GH25A,GH25B,GH25SA,GH25SB, EL_ACAPA=>=450,<=1200, EL_ASPD=>=60,<=105, EL_ERPW=,2,3,4, EL_EPP=>1000,<=1100, NG550_CS=N] | KEYS:[EL_PA103A03_2=C101P013449]","CON10: [>1100,<=1200] -> [>1000,<=1100] | SPEC11: [] -> [NG550_CS] | CON11: [] -> [N] | VAL1: [C101P013450] -> [C101P013449]"
29,수정(MODIFIED),"CON10, SPEC11, CON11, VAL1","GOTO:PICK3 | REMARKS:K10310416G02 | SPECS:[EL_ABRAND=NEX_MR, EL_ASPSCD=KC01, EL_DREUSE=N, EL_ECWTP=R, EL_ETM=,GH25A,GH25B,GH25SA,GH25SB, EL_ACAPA=>=450,<=1200, EL_ASPD=>=60,<=105, EL_ERPW=,2,3,4, EL_EPP=>1200,<=1300] | KEYS:[EL_PA103A03_2=C101P013451]","GOTO:PICK3 | REMARKS:K10310416G02 | SPECS:[EL_ABRAND=NEX_MR, EL_ASPSCD=KC01, EL_DREUSE=N, EL_ECWTP=R, EL_ETM=,GH25A,GH25B,GH25SA,GH25SB, EL_ACAPA=>=450,<=1200, EL_ASPD=>=60,<=105, EL_ERPW=,2,3,4, EL_EPP=>1100,<=1200, NG550_CS=N] | KEYS:[EL_PA103A03_2=C101P013450]","CON10: [>1200,<=1300] -> [>1100,<=1200] | SPEC11: [] -> [NG550_CS] | CON11: [] -> [N] | VAL1: [C101P013451] -> [C101P013450]"
30,수정(MODIFIED),"CON10, SPEC11, CON11, VAL1","GOTO:PICK3 | REMARKS:K10310416G02 | SPECS:[EL_ABRAND=NEX_MR, EL_ASPSCD=KC01, EL_DREUSE=N, EL_ECWTP=R, EL_ETM=,GH25A,GH25B,GH25SA,GH25SB, EL_ACAPA=>=450,<=1200, EL_ASPD=>=60,<=105, EL_ERPW=,2,3,4, EL_EPP=>1300,<=1400] | KEYS:[EL_PA103A03_2=C101P013452]","GOTO:PICK3 | REMARKS:K10310416G02 | SPECS:[EL_ABRAND=NEX_MR, EL_ASPSCD=KC01, EL_DREUSE=N, EL_ECWTP=R, EL_ETM=,GH25A,GH25B,GH25SA,GH25SB, EL_ACAPA=>=450,<=1200, EL_ASPD=>=60,<=105, EL_ERPW=,2,3,4, EL_EPP=>1200,<=1300, NG550_CS=N] | KEYS:[EL_PA103A03_2=C101P013451]","CON10: [>1300,<=1400] -> [>1200,<=1300] | SPEC11: [] -> [NG550_CS] | CON11: [] -> [N] | VAL1: [C101P013452] -> [C101P013451]"
31,수정(MODIFIED),"CON10, SPEC11, CON11, VAL1","GOTO:PICK3 | REMARKS:K10310416G02 | SPECS:[EL_ABRAND=NEX_MR, EL_ASPSCD=KC01, EL_DREUSE=N, EL_ECWTP=R, EL_ETM=,GH25A,GH25B,GH25SA,GH25SB, EL_ACAPA=>=450,<=1200, EL_ASPD=>=60,<=105, EL_ERPW=,2,3,4, EL_EPP=>1400,<=1500] | KEYS:[EL_PA103A03_2=C101P013453]","GOTO:PICK3 | REMARKS:K10310416G02 | SPECS:[EL_ABRAND=NEX_MR, EL_ASPSCD=KC01, EL_DREUSE=N, EL_ECWTP=R, EL_ETM=,GH25A,GH25B,GH25SA,GH25SB, EL_ACAPA=>=450,<=1200, EL_ASPD=>=60,<=105, EL_ERPW=,2,3,4, EL_EPP=>1300,<=1400, NG550_CS=N] | KEYS:[EL_PA103A03_2=C101P013452]","CON10: [>1400,<=1500] -> [>1300,<=1400] | SPEC11: [] -> [NG550_CS] | CON11: [] -> [N] | VAL1: [C101P013453] -> [C101P013452]"
32,수정(MODIFIED),"CON3, CON6, CON10, SPEC11, CON11, VAL1, REMARKS","GOTO:PICK3 | REMARKS:K10310416G03 | SPECS:[EL_ABRAND=NEX_MR, EL_ASPSCD=KC01, EL_DREUSE=Y, EL_ECWTP=R, EL_ETM=,?GH15S?,?GH25S?, EL_ACAPA=>=450,<=1200, EL_ASPD=>=60,<=105, EL_ERPW=,2,3,4, EL_EPP=>=500,<=600] | KEYS:[EL_PA103A03_2=C101P013414]","GOTO:PICK3 | REMARKS:K10310416G02 | SPECS:[EL_ABRAND=NEX_MR, EL_ASPSCD=KC01, EL_DREUSE=N, EL_ECWTP=R, EL_ETM=,GH25A,GH25B,GH25SA,GH25SB, EL_ACAPA=>=450,<=1200, EL_ASPD=>=60,<=105, EL_ERPW=,2,3,4, EL_EPP=>1400,<=1500, NG550_CS=N] | KEYS:[EL_PA103A03_2=C101P013453]","CON3: [Y] -> [N] | CON6: [,?GH15S?,?GH25S?] -> [,GH25A,GH25B,GH25SA,GH25SB] | CON10: [>=500,<=600] -> [>1400,<=1500] | SPEC11: [] -> [NG550_CS] | CON11: [] -> [N] | VAL1: [C101P013414] -> [C101P013453] | REMARKS: [K10310416G03] -> [K10310416G02]"
33,수정(MODIFIED),"CON4, SPEC5, CON5, SPEC11, CON11","GOTO:PICK3 | REMARKS:K10310416G03 | SPECS:[EL_ABRAND=NEX_MR, EL_ASPSCD=KC01, EL_DREUSE=Y, EL_ECWTP=!R, EL_EMFD=90, EL_ETM=,?GH15S?,?GH25S?, EL_ACAPA=>=450,<=1200, EL_ASPD=>=60,<=105, EL_ERPW=,2,3,4, EL_EPP=>=500,<=600] | KEYS:[EL_PA103A03_2=C101P013414]","GOTO:PICK3 | REMARKS:K10310416G03 | SPECS:[EL_ABRAND=NEX_MR, EL_ASPSCD=KC01, EL_DREUSE=Y, EL_ECWTP=R, EL_ETM=,?GH15S?,?GH25S?, EL_ACAPA=>=450,<=1200, EL_ASPD=>=60,<=105, EL_ERPW=,2,3,4, EL_EPP=>=500,<=600, NG550_CS=N] | KEYS:[EL_PA103A03_2=C101P013414]",CON4: [!R] -> [R] | SPEC5: [EL_EMFD] -> [] | CON5: [90] -> [] | SPEC11: [] -> [NG550_CS] | CON11: [] -> [N]
34,수정(MODIFIED),"CON4, SPEC5, CON5, CON10, SPEC11, CON11, VAL1","GOTO:PICK3 | REMARKS:K10310416G03 | SPECS:[EL_ABRAND=NEX_MR, EL_ASPSCD=KC01, EL_DREUSE=Y, EL_ECWTP=R, EL_ETM=,?GH15S?,?GH25S?, EL_ACAPA=>=450,<=1200, EL_ASPD=>=60,<=105, EL_ERPW=,2,3,4, EL_EPP=>600,<=700] | KEYS:[EL_PA103A03_2=C101P013415]","GOTO:PICK3 | REMARKS:K10310416G03 | SPECS:[EL_ABRAND=NEX_MR, EL_ASPSCD=KC01, EL_DREUSE=Y, EL_ECWTP=!R, EL_EMFD=90, EL_ETM=,?GH15S?,?GH25S?, EL_ACAPA=>=450,<=1200, EL_ASPD=>=60,<=105, EL_ERPW=,2,3,4, EL_EPP=>=500,<=600, NG550_CS=N] | KEYS:[EL_PA103A03_2=C101P013414]","CON4: [R] -> [!R] | SPEC5: [] -> [EL_EMFD] | CON5: [] -> [90] | CON10: [>600,<=700] -> [>=500,<=600] | SPEC11: [] -> [NG550_CS] | CON11: [] -> [N] | VAL1: [C101P013415] -> [C101P013414]"
35,수정(MODIFIED),"CON4, SPEC5, CON5, SPEC11, CON11","GOTO:PICK3 | REMARKS:K10310416G03 | SPECS:[EL_ABRAND=NEX_MR, EL_ASPSCD=KC01, EL_DREUSE=Y, EL_ECWTP=!R, EL_EMFD=90, EL_ETM=,?GH15S?,?GH25S?, EL_ACAPA=>=450,<=1200, EL_ASPD=>=60,<=105, EL_ERPW=,2,3,4, EL_EPP=>600,<=700] | KEYS:[EL_PA103A03_2=C101P013415]","GOTO:PICK3 | REMARKS:K10310416G03 | SPECS:[EL_ABRAND=NEX_MR, EL_ASPSCD=KC01, EL_DREUSE=Y, EL_ECWTP=R, EL_ETM=,?GH15S?,?GH25S?, EL_ACAPA=>=450,<=1200, EL_ASPD=>=60,<=105, EL_ERPW=,2,3,4, EL_EPP=>600,<=700, NG550_CS=N] | KEYS:[EL_PA103A03_2=C101P013415]",CON4: [!R] -> [R] | SPEC5: [EL_EMFD] -> [] | CON5: [90] -> [] | SPEC11: [] -> [NG550_CS] | CON11: [] -> [N]
36,수정(MODIFIED),"CON4, SPEC5, CON5, CON10, SPEC11, CON11, VAL1","GOTO:PICK3 | REMARKS:K10310416G03 | SPECS:[EL_ABRAND=NEX_MR, EL_ASPSCD=KC01, EL_DREUSE=Y, EL_ECWTP=R, EL_ETM=,?GH15S?,?GH25S?, EL_ACAPA=>=450,<=1200, EL_ASPD=>=60,<=105, EL_ERPW=,2,3,4, EL_EPP=>700,<=800] | KEYS:[EL_PA103A03_2=C101P013416]","GOTO:PICK3 | REMARKS:K10310416G03 | SPECS:[EL_ABRAND=NEX_MR, EL_ASPSCD=KC01, EL_DREUSE=Y, EL_ECWTP=!R, EL_EMFD=90, EL_ETM=,?GH15S?,?GH25S?, EL_ACAPA=>=450,<=1200, EL_ASPD=>=60,<=105, EL_ERPW=,2,3,4, EL_EPP=>600,<=700, NG550_CS=N] | KEYS:[EL_PA103A03_2=C101P013415]","CON4: [R] -> [!R] | SPEC5: [] -> [EL_EMFD] | CON5: [] -> [90] | CON10: [>700,<=800] -> [>600,<=700] | SPEC11: [] -> [NG550_CS] | CON11: [] -> [N] | VAL1: [C101P013416] -> [C101P013415]"
37,수정(MODIFIED),"CON4, SPEC5, CON5, SPEC11, CON11","GOTO:PICK3 | REMARKS:K10310416G03 | SPECS:[EL_ABRAND=NEX_MR, EL_ASPSCD=KC01, EL_DREUSE=Y, EL_ECWTP=!R, EL_EMFD=90, EL_ETM=,?GH15S?,?GH25S?, EL_ACAPA=>=450,<=1200, EL_ASPD=>=60,<=105, EL_ERPW=,2,3,4, EL_EPP=>700,<=800] | KEYS:[EL_PA103A03_2=C101P013416]","GOTO:PICK3 | REMARKS:K10310416G03 | SPECS:[EL_ABRAND=NEX_MR, EL_ASPSCD=KC01, EL_DREUSE=Y, EL_ECWTP=R, EL_ETM=,?GH15S?,?GH25S?, EL_ACAPA=>=450,<=1200, EL_ASPD=>=60,<=105, EL_ERPW=,2,3,4, EL_EPP=>700,<=800, NG550_CS=N] | KEYS:[EL_PA103A03_2=C101P013416]",CON4: [!R] -> [R] | SPEC5: [EL_EMFD] -> [] | CON5: [90] -> [] | SPEC11: [] -> [NG550_CS] | CON11: [] -> [N]
38,수정(MODIFIED),"CON4, SPEC5, CON5, CON10, SPEC11, CON11, VAL1","GOTO:PICK3 | REMARKS:K10310416G03 | SPECS:[EL_ABRAND=NEX_MR, EL_ASPSCD=KC01, EL_DREUSE=Y, EL_ECWTP=R, EL_ETM=,?GH15S?,?GH25S?, EL_ACAPA=>=450,<=1200, EL_ASPD=>=60,<=105, EL_ERPW=,2,3,4, EL_EPP=>800,<=900] | KEYS:[EL_PA103A03_2=C101P013417]","GOTO:PICK3 | REMARKS:K10310416G03 | SPECS:[EL_ABRAND=NEX_MR, EL_ASPSCD=KC01, EL_DREUSE=Y, EL_ECWTP=!R, EL_EMFD=90, EL_ETM=,?GH15S?,?GH25S?, EL_ACAPA=>=450,<=1200, EL_ASPD=>=60,<=105, EL_ERPW=,2,3,4, EL_EPP=>700,<=800, NG550_CS=N] | KEYS:[EL_PA103A03_2=C101P013416]","CON4: [R] -> [!R] | SPEC5: [] -> [EL_EMFD] | CON5: [] -> [90] | CON10: [>800,<=900] -> [>700,<=800] | SPEC11: [] -> [NG550_CS] | CON11: [] -> [N] | VAL1: [C101P013417] -> [C101P013416]"
39,수정(MODIFIED),"CON4, SPEC5, CON5, SPEC11, CON11","GOTO:PICK3 | REMARKS:K10310416G03 | SPECS:[EL_ABRAND=NEX_MR, EL_ASPSCD=KC01, EL_DREUSE=Y, EL_ECWTP=!R, EL_EMFD=90, EL_ETM=,?GH15S?,?GH25S?, EL_ACAPA=>=450,<=1200, EL_ASPD=>=60,<=105, EL_ERPW=,2,3,4, EL_EPP=>800,<=900] | KEYS:[EL_PA103A03_2=C101P013417]","GOTO:PICK3 | REMARKS:K10310416G03 | SPECS:[EL_ABRAND=NEX_MR, EL_ASPSCD=KC01, EL_DREUSE=Y, EL_ECWTP=R, EL_ETM=,?GH15S?,?GH25S?, EL_ACAPA=>=450,<=1200, EL_ASPD=>=60,<=105, EL_ERPW=,2,3,4, EL_EPP=>800,<=900, NG550_CS=N] | KEYS:[EL_PA103A03_2=C101P013417]",CON4: [!R] -> [R] | SPEC5: [EL_EMFD] -> [] | CON5: [90] -> [] | SPEC11: [] -> [NG550_CS] | CON11: [] -> [N]
40,수정(MODIFIED),"CON4, SPEC5, CON5, CON10, SPEC11, CON11, VAL1","GOTO:PICK3 | REMARKS:K10310416G03 | SPECS:[EL_ABRAND=NEX_MR, EL_ASPSCD=KC01, EL_DREUSE=Y, EL_ECWTP=R, EL_ETM=,?GH15S?,?GH25S?, EL_ACAPA=>=450,<=1200, EL_ASPD=>=60,<=105, EL_ERPW=,2,3,4, EL_EPP=>900,<=1000] | KEYS:[EL_PA103A03_2=C101P013418]","GOTO:PICK3 | REMARKS:K10310416G03 | SPECS:[EL_ABRAND=NEX_MR, EL_ASPSCD=KC01, EL_DREUSE=Y, EL_ECWTP=!R, EL_EMFD=90, EL_ETM=,?GH15S?,?GH25S?, EL_ACAPA=>=450,<=1200, EL_ASPD=>=60,<=105, EL_ERPW=,2,3,4, EL_EPP=>800,<=900, NG550_CS=N] | KEYS:[EL_PA103A03_2=C101P013417]","CON4: [R] -> [!R] | SPEC5: [] -> [EL_EMFD] | CON5: [] -> [90] | CON10: [>900,<=1000] -> [>800,<=900] | SPEC11: [] -> [NG550_CS] | CON11: [] -> [N] | VAL1: [C101P013418] -> [C101P013417]"
41,수정(MODIFIED),"CON4, SPEC5, CON5, SPEC11, CON11","GOTO:PICK3 | REMARKS:K10310416G03 | SPECS:[EL_ABRAND=NEX_MR, EL_ASPSCD=KC01, EL_DREUSE=Y, EL_ECWTP=!R, EL_EMFD=90, EL_ETM=,?GH15S?,?GH25S?, EL_ACAPA=>=450,<=1200, EL_ASPD=>=60,<=105, EL_ERPW=,2,3,4, EL_EPP=>900,<=1000] | KEYS:[EL_PA103A03_2=C101P013418]","GOTO:PICK3 | REMARKS:K10310416G03 | SPECS:[EL_ABRAND=NEX_MR, EL_ASPSCD=KC01, EL_DREUSE=Y, EL_ECWTP=R, EL_ETM=,?GH15S?,?GH25S?, EL_ACAPA=>=450,<=1200, EL_ASPD=>=60,<=105, EL_ERPW=,2,3,4, EL_EPP=>900,<=1000, NG550_CS=N] | KEYS:[EL_PA103A03_2=C101P013418]",CON4: [!R] -> [R] | SPEC5: [EL_EMFD] -> [] | CON5: [90] -> [] | SPEC11: [] -> [NG550_CS] | CON11: [] -> [N]
42,수정(MODIFIED),"CON4, SPEC5, CON5, CON10, SPEC11, CON11, VAL1","GOTO:PICK3 | REMARKS:K10310416G03 | SPECS:[EL_ABRAND=NEX_MR, EL_ASPSCD=KC01, EL_DREUSE=Y, EL_ECWTP=R, EL_ETM=,?GH15S?,?GH25S?, EL_ACAPA=>=450,<=1200, EL_ASPD=>=60,<=105, EL_ERPW=,2,3,4, EL_EPP=>1000,<=1100] | KEYS:[EL_PA103A03_2=C101P013429]","GOTO:PICK3 | REMARKS:K10310416G03 | SPECS:[EL_ABRAND=NEX_MR, EL_ASPSCD=KC01, EL_DREUSE=Y, EL_ECWTP=!R, EL_EMFD=90, EL_ETM=,?GH15S?,?GH25S?, EL_ACAPA=>=450,<=1200, EL_ASPD=>=60,<=105, EL_ERPW=,2,3,4, EL_EPP=>900,<=1000, NG550_CS=N] | KEYS:[EL_PA103A03_2=C101P013418]","CON4: [R] -> [!R] | SPEC5: [] -> [EL_EMFD] | CON5: [] -> [90] | CON10: [>1000,<=1100] -> [>900,<=1000] | SPEC11: [] -> [NG550_CS] | CON11: [] -> [N] | VAL1: [C101P013429] -> [C101P013418]"
43,수정(MODIFIED),"CON4, SPEC5, CON5, SPEC11, CON11","GOTO:PICK3 | REMARKS:K10310416G03 | SPECS:[EL_ABRAND=NEX_MR, EL_ASPSCD=KC01, EL_DREUSE=Y, EL_ECWTP=!R, EL_EMFD=90, EL_ETM=,?GH15S?,?GH25S?, EL_ACAPA=>=450,<=1200, EL_ASPD=>=60,<=105, EL_ERPW=,2,3,4, EL_EPP=>1000,<=1100] | KEYS:[EL_PA103A03_2=C101P013429]","GOTO:PICK3 | REMARKS:K10310416G03 | SPECS:[EL_ABRAND=NEX_MR, EL_ASPSCD=KC01, EL_DREUSE=Y, EL_ECWTP=R, EL_ETM=,?GH15S?,?GH25S?, EL_ACAPA=>=450,<=1200, EL_ASPD=>=60,<=105, EL_ERPW=,2,3,4, EL_EPP=>1000,<=1100, NG550_CS=N] | KEYS:[EL_PA103A03_2=C101P013429]",CON4: [!R] -> [R] | SPEC5: [EL_EMFD] -> [] | CON5: [90] -> [] | SPEC11: [] -> [NG550_CS] | CON11: [] -> [N]
44,수정(MODIFIED),"CON4, SPEC5, CON5, CON10, SPEC11, CON11, VAL1","GOTO:PICK3 | REMARKS:K10310416G03 | SPECS:[EL_ABRAND=NEX_MR, EL_ASPSCD=KC01, EL_DREUSE=Y, EL_ECWTP=R, EL_ETM=,?GH15S?,?GH25S?, EL_ACAPA=>=450,<=1200, EL_ASPD=>=60,<=105, EL_ERPW=,2,3,4, EL_EPP=>1100,<=1200] | KEYS:[EL_PA103A03_2=C101P013430]","GOTO:PICK3 | REMARKS:K10310416G03 | SPECS:[EL_ABRAND=NEX_MR, EL_ASPSCD=KC01, EL_DREUSE=Y, EL_ECWTP=!R, EL_EMFD=90, EL_ETM=,?GH15S?,?GH25S?, EL_ACAPA=>=450,<=1200, EL_ASPD=>=60,<=105, EL_ERPW=,2,3,4, EL_EPP=>1000,<=1100, NG550_CS=N] | KEYS:[EL_PA103A03_2=C101P013429]","CON4: [R] -> [!R] | SPEC5: [] -> [EL_EMFD] | CON5: [] -> [90] | CON10: [>1100,<=1200] -> [>1000,<=1100] | SPEC11: [] -> [NG550_CS] | CON11: [] -> [N] | VAL1: [C101P013430] -> [C101P013429]"
45,수정(MODIFIED),"CON4, SPEC5, CON5, SPEC11, CON11","GOTO:PICK3 | REMARKS:K10310416G03 | SPECS:[EL_ABRAND=NEX_MR, EL_ASPSCD=KC01, EL_DREUSE=Y, EL_ECWTP=!R, EL_EMFD=90, EL_ETM=,?GH15S?,?GH25S?, EL_ACAPA=>=450,<=1200, EL_ASPD=>=60,<=105, EL_ERPW=,2,3,4, EL_EPP=>1100,<=1200] | KEYS:[EL_PA103A03_2=C101P013430]","GOTO:PICK3 | REMARKS:K10310416G03 | SPECS:[EL_ABRAND=NEX_MR, EL_ASPSCD=KC01, EL_DREUSE=Y, EL_ECWTP=R, EL_ETM=,?GH15S?,?GH25S?, EL_ACAPA=>=450,<=1200, EL_ASPD=>=60,<=105, EL_ERPW=,2,3,4, EL_EPP=>1100,<=1200, NG550_CS=N] | KEYS:[EL_PA103A03_2=C101P013430]",CON4: [!R] -> [R] | SPEC5: [EL_EMFD] -> [] | CON5: [90] -> [] | SPEC11: [] -> [NG550_CS] | CON11: [] -> [N]
46,수정(MODIFIED),"CON4, SPEC5, CON5, CON10, SPEC11, CON11, VAL1","GOTO:PICK3 | REMARKS:K10310416G03 | SPECS:[EL_ABRAND=NEX_MR, EL_ASPSCD=KC01, EL_DREUSE=Y, EL_ECWTP=R, EL_ETM=,?GH15S?,?GH25S?, EL_ACAPA=>=450,<=1200, EL_ASPD=>=60,<=105, EL_ERPW=,2,3,4, EL_EPP=>1200,<=1300] | KEYS:[EL_PA103A03_2=C101P013431]","GOTO:PICK3 | REMARKS:K10310416G03 | SPECS:[EL_ABRAND=NEX_MR, EL_ASPSCD=KC01, EL_DREUSE=Y, EL_ECWTP=!R, EL_EMFD=90, EL_ETM=,?GH15S?,?GH25S?, EL_ACAPA=>=450,<=1200, EL_ASPD=>=60,<=105, EL_ERPW=,2,3,4, EL_EPP=>1100,<=1200, NG550_CS=N] | KEYS:[EL_PA103A03_2=C101P013430]","CON4: [R] -> [!R] | SPEC5: [] -> [EL_EMFD] | CON5: [] -> [90] | CON10: [>1200,<=1300] -> [>1100,<=1200] | SPEC11: [] -> [NG550_CS] | CON11: [] -> [N] | VAL1: [C101P013431] -> [C101P013430]"
47,수정(MODIFIED),"CON4, SPEC5, CON5, SPEC11, CON11","GOTO:PICK3 | REMARKS:K10310416G03 | SPECS:[EL_ABRAND=NEX_MR, EL_ASPSCD=KC01, EL_DREUSE=Y, EL_ECWTP=!R, EL_EMFD=90, EL_ETM=,?GH15S?,?GH25S?, EL_ACAPA=>=450,<=1200, EL_ASPD=>=60,<=105, EL_ERPW=,2,3,4, EL_EPP=>1200,<=1300] | KEYS:[EL_PA103A03_2=C101P013431]","GOTO:PICK3 | REMARKS:K10310416G03 | SPECS:[EL_ABRAND=NEX_MR, EL_ASPSCD=KC01, EL_DREUSE=Y, EL_ECWTP=R, EL_ETM=,?GH15S?,?GH25S?, EL_ACAPA=>=450,<=1200, EL_ASPD=>=60,<=105, EL_ERPW=,2,3,4, EL_EPP=>1200,<=1300, NG550_CS=N] | KEYS:[EL_PA103A03_2=C101P013431]",CON4: [!R] -> [R] | SPEC5: [EL_EMFD] -> [] | CON5: [90] -> [] | SPEC11: [] -> [NG550_CS] | CON11: [] -> [N]
48,수정(MODIFIED),"CON4, SPEC5, CON5, CON10, SPEC11, CON11, VAL1","GOTO:PICK3 | REMARKS:K10310416G03 | SPECS:[EL_ABRAND=NEX_MR, EL_ASPSCD=KC01, EL_DREUSE=Y, EL_ECWTP=R, EL_ETM=,?GH15S?,?GH25S?, EL_ACAPA=>=450,<=1200, EL_ASPD=>=60,<=105, EL_ERPW=,2,3,4, EL_EPP=>1300,<=1400] | KEYS:[EL_PA103A03_2=C101P013432]","GOTO:PICK3 | REMARKS:K10310416G03 | SPECS:[EL_ABRAND=NEX_MR, EL_ASPSCD=KC01, EL_DREUSE=Y, EL_ECWTP=!R, EL_EMFD=90, EL_ETM=,?GH15S?,?GH25S?, EL_ACAPA=>=450,<=1200, EL_ASPD=>=60,<=105, EL_ERPW=,2,3,4, EL_EPP=>1200,<=1300, NG550_CS=N] | KEYS:[EL_PA103A03_2=C101P013431]","CON4: [R] -> [!R] | SPEC5: [] -> [EL_EMFD] | CON5: [] -> [90] | CON10: [>1300,<=1400] -> [>1200,<=1300] | SPEC11: [] -> [NG550_CS] | CON11: [] -> [N] | VAL1: [C101P013432] -> [C101P013431]"
49,수정(MODIFIED),"CON4, SPEC5, CON5, SPEC11, CON11","GOTO:PICK3 | REMARKS:K10310416G03 | SPECS:[EL_ABRAND=NEX_MR, EL_ASPSCD=KC01, EL_DREUSE=Y, EL_ECWTP=!R, EL_EMFD=90, EL_ETM=,?GH15S?,?GH25S?, EL_ACAPA=>=450,<=1200, EL_ASPD=>=60,<=105, EL_ERPW=,2,3,4, EL_EPP=>1300,<=1400] | KEYS:[EL_PA103A03_2=C101P013432]","GOTO:PICK3 | REMARKS:K10310416G03 | SPECS:[EL_ABRAND=NEX_MR, EL_ASPSCD=KC01, EL_DREUSE=Y, EL_ECWTP=R, EL_ETM=,?GH15S?,?GH25S?, EL_ACAPA=>=450,<=1200, EL_ASPD=>=60,<=105, EL_ERPW=,2,3,4, EL_EPP=>1300,<=1400, NG550_CS=N] | KEYS:[EL_PA103A03_2=C101P013432]",CON4: [!R] -> [R] | SPEC5: [EL_EMFD] -> [] | CON5: [90] -> [] | SPEC11: [] -> [NG550_CS] | CON11: [] -> [N]
50,수정(MODIFIED),"CON4, SPEC5, CON5, CON10, SPEC11, CON11, VAL1","GOTO:PICK3 | REMARKS:K10310416G03 | SPECS:[EL_ABRAND=NEX_MR, EL_ASPSCD=KC01, EL_DREUSE=Y, EL_ECWTP=R, EL_ETM=,?GH15S?,?GH25S?, EL_ACAPA=>=450,<=1200, EL_ASPD=>=60,<=105, EL_ERPW=,2,3,4, EL_EPP=>1400,<=1500] | KEYS:[EL_PA103A03_2=C101P013433]","GOTO:PICK3 | REMARKS:K10310416G03 | SPECS:[EL_ABRAND=NEX_MR, EL_ASPSCD=KC01, EL_DREUSE=Y, EL_ECWTP=!R, EL_EMFD=90, EL_ETM=,?GH15S?,?GH25S?, EL_ACAPA=>=450,<=1200, EL_ASPD=>=60,<=105, EL_ERPW=,2,3,4, EL_EPP=>1300,<=1400, NG550_CS=N] | KEYS:[EL_PA103A03_2=C101P013432]","CON4: [R] -> [!R] | SPEC5: [] -> [EL_EMFD] | CON5: [] -> [90] | CON10: [>1400,<=1500] -> [>1300,<=1400] | SPEC11: [] -> [NG550_CS] | CON11: [] -> [N] | VAL1: [C101P013433] -> [C101P013432]"
51,수정(MODIFIED),"CON4, SPEC5, CON5, SPEC11, CON11","GOTO:PICK3 | REMARKS:K10310416G03 | SPECS:[EL_ABRAND=NEX_MR, EL_ASPSCD=KC01, EL_DREUSE=Y, EL_ECWTP=!R, EL_EMFD=90, EL_ETM=,?GH15S?,?GH25S?, EL_ACAPA=>=450,<=1200, EL_ASPD=>=60,<=105, EL_ERPW=,2,3,4, EL_EPP=>1400,<=1500] | KEYS:[EL_PA103A03_2=C101P013433]","GOTO:PICK3 | REMARKS:K10310416G03 | SPECS:[EL_ABRAND=NEX_MR, EL_ASPSCD=KC01, EL_DREUSE=Y, EL_ECWTP=R, EL_ETM=,?GH15S?,?GH25S?, EL_ACAPA=>=450,<=1200, EL_ASPD=>=60,<=105, EL_ERPW=,2,3,4, EL_EPP=>1400,<=1500, NG550_CS=N] | KEYS:[EL_PA103A03_2=C101P013433]",CON4: [!R] -> [R] | SPEC5: [EL_EMFD] -> [] | CON5: [90] -> [] | SPEC11: [] -> [NG550_CS] | CON11: [] -> [N]
52,수정(MODIFIED),"CON5, SPEC6, CON6, SPEC7, CON7, SPEC8, CON8, SPEC9, CON9, CON10, SPEC11, CON11, VAL1, REMARKS","GOTO:PICK3 | REMARKS:K10310416G04 | SPECS:[EL_ABRAND=NEX_MR, EL_ASPSCD=KC01, EL_DREUSE=Y, EL_ECWTP=!R, EL_EMFD=,SL,SR, EL_ERPW=,2,4, EL_ETM=,?GH15S?,?GH25S?, EL_ACAPA=>=450,<=1200, EL_ASPD=>=60,<=105, EL_EPP=>=500,<=600] | KEYS:[EL_PA103A03_2=C101P013419]","GOTO:PICK3 | REMARKS:K10310416G03 | SPECS:[EL_ABRAND=NEX_MR, EL_ASPSCD=KC01, EL_DREUSE=Y, EL_ECWTP=!R, EL_EMFD=90, EL_ETM=,?GH15S?,?GH25S?, EL_ACAPA=>=450,<=1200, EL_ASPD=>=60,<=105, EL_ERPW=,2,3,4, EL_EPP=>1400,<=1500, NG550_CS=N] | KEYS:[EL_PA103A03_2=C101P013433]","CON5: [,SL,SR] -> [90] | SPEC6: [EL_ERPW] -> [EL_ETM] | CON6: [,2,4] -> [,?GH15S?,?GH25S?] | SPEC7: [EL_ETM] -> [EL_ACAPA] | CON7: [,?GH15S?,?GH25S?] -> [>=450,<=1200] | SPEC8: [EL_ACAPA] -> [EL_ASPD] | CON8: [>=450,<=1200] -> [>=60,<=105] | SPEC9: [EL_ASPD] -> [EL_ERPW] | CON9: [>=60,<=105] -> [,2,3,4] | CON10: [>=500,<=600] -> [>1400,<=1500] | SPEC11: [] -> [NG550_CS] | CON11: [] -> [N] | VAL1: [C101P013419] -> [C101P013433] | REMARKS: [K10310416G04] -> [K10310416G03]"
53,수정(MODIFIED),"CON10, SPEC11, CON11, VAL1","GOTO:PICK3 | REMARKS:K10310416G04 | SPECS:[EL_ABRAND=NEX_MR, EL_ASPSCD=KC01, EL_DREUSE=Y, EL_ECWTP=!R, EL_EMFD=,SL,SR, EL_ERPW=,2,4, EL_ETM=,?GH15S?,?GH25S?, EL_ACAPA=>=450,<=1200, EL_ASPD=>=60,<=105, EL_EPP=>600,<=700] | KEYS:[EL_PA103A03_2=C101P013420]","GOTO:PICK3 | REMARKS:K10310416G04 | SPECS:[EL_ABRAND=NEX_MR, EL_ASPSCD=KC01, EL_DREUSE=Y, EL_ECWTP=!R, EL_EMFD=,SL,SR, EL_ERPW=,2,4, EL_ETM=,?GH15S?,?GH25S?, EL_ACAPA=>=450,<=1200, EL_ASPD=>=60,<=105, EL_EPP=>=500,<=600, NG550_CS=N] | KEYS:[EL_PA103A03_2=C101P013419]","CON10: [>600,<=700] -> [>=500,<=600] | SPEC11: [] -> [NG550_CS] | CON11: [] -> [N] | VAL1: [C101P013420] -> [C101P013419]"
54,수정(MODIFIED),"CON10, SPEC11, CON11, VAL1","GOTO:PICK3 | REMARKS:K10310416G04 | SPECS:[EL_ABRAND=NEX_MR, EL_ASPSCD=KC01, EL_DREUSE=Y, EL_ECWTP=!R, EL_EMFD=,SL,SR, EL_ERPW=,2,4, EL_ETM=,?GH15S?,?GH25S?, EL_ACAPA=>=450,<=1200, EL_ASPD=>=60,<=105, EL_EPP=>700,<=800] | KEYS:[EL_PA103A03_2=C101P013421]","GOTO:PICK3 | REMARKS:K10310416G04 | SPECS:[EL_ABRAND=NEX_MR, EL_ASPSCD=KC01, EL_DREUSE=Y, EL_ECWTP=!R, EL_EMFD=,SL,SR, EL_ERPW=,2,4, EL_ETM=,?GH15S?,?GH25S?, EL_ACAPA=>=450,<=1200, EL_ASPD=>=60,<=105, EL_EPP=>600,<=700, NG550_CS=N] | KEYS:[EL_PA103A03_2=C101P013420]","CON10: [>700,<=800] -> [>600,<=700] | SPEC11: [] -> [NG550_CS] | CON11: [] -> [N] | VAL1: [C101P013421] -> [C101P013420]"
55,수정(MODIFIED),"CON10, SPEC11, CON11, VAL1","GOTO:PICK3 | REMARKS:K10310416G04 | SPECS:[EL_ABRAND=NEX_MR, EL_ASPSCD=KC01, EL_DREUSE=Y, EL_ECWTP=!R, EL_EMFD=,SL,SR, EL_ERPW=,2,4, EL_ETM=,?GH15S?,?GH25S?, EL_ACAPA=>=450,<=1200, EL_ASPD=>=60,<=105, EL_EPP=>800,<=900] | KEYS:[EL_PA103A03_2=C101P013422]","GOTO:PICK3 | REMARKS:K10310416G04 | SPECS:[EL_ABRAND=NEX_MR, EL_ASPSCD=KC01, EL_DREUSE=Y, EL_ECWTP=!R, EL_EMFD=,SL,SR, EL_ERPW=,2,4, EL_ETM=,?GH15S?,?GH25S?, EL_ACAPA=>=450,<=1200, EL_ASPD=>=60,<=105, EL_EPP=>700,<=800, NG550_CS=N] | KEYS:[EL_PA103A03_2=C101P013421]","CON10: [>800,<=900] -> [>700,<=800] | SPEC11: [] -> [NG550_CS] | CON11: [] -> [N] | VAL1: [C101P013422] -> [C101P013421]"
56,수정(MODIFIED),"CON10, SPEC11, CON11, VAL1","GOTO:PICK3 | REMARKS:K10310416G04 | SPECS:[EL_ABRAND=NEX_MR, EL_ASPSCD=KC01, EL_DREUSE=Y, EL_ECWTP=!R, EL_EMFD=,SL,SR, EL_ERPW=,2,4, EL_ETM=,?GH15S?,?GH25S?, EL_ACAPA=>=450,<=1200, EL_ASPD=>=60,<=105, EL_EPP=>900,<=1000] | KEYS:[EL_PA103A03_2=C101P013423]","GOTO:PICK3 | REMARKS:K10310416G04 | SPECS:[EL_ABRAND=NEX_MR, EL_ASPSCD=KC01, EL_DREUSE=Y, EL_ECWTP=!R, EL_EMFD=,SL,SR, EL_ERPW=,2,4, EL_ETM=,?GH15S?,?GH25S?, EL_ACAPA=>=450,<=1200, EL_ASPD=>=60,<=105, EL_EPP=>800,<=900, NG550_CS=N] | KEYS:[EL_PA103A03_2=C101P013422]","CON10: [>900,<=1000] -> [>800,<=900] | SPEC11: [] -> [NG550_CS] | CON11: [] -> [N] | VAL1: [C101P013423] -> [C101P013422]"
57,수정(MODIFIED),"CON10, SPEC11, CON11, VAL1","GOTO:PICK3 | REMARKS:K10310416G04 | SPECS:[EL_ABRAND=NEX_MR, EL_ASPSCD=KC01, EL_DREUSE=Y, EL_ECWTP=!R, EL_EMFD=,SL,SR, EL_ERPW=,2,4, EL_ETM=,?GH15S?,?GH25S?, EL_ACAPA=>=450,<=1200, EL_ASPD=>=60,<=105, EL_EPP=>1000,<=1100] | KEYS:[EL_PA103A03_2=C101P013434]","GOTO:PICK3 | REMARKS:K10310416G04 | SPECS:[EL_ABRAND=NEX_MR, EL_ASPSCD=KC01, EL_DREUSE=Y, EL_ECWTP=!R, EL_EMFD=,SL,SR, EL_ERPW=,2,4, EL_ETM=,?GH15S?,?GH25S?, EL_ACAPA=>=450,<=1200, EL_ASPD=>=60,<=105, EL_EPP=>900,<=1000, NG550_CS=N] | KEYS:[EL_PA103A03_2=C101P013423]","CON10: [>1000,<=1100] -> [>900,<=1000] | SPEC11: [] -> [NG550_CS] | CON11: [] -> [N] | VAL1: [C101P013434] -> [C101P013423]"
58,수정(MODIFIED),"CON10, SPEC11, CON11, VAL1","GOTO:PICK3 | REMARKS:K10310416G04 | SPECS:[EL_ABRAND=NEX_MR, EL_ASPSCD=KC01, EL_DREUSE=Y, EL_ECWTP=!R, EL_EMFD=,SL,SR, EL_ERPW=,2,4, EL_ETM=,?GH15S?,?GH25S?, EL_ACAPA=>=450,<=1200, EL_ASPD=>=60,<=105, EL_EPP=>1100,<=1200] | KEYS:[EL_PA103A03_2=C101P013435]","GOTO:PICK3 | REMARKS:K10310416G04 | SPECS:[EL_ABRAND=NEX_MR, EL_ASPSCD=KC01, EL_DREUSE=Y, EL_ECWTP=!R, EL_EMFD=,SL,SR, EL_ERPW=,2,4, EL_ETM=,?GH15S?,?GH25S?, EL_ACAPA=>=450,<=1200, EL_ASPD=>=60,<=105, EL_EPP=>1000,<=1100, NG550_CS=N] | KEYS:[EL_PA103A03_2=C101P013434]","CON10: [>1100,<=1200] -> [>1000,<=1100] | SPEC11: [] -> [NG550_CS] | CON11: [] -> [N] | VAL1: [C101P013435] -> [C101P013434]"
59,수정(MODIFIED),"CON10, SPEC11, CON11, VAL1","GOTO:PICK3 | REMARKS:K10310416G04 | SPECS:[EL_ABRAND=NEX_MR, EL_ASPSCD=KC01, EL_DREUSE=Y, EL_ECWTP=!R, EL_EMFD=,SL,SR, EL_ERPW=,2,4, EL_ETM=,?GH15S?,?GH25S?, EL_ACAPA=>=450,<=1200, EL_ASPD=>=60,<=105, EL_EPP=>1200,<=1300] | KEYS:[EL_PA103A03_2=C101P013436]","GOTO:PICK3 | REMARKS:K10310416G04 | SPECS:[EL_ABRAND=NEX_MR, EL_ASPSCD=KC01, EL_DREUSE=Y, EL_ECWTP=!R, EL_EMFD=,SL,SR, EL_ERPW=,2,4, EL_ETM=,?GH15S?,?GH25S?, EL_ACAPA=>=450,<=1200, EL_ASPD=>=60,<=105, EL_EPP=>1100,<=1200, NG550_CS=N] | KEYS:[EL_PA103A03_2=C101P013435]","CON10: [>1200,<=1300] -> [>1100,<=1200] | SPEC11: [] -> [NG550_CS] | CON11: [] -> [N] | VAL1: [C101P013436] -> [C101P013435]"
60,수정(MODIFIED),"CON10, SPEC11, CON11, VAL1","GOTO:PICK3 | REMARKS:K10310416G04 | SPECS:[EL_ABRAND=NEX_MR, EL_ASPSCD=KC01, EL_DREUSE=Y, EL_ECWTP=!R, EL_EMFD=,SL,SR, EL_ERPW=,2,4, EL_ETM=,?GH15S?,?GH25S?, EL_ACAPA=>=450,<=1200, EL_ASPD=>=60,<=105, EL_EPP=>1300,<=1400] | KEYS:[EL_PA103A03_2=C101P013437]","GOTO:PICK3 | REMARKS:K10310416G04 | SPECS:[EL_ABRAND=NEX_MR, EL_ASPSCD=KC01, EL_DREUSE=Y, EL_ECWTP=!R, EL_EMFD=,SL,SR, EL_ERPW=,2,4, EL_ETM=,?GH15S?,?GH25S?, EL_ACAPA=>=450,<=1200, EL_ASPD=>=60,<=105, EL_EPP=>1200,<=1300, NG550_CS=N] | KEYS:[EL_PA103A03_2=C101P013436]","CON10: [>1300,<=1400] -> [>1200,<=1300] | SPEC11: [] -> [NG550_CS] | CON11: [] -> [N] | VAL1: [C101P013437] -> [C101P013436]"
61,수정(MODIFIED),"CON10, SPEC11, CON11, VAL1","GOTO:PICK3 | REMARKS:K10310416G04 | SPECS:[EL_ABRAND=NEX_MR, EL_ASPSCD=KC01, EL_DREUSE=Y, EL_ECWTP=!R, EL_EMFD=,SL,SR, EL_ERPW=,2,4, EL_ETM=,?GH15S?,?GH25S?, EL_ACAPA=>=450,<=1200, EL_ASPD=>=60,<=105, EL_EPP=>1400,<=1500] | KEYS:[EL_PA103A03_2=C101P013438]","GOTO:PICK3 | REMARKS:K10310416G04 | SPECS:[EL_ABRAND=NEX_MR, EL_ASPSCD=KC01, EL_DREUSE=Y, EL_ECWTP=!R, EL_EMFD=,SL,SR, EL_ERPW=,2,4, EL_ETM=,?GH15S?,?GH25S?, EL_ACAPA=>=450,<=1200, EL_ASPD=>=60,<=105, EL_EPP=>1300,<=1400, NG550_CS=N] | KEYS:[EL_PA103A03_2=C101P013437]","CON10: [>1400,<=1500] -> [>1300,<=1400] | SPEC11: [] -> [NG550_CS] | CON11: [] -> [N] | VAL1: [C101P013438] -> [C101P013437]"
62,수정(MODIFIED),"CON6, CON10, SPEC11, CON11, VAL1, REMARKS","GOTO:PICK3 | REMARKS:K10310416G05 | SPECS:[EL_ABRAND=NEX_MR, EL_ASPSCD=KC01, EL_DREUSE=Y, EL_ECWTP=!R, EL_EMFD=,SL,SR, EL_ERPW=3, EL_ETM=,?GH15S?,?GH25S?, EL_ACAPA=>=450,<=1200, EL_ASPD=>=60,<=105, EL_EPP=>=500,<=600] | KEYS:[EL_PA103A03_2=C101P013424]","GOTO:PICK3 | REMARKS:K10310416G04 | SPECS:[EL_ABRAND=NEX_MR, EL_ASPSCD=KC01, EL_DREUSE=Y, EL_ECWTP=!R, EL_EMFD=,SL,SR, EL_ERPW=,2,4, EL_ETM=,?GH15S?,?GH25S?, EL_ACAPA=>=450,<=1200, EL_ASPD=>=60,<=105, EL_EPP=>1400,<=1500, NG550_CS=N] | KEYS:[EL_PA103A03_2=C101P013438]","CON6: [3] -> [,2,4] | CON10: [>=500,<=600] -> [>1400,<=1500] | SPEC11: [] -> [NG550_CS] | CON11: [] -> [N] | VAL1: [C101P013424] -> [C101P013438] | REMARKS: [K10310416G05] -> [K10310416G04]"
63,수정(MODIFIED),"CON10, SPEC11, CON11, VAL1","GOTO:PICK3 | REMARKS:K10310416G05 | SPECS:[EL_ABRAND=NEX_MR, EL_ASPSCD=KC01, EL_DREUSE=Y, EL_ECWTP=!R, EL_EMFD=,SL,SR, EL_ERPW=3, EL_ETM=,?GH15S?,?GH25S?, EL_ACAPA=>=450,<=1200, EL_ASPD=>=60,<=105, EL_EPP=>600,<=700] | KEYS:[EL_PA103A03_2=C101P013425]","GOTO:PICK3 | REMARKS:K10310416G05 | SPECS:[EL_ABRAND=NEX_MR, EL_ASPSCD=KC01, EL_DREUSE=Y, EL_ECWTP=!R, EL_EMFD=,SL,SR, EL_ERPW=3, EL_ETM=,?GH15S?,?GH25S?, EL_ACAPA=>=450,<=1200, EL_ASPD=>=60,<=105, EL_EPP=>=500,<=600, NG550_CS=N] | KEYS:[EL_PA103A03_2=C101P013424]","CON10: [>600,<=700] -> [>=500,<=600] | SPEC11: [] -> [NG550_CS] | CON11: [] -> [N] | VAL1: [C101P013425] -> [C101P013424]"
64,수정(MODIFIED),"CON10, SPEC11, CON11, VAL1","GOTO:PICK3 | REMARKS:K10310416G05 | SPECS:[EL_ABRAND=NEX_MR, EL_ASPSCD=KC01, EL_DREUSE=Y, EL_ECWTP=!R, EL_EMFD=,SL,SR, EL_ERPW=3, EL_ETM=,?GH15S?,?GH25S?, EL_ACAPA=>=450,<=1200, EL_ASPD=>=60,<=105, EL_EPP=>700,<=800] | KEYS:[EL_PA103A03_2=C101P013426]","GOTO:PICK3 | REMARKS:K10310416G05 | SPECS:[EL_ABRAND=NEX_MR, EL_ASPSCD=KC01, EL_DREUSE=Y, EL_ECWTP=!R, EL_EMFD=,SL,SR, EL_ERPW=3, EL_ETM=,?GH15S?,?GH25S?, EL_ACAPA=>=450,<=1200, EL_ASPD=>=60,<=105, EL_EPP=>600,<=700, NG550_CS=N] | KEYS:[EL_PA103A03_2=C101P013425]","CON10: [>700,<=800] -> [>600,<=700] | SPEC11: [] -> [NG550_CS] | CON11: [] -> [N] | VAL1: [C101P013426] -> [C101P013425]"
65,수정(MODIFIED),"CON10, SPEC11, CON11, VAL1","GOTO:PICK3 | REMARKS:K10310416G05 | SPECS:[EL_ABRAND=NEX_MR, EL_ASPSCD=KC01, EL_DREUSE=Y, EL_ECWTP=!R, EL_EMFD=,SL,SR, EL_ERPW=3, EL_ETM=,?GH15S?,?GH25S?, EL_ACAPA=>=450,<=1200, EL_ASPD=>=60,<=105, EL_EPP=>800,<=900] | KEYS:[EL_PA103A03_2=C101P013427]","GOTO:PICK3 | REMARKS:K10310416G05 | SPECS:[EL_ABRAND=NEX_MR, EL_ASPSCD=KC01, EL_DREUSE=Y, EL_ECWTP=!R, EL_EMFD=,SL,SR, EL_ERPW=3, EL_ETM=,?GH15S?,?GH25S?, EL_ACAPA=>=450,<=1200, EL_ASPD=>=60,<=105, EL_EPP=>700,<=800, NG550_CS=N] | KEYS:[EL_PA103A03_2=C101P013426]","CON10: [>800,<=900] -> [>700,<=800] | SPEC11: [] -> [NG550_CS] | CON11: [] -> [N] | VAL1: [C101P013427] -> [C101P013426]"
66,수정(MODIFIED),"CON10, SPEC11, CON11, VAL1","GOTO:PICK3 | REMARKS:K10310416G05 | SPECS:[EL_ABRAND=NEX_MR, EL_ASPSCD=KC01, EL_DREUSE=Y, EL_ECWTP=!R, EL_EMFD=,SL,SR, EL_ERPW=3, EL_ETM=,?GH15S?,?GH25S?, EL_ACAPA=>=450,<=1200, EL_ASPD=>=60,<=105, EL_EPP=>900,<=1000] | KEYS:[EL_PA103A03_2=C101P013428]","GOTO:PICK3 | REMARKS:K10310416G05 | SPECS:[EL_ABRAND=NEX_MR, EL_ASPSCD=KC01, EL_DREUSE=Y, EL_ECWTP=!R, EL_EMFD=,SL,SR, EL_ERPW=3, EL_ETM=,?GH15S?,?GH25S?, EL_ACAPA=>=450,<=1200, EL_ASPD=>=60,<=105, EL_EPP=>800,<=900, NG550_CS=N] | KEYS:[EL_PA103A03_2=C101P013427]","CON10: [>900,<=1000] -> [>800,<=900] | SPEC11: [] -> [NG550_CS] | CON11: [] -> [N] | VAL1: [C101P013428] -> [C101P013427]"
67,수정(MODIFIED),"CON10, SPEC11, CON11, VAL1","GOTO:PICK3 | REMARKS:K10310416G05 | SPECS:[EL_ABRAND=NEX_MR, EL_ASPSCD=KC01, EL_DREUSE=Y, EL_ECWTP=!R, EL_EMFD=,SL,SR, EL_ERPW=3, EL_ETM=,?GH15S?,?GH25S?, EL_ACAPA=>=450,<=1200, EL_ASPD=>=60,<=105, EL_EPP=>1000,<=1100] | KEYS:[EL_PA103A03_2=C101P013439]","GOTO:PICK3 | REMARKS:K10310416G05 | SPECS:[EL_ABRAND=NEX_MR, EL_ASPSCD=KC01, EL_DREUSE=Y, EL_ECWTP=!R, EL_EMFD=,SL,SR, EL_ERPW=3, EL_ETM=,?GH15S?,?GH25S?, EL_ACAPA=>=450,<=1200, EL_ASPD=>=60,<=105, EL_EPP=>900,<=1000, NG550_CS=N] | KEYS:[EL_PA103A03_2=C101P013428]","CON10: [>1000,<=1100] -> [>900,<=1000] | SPEC11: [] -> [NG550_CS] | CON11: [] -> [N] | VAL1: [C101P013439] -> [C101P013428]"
68,수정(MODIFIED),"CON10, SPEC11, CON11, VAL1","GOTO:PICK3 | REMARKS:K10310416G05 | SPECS:[EL_ABRAND=NEX_MR, EL_ASPSCD=KC01, EL_DREUSE=Y, EL_ECWTP=!R, EL_EMFD=,SL,SR, EL_ERPW=3, EL_ETM=,?GH15S?,?GH25S?, EL_ACAPA=>=450,<=1200, EL_ASPD=>=60,<=105, EL_EPP=>1100,<=1200] | KEYS:[EL_PA103A03_2=C101P013440]","GOTO:PICK3 | REMARKS:K10310416G05 | SPECS:[EL_ABRAND=NEX_MR, EL_ASPSCD=KC01, EL_DREUSE=Y, EL_ECWTP=!R, EL_EMFD=,SL,SR, EL_ERPW=3, EL_ETM=,?GH15S?,?GH25S?, EL_ACAPA=>=450,<=1200, EL_ASPD=>=60,<=105, EL_EPP=>1000,<=1100, NG550_CS=N] | KEYS:[EL_PA103A03_2=C101P013439]","CON10: [>1100,<=1200] -> [>1000,<=1100] | SPEC11: [] -> [NG550_CS] | CON11: [] -> [N] | VAL1: [C101P013440] -> [C101P013439]"
69,수정(MODIFIED),"CON10, SPEC11, CON11, VAL1","GOTO:PICK3 | REMARKS:K10310416G05 | SPECS:[EL_ABRAND=NEX_MR, EL_ASPSCD=KC01, EL_DREUSE=Y, EL_ECWTP=!R, EL_EMFD=,SL,SR, EL_ERPW=3, EL_ETM=,?GH15S?,?GH25S?, EL_ACAPA=>=450,<=1200, EL_ASPD=>=60,<=105, EL_EPP=>1200,<=1300] | KEYS:[EL_PA103A03_2=C101P013441]","GOTO:PICK3 | REMARKS:K10310416G05 | SPECS:[EL_ABRAND=NEX_MR, EL_ASPSCD=KC01, EL_DREUSE=Y, EL_ECWTP=!R, EL_EMFD=,SL,SR, EL_ERPW=3, EL_ETM=,?GH15S?,?GH25S?, EL_ACAPA=>=450,<=1200, EL_ASPD=>=60,<=105, EL_EPP=>1100,<=1200, NG550_CS=N] | KEYS:[EL_PA103A03_2=C101P013440]","CON10: [>1200,<=1300] -> [>1100,<=1200] | SPEC11: [] -> [NG550_CS] | CON11: [] -> [N] | VAL1: [C101P013441] -> [C101P013440]"
70,수정(MODIFIED),"CON10, SPEC11, CON11, VAL1","GOTO:PICK3 | REMARKS:K10310416G05 | SPECS:[EL_ABRAND=NEX_MR, EL_ASPSCD=KC01, EL_DREUSE=Y, EL_ECWTP=!R, EL_EMFD=,SL,SR, EL_ERPW=3, EL_ETM=,?GH15S?,?GH25S?, EL_ACAPA=>=450,<=1200, EL_ASPD=>=60,<=105, EL_EPP=>1300,<=1400] | KEYS:[EL_PA103A03_2=C101P013442]","GOTO:PICK3 | REMARKS:K10310416G05 | SPECS:[EL_ABRAND=NEX_MR, EL_ASPSCD=KC01, EL_DREUSE=Y, EL_ECWTP=!R, EL_EMFD=,SL,SR, EL_ERPW=3, EL_ETM=,?GH15S?,?GH25S?, EL_ACAPA=>=450,<=1200, EL_ASPD=>=60,<=105, EL_EPP=>1200,<=1300, NG550_CS=N] | KEYS:[EL_PA103A03_2=C101P013441]","CON10: [>1300,<=1400] -> [>1200,<=1300] | SPEC11: [] -> [NG550_CS] | CON11: [] -> [N] | VAL1: [C101P013442] -> [C101P013441]"
71,수정(MODIFIED),"CON10, SPEC11, CON11, VAL1","GOTO:PICK3 | REMARKS:K10310416G05 | SPECS:[EL_ABRAND=NEX_MR, EL_ASPSCD=KC01, EL_DREUSE=Y, EL_ECWTP=!R, EL_EMFD=,SL,SR, EL_ERPW=3, EL_ETM=,?GH15S?,?GH25S?, EL_ACAPA=>=450,<=1200, EL_ASPD=>=60,<=105, EL_EPP=>1400,<=1500] | KEYS:[EL_PA103A03_2=C101P013443]","GOTO:PICK3 | REMARKS:K10310416G05 | SPECS:[EL_ABRAND=NEX_MR, EL_ASPSCD=KC01, EL_DREUSE=Y, EL_ECWTP=!R, EL_EMFD=,SL,SR, EL_ERPW=3, EL_ETM=,?GH15S?,?GH25S?, EL_ACAPA=>=450,<=1200, EL_ASPD=>=60,<=105, EL_EPP=>1300,<=1400, NG550_CS=N] | KEYS:[EL_PA103A03_2=C101P013442]","CON10: [>1400,<=1500] -> [>1300,<=1400] | SPEC11: [] -> [NG550_CS] | CON11: [] -> [N] | VAL1: [C101P013443] -> [C101P013442]"
72,수정(MODIFIED),"SPEC3, CON3, SPEC4, CON4, SPEC5, CON5, SPEC6, CON6, SPEC7, CON7, SPEC8, CON8, SPEC9, CON9, SPEC10, CON10, SPEC11, CON11, KEY1, VAL1, REMARKS","GOTO:PICK3 | SPECS:[EL_ABRAND=NEX_MR, EL_ASPSCD=KC01]","GOTO:PICK3 | REMARKS:K10310416G05 | SPECS:[EL_ABRAND=NEX_MR, EL_ASPSCD=KC01, EL_DREUSE=Y, EL_ECWTP=!R, EL_EMFD=,SL,SR, EL_ERPW=3, EL_ETM=,?GH15S?,?GH25S?, EL_ACAPA=>=450,<=1200, EL_ASPD=>=60,<=105, EL_EPP=>1400,<=1500, NG550_CS=N] | KEYS:[EL_PA103A03_2=C101P013443]","SPEC3: [] -> [EL_DREUSE] | CON3: [] -> [Y] | SPEC4: [] -> [EL_ECWTP] | CON4: [] -> [!R] | SPEC5: [] -> [EL_EMFD] | CON5: [] -> [,SL,SR] | SPEC6: [] -> [EL_ERPW] | CON6: [] -> [3] | SPEC7: [] -> [EL_ETM] | CON7: [] -> [,?GH15S?,?GH25S?] | SPEC8: [] -> [EL_ACAPA] | CON8: [] -> [>=450,<=1200] | SPEC9: [] -> [EL_ASPD] | CON9: [] -> [>=60,<=105] | SPEC10: [] -> [EL_EPP] | CON10: [] -> [>1400,<=1500] | SPEC11: [] -> [NG550_CS] | CON11: [] -> [N] | KEY1: [] -> [EL_PA103A03_2] | VAL1: [] -> [C101P013443] | REMARKS: [] -> [K10310416G05]"
73,수정(MODIFIED),"SPEC1, CON1, SPEC2, CON2, GOTO",,"GOTO:PICK3 | SPECS:[EL_ABRAND=NEX_MR, EL_ASPSCD=KC01]",SPEC1: [] -> [EL_ABRAND] | CON1: [] -> [NEX_MR] | SPEC2: [] -> [EL_ASPSCD] | CON2: [] -> [KC01] | GOTO: [] -> [PICK3]
74,수정(MODIFIED),"SPEC1, CON1, SPEC2, CON2, SPEC3, CON3, SPEC4, CON4, KEY1, VAL1","SPECS:[EL_ATYP=GTLX, EL_ETM=,GH15A,GH15B,GH25C,GH25D,GH15SA,GH15SB,GH25SC,GH25SD, EL_DREUSE=N, EL_ECWTP=R] | KEYS:[EL_PA103A03_2=10310416G010A]",,"SPEC1: [EL_ATYP] -> [] | CON1: [GTLX] -> [] | SPEC2: [EL_ETM] -> [] | CON2: [,GH15A,GH15B,GH25C,GH25D,GH15SA,GH15SB,GH25SC,GH25SD] -> [] | SPEC3: [EL_DREUSE] -> [] | CON3: [N] -> [] | SPEC4: [EL_ECWTP] -> [] | CON4: [R] -> [] | KEY1: [EL_PA103A03_2] -> [] | VAL1: [10310416G010A] -> []"
75,수정(MODIFIED),"CON2, VAL1","SPECS:[EL_ATYP=GTLX, EL_ETM=,GH25A,GH25B,GH25E,GH25SA,GH25SB, EL_DREUSE=N, EL_ECWTP=R] | KEYS:[EL_PA103A03_2=10310416G020A]","SPECS:[EL_ATYP=GTLX, EL_ETM=,GH15A,GH15B,GH25C,GH25D,GH15SA,GH15SB,GH25SC,GH25SD, EL_DREUSE=N, EL_ECWTP=R] | KEYS:[EL_PA103A03_2=10310416G010A]","CON2: [,GH25A,GH25B,GH25E,GH25SA,GH25SB] -> [,GH15A,GH15B,GH25C,GH25D,GH15SA,GH15SB,GH25SC,GH25SD] | VAL1: [10310416G020A] -> [10310416G010A]"
76,수정(MODIFIED),"CON2, CON3, VAL1","SPECS:[EL_ATYP=GTLX, EL_ETM=,?GH15?,?GH25?,?GH15S?,?GH25S?, EL_DREUSE=Y, EL_ECWTP=R] | KEYS:[EL_PA103A03_2=10310416G030A]","SPECS:[EL_ATYP=GTLX, EL_ETM=,GH25A,GH25B,GH25E,GH25SA,GH25SB, EL_DREUSE=N, EL_ECWTP=R] | KEYS:[EL_PA103A03_2=10310416G020A]","CON2: [,?GH15?,?GH25?,?GH15S?,?GH25S?] -> [,GH25A,GH25B,GH25E,GH25SA,GH25SB] | CON3: [Y] -> [N] | VAL1: [10310416G030A] -> [10310416G020A]"
77,수정(MODIFIED),"CON4, SPEC5, CON5","SPECS:[EL_ATYP=GTLX, EL_ETM=,?GH15?,?GH25?,?GH15S?,?GH25S?, EL_DREUSE=Y, EL_ECWTP=!R, EL_EMFD=90] | KEYS:[EL_PA103A03_2=10310416G030A]","SPECS:[EL_ATYP=GTLX, EL_ETM=,?GH15?,?GH25?,?GH15S?,?GH25S?, EL_DREUSE=Y, EL_ECWTP=R] | KEYS:[EL_PA103A03_2=10310416G030A]",CON4: [!R] -> [R] | SPEC5: [EL_EMFD] -> [] | CON5: [90] -> []
78,수정(MODIFIED),"CON5, SPEC6, CON6, VAL1","SPECS:[EL_ATYP=GTLX, EL_ETM=,?GH15?,?GH25?,?GH15S?,?GH25S?, EL_DREUSE=Y, EL_ECWTP=!R, EL_EMFD=,SL,SR, EL_ERPW=,2,4] | KEYS:[EL_PA103A03_2=10310416G040A]","SPECS:[EL_ATYP=GTLX, EL_ETM=,?GH15?,?GH25?,?GH15S?,?GH25S?, EL_DREUSE=Y, EL_ECWTP=!R, EL_EMFD=90] | KEYS:[EL_PA103A03_2=10310416G030A]","CON5: [,SL,SR] -> [90] | SPEC6: [EL_ERPW] -> [] | CON6: [,2,4] -> [] | VAL1: [10310416G040A] -> [10310416G030A]"
79,수정(MODIFIED),"CON6, VAL1","SPECS:[EL_ATYP=GTLX, EL_ETM=,?GH15?,?GH25?,?GH15S?,?GH25S?, EL_DREUSE=Y, EL_ECWTP=!R, EL_EMFD=,SL,SR, EL_ERPW=3] | KEYS:[EL_PA103A03_2=10310416G050A]","SPECS:[EL_ATYP=GTLX, EL_ETM=,?GH15?,?GH25?,?GH15S?,?GH25S?, EL_DREUSE=Y, EL_ECWTP=!R, EL_EMFD=,SL,SR, EL_ERPW=,2,4] | KEYS:[EL_PA103A03_2=10310416G040A]","CON6: [3] -> [,2,4] | VAL1: [10310416G050A] -> [10310416G040A]"
80,수정(MODIFIED),"CON2, CON3, CON4, SPEC5, CON5, SPEC6, CON6, VAL1","SPECS:[EL_ATYP=GTLX, EL_ETM=?GH31?, EL_DREUSE=None, EL_ECWTP=None] | KEYS:[EL_PA103A03_2=10310538G0100]","SPECS:[EL_ATYP=GTLX, EL_ETM=,?GH15?,?GH25?,?GH15S?,?GH25S?, EL_DREUSE=Y, EL_ECWTP=!R, EL_EMFD=,SL,SR, EL_ERPW=3] | KEYS:[EL_PA103A03_2=10310416G050A]","CON2: [?GH31?] -> [,?GH15?,?GH25?,?GH15S?,?GH25S?] | CON3: [] -> [Y] | CON4: [] -> [!R] | SPEC5: [] -> [EL_EMFD] | CON5: [] -> [,SL,SR] | SPEC6: [] -> [EL_ERPW] | CON6: [] -> [3] | VAL1: [10310538G0100] -> [10310416G050A]"
81,수정(MODIFIED),"CON2, VAL1","SPECS:[EL_ATYP=GTLX, EL_ETM=?GH35?, EL_DREUSE=None, EL_ECWTP=None] | KEYS:[EL_PA103A03_2=10310918G0100]","SPECS:[EL_ATYP=GTLX, EL_ETM=?GH31?, EL_DREUSE=None, EL_ECWTP=None] | KEYS:[EL_PA103A03_2=10310538G0100]",CON2: [?GH35?] -> [?GH31?] | VAL1: [10310918G0100] -> [10310538G0100]
82,수정(MODIFIED),"SPEC1, CON1, SPEC2, CON2, SPEC3, SPEC4, KEY1, VAL1",,"SPECS:[EL_ATYP=GTLX, EL_ETM=?GH35?, EL_DREUSE=None, EL_ECWTP=None] | KEYS:[EL_PA103A03_2=10310918G0100]",SPEC1: [] -> [EL_ATYP] | CON1: [] -> [GTLX] | SPEC2: [] -> [EL_ETM] | CON2: [] -> [?GH35?] | SPEC3: [] -> [EL_DREUSE] | SPEC4: [] -> [EL_ECWTP] | KEY1: [] -> [EL_PA103A03_2] | VAL1: [] -> [10310918G0100]
83,수정(MODIFIED),"SPEC1, CON1, SPEC2, CON2, SPEC3, SPEC4, CON4, KEY1, VAL1","SPECS:[EL_ATYP=GTLX_E, EL_ETM=?GH13?, EL_DREUSE=None, EL_EPP=>=550,<=650] | KEYS:[EL_PA103A03_2=10310801G0100]",,"SPEC1: [EL_ATYP] -> [] | CON1: [GTLX_E] -> [] | SPEC2: [EL_ETM] -> [] | CON2: [?GH13?] -> [] | SPEC3: [EL_DREUSE] -> [] | SPEC4: [EL_EPP] -> [] | CON4: [>=550,<=650] -> [] | KEY1: [EL_PA103A03_2] -> [] | VAL1: [10310801G0100] -> []"
84,수정(MODIFIED),"CON4, VAL1","SPECS:[EL_ATYP=GTLX_E, EL_ETM=?GH13?, EL_DREUSE=None, EL_EPP=>650,<=900] | KEYS:[EL_PA103A03_2=10310801G0200]","SPECS:[EL_ATYP=GTLX_E, EL_ETM=?GH13?, EL_DREUSE=None, EL_EPP=>=550,<=650] | KEYS:[EL_PA103A03_2=10310801G0100]","CON4: [>650,<=900] -> [>=550,<=650] | VAL1: [10310801G0200] -> [10310801G0100]"
85,수정(MODIFIED),"CON4, VAL1","SPECS:[EL_ATYP=GTLX_E, EL_ETM=?GH13?, EL_DREUSE=None, EL_EPP=>900,<=1500] | KEYS:[EL_PA103A03_2=10310801G0300]","SPECS:[EL_ATYP=GTLX_E, EL_ETM=?GH13?, EL_DREUSE=None, EL_EPP=>650,<=900] | KEYS:[EL_PA103A03_2=10310801G0200]","CON4: [>900,<=1500] -> [>650,<=900] | VAL1: [10310801G0300] -> [10310801G0200]"
86,수정(MODIFIED),"CON2, CON4, VAL1","SPECS:[EL_ATYP=GTLX_E, EL_ETM=?GH18?, EL_DREUSE=None, EL_EPP=>=550,<=1500] | KEYS:[EL_PA103A03_2=10310802G0100]","SPECS:[EL_ATYP=GTLX_E, EL_ETM=?GH13?, EL_DREUSE=None, EL_EPP=>900,<=1500] | KEYS:[EL_PA103A03_2=10310801G0300]","CON2: [?GH18?] -> [?GH13?] | CON4: [>=550,<=1500] -> [>900,<=1500] | VAL1: [10310802G0100] -> [10310801G0300]"
87,수정(MODIFIED),"SPEC1, CON1, SPEC2, CON2, SPEC3, SPEC4, CON4, KEY1, VAL1",,"SPECS:[EL_ATYP=GTLX_E, EL_ETM=?GH18?, EL_DREUSE=None, EL_EPP=>=550,<=1500] | KEYS:[EL_PA103A03_2=10310802G0100]","SPEC1: [] -> [EL_ATYP] | CON1: [] -> [GTLX_E] | SPEC2: [] -> [EL_ETM] | CON2: [] -> [?GH18?] | SPEC3: [] -> [EL_DREUSE] | SPEC4: [] -> [EL_EPP] | CON4: [] -> [>=550,<=1500] | KEY1: [] -> [EL_PA103A03_2] | VAL1: [] -> [10310802G0100]"
88,수정(MODIFIED),"SPEC1, CON1, SPEC2, CON2, SPEC3, CON3, SPEC4, CON4, SPEC5, CON5, KEY1, VAL1, REMARKS","REMARKS:신규 후락/횡락 전체 | SPECS:[EL_ATYP=GTLX_E, EL_ETM=GH15SA, EL_ERPW=2, EL_EPP=>=550,<=700, EL_DREUSE=N] | KEYS:[EL_PA103A03_2=10311684G0100]",,"SPEC1: [EL_ATYP] -> [] | CON1: [GTLX_E] -> [] | SPEC2: [EL_ETM] -> [] | CON2: [GH15SA] -> [] | SPEC3: [EL_ERPW] -> [] | CON3: [2] -> [] | SPEC4: [EL_EPP] -> [] | CON4: [>=550,<=700] -> [] | SPEC5: [EL_DREUSE] -> [] | CON5: [N] -> [] | KEY1: [EL_PA103A03_2] -> [] | VAL1: [10311684G0100] -> [] | REMARKS: [신규 후락/횡락 전체] -> []"
89,수정(MODIFIED),"CON4, VAL1","REMARKS:신규 후락/횡락 전체 | SPECS:[EL_ATYP=GTLX_E, EL_ETM=GH15SA, EL_ERPW=2, EL_EPP=>700,<=900, EL_DREUSE=N] | KEYS:[EL_PA103A03_2=10311684G0200]","REMARKS:신규 후락/횡락 전체 | SPECS:[EL_ATYP=GTLX_E, EL_ETM=GH15SA, EL_ERPW=2, EL_EPP=>=550,<=700, EL_DREUSE=N] | KEYS:[EL_PA103A03_2=10311684G0100]","CON4: [>700,<=900] -> [>=550,<=700] | VAL1: [10311684G0200] -> [10311684G0100]"
90,수정(MODIFIED),"CON4, VAL1","REMARKS:신규 후락/횡락 전체 | SPECS:[EL_ATYP=GTLX_E, EL_ETM=GH15SA, EL_ERPW=2, EL_EPP=>900,<=1250, EL_DREUSE=N] | KEYS:[EL_PA103A03_2=10311684G0300]","REMARKS:신규 후락/횡락 전체 | SPECS:[EL_ATYP=GTLX_E, EL_ETM=GH15SA, EL_ERPW=2, EL_EPP=>700,<=900, EL_DREUSE=N] | KEYS:[EL_PA103A03_2=10311684G0200]","CON4: [>900,<=1250] -> [>700,<=900] | VAL1: [10311684G0300] -> [10311684G0200]"
91,수정(MODIFIED),"CON4, VAL1","REMARKS:신규 후락/횡락 전체 | SPECS:[EL_ATYP=GTLX_E, EL_ETM=GH15SA, EL_ERPW=2, EL_EPP=>1250,<=1500, EL_DREUSE=N] | KEYS:[EL_PA103A03_2=10311684G0400]","REMARKS:신규 후락/횡락 전체 | SPECS:[EL_ATYP=GTLX_E, EL_ETM=GH15SA, EL_ERPW=2, EL_EPP=>900,<=1250, EL_DREUSE=N] | KEYS:[EL_PA103A03_2=10311684G0300]","CON4: [>1250,<=1500] -> [>900,<=1250] | VAL1: [10311684G0400] -> [10311684G0300]"
92,수정(MODIFIED),"SPEC1, CON1, SPEC2, CON2, SPEC3, CON3, SPEC4, CON4, SPEC5, CON5, KEY1, VAL1, REMARKS",,"REMARKS:신규 후락/횡락 전체 | SPECS:[EL_ATYP=GTLX_E, EL_ETM=GH15SA, EL_ERPW=2, EL_EPP=>1250,<=1500, EL_DREUSE=N] | KEYS:[EL_PA103A03_2=10311684G0400]","SPEC1: [] -> [EL_ATYP] | CON1: [] -> [GTLX_E] | SPEC2: [] -> [EL_ETM] | CON2: [] -> [GH15SA] | SPEC3: [] -> [EL_ERPW] | CON3: [] -> [2] | SPEC4: [] -> [EL_EPP] | CON4: [] -> [>1250,<=1500] | SPEC5: [] -> [EL_DREUSE] | CON5: [] -> [N] | KEY1: [] -> [EL_PA103A03_2] | VAL1: [] -> [10311684G0400] | REMARKS: [] -> [신규 후락/횡락 전체]"
93,수정(MODIFIED),"SPEC1, CON1, SPEC2, CON2, SPEC3, CON3, SPEC4, CON4, SPEC5, CON5, KEY1, VAL1, REMARKS","REMARKS:교체 후락/횡락 전체 | SPECS:[EL_ATYP=GTLX_E, EL_ETM=GH15SA, EL_ERPW=2, EL_EPP=>=550,<=700, EL_DREUSE=Y] | KEYS:[EL_PA103A03_2=10311684G0500]",,"SPEC1: [EL_ATYP] -> [] | CON1: [GTLX_E] -> [] | SPEC2: [EL_ETM] -> [] | CON2: [GH15SA] -> [] | SPEC3: [EL_ERPW] -> [] | CON3: [2] -> [] | SPEC4: [EL_EPP] -> [] | CON4: [>=550,<=700] -> [] | SPEC5: [EL_DREUSE] -> [] | CON5: [Y] -> [] | KEY1: [EL_PA103A03_2] -> [] | VAL1: [10311684G0500] -> [] | REMARKS: [교체 후락/횡락 전체] -> []"
94,수정(MODIFIED),"CON4, VAL1","REMARKS:교체 후락/횡락 전체 | SPECS:[EL_ATYP=GTLX_E, EL_ETM=GH15SA, EL_ERPW=2, EL_EPP=>700,<=900, EL_DREUSE=Y] | KEYS:[EL_PA103A03_2=10311684G0600]","REMARKS:교체 후락/횡락 전체 | SPECS:[EL_ATYP=GTLX_E, EL_ETM=GH15SA, EL_ERPW=2, EL_EPP=>=550,<=700, EL_DREUSE=Y] | KEYS:[EL_PA103A03_2=10311684G0500]","CON4: [>700,<=900] -> [>=550,<=700] | VAL1: [10311684G0600] -> [10311684G0500]"
95,수정(MODIFIED),"CON4, VAL1","REMARKS:교체 후락/횡락 전체 | SPECS:[EL_ATYP=GTLX_E, EL_ETM=GH15SA, EL_ERPW=2, EL_EPP=>900,<=1250, EL_DREUSE=Y] | KEYS:[EL_PA103A03_2=10311684G0700]","REMARKS:교체 후락/횡락 전체 | SPECS:[EL_ATYP=GTLX_E, EL_ETM=GH15SA, EL_ERPW=2, EL_EPP=>700,<=900, EL_DREUSE=Y] | KEYS:[EL_PA103A03_2=10311684G0600]","CON4: [>900,<=1250] -> [>700,<=900] | VAL1: [10311684G0700] -> [10311684G0600]"
96,수정(MODIFIED),"CON4, VAL1","REMARKS:교체 후락/횡락 전체 | SPECS:[EL_ATYP=GTLX_E, EL_ETM=GH15SA, EL_ERPW=2, EL_EPP=>1250,<=1500, EL_DREUSE=Y] | KEYS:[EL_PA103A03_2=10311684G0800]","REMARKS:교체 후락/횡락 전체 | SPECS:[EL_ATYP=GTLX_E, EL_ETM=GH15SA, EL_ERPW=2, EL_EPP=>900,<=1250, EL_DREUSE=Y] | KEYS:[EL_PA103A03_2=10311684G0700]","CON4: [>1250,<=1500] -> [>900,<=1250] | VAL1: [10311684G0800] -> [10311684G0700]"
97,수정(MODIFIED),"SPEC1, CON1, SPEC2, CON2, SPEC3, CON3, SPEC4, CON4, SPEC5, CON5, KEY1, VAL1, REMARKS",,"REMARKS:교체 후락/횡락 전체 | SPECS:[EL_ATYP=GTLX_E, EL_ETM=GH15SA, EL_ERPW=2, EL_EPP=>1250,<=1500, EL_DREUSE=Y] | KEYS:[EL_PA103A03_2=10311684G0800]","SPEC1: [] -> [EL_ATYP] | CON1: [] -> [GTLX_E] | SPEC2: [] -> [EL_ETM] | CON2: [] -> [GH15SA] | SPEC3: [] -> [EL_ERPW] | CON3: [] -> [2] | SPEC4: [] -> [EL_EPP] | CON4: [] -> [>1250,<=1500] | SPEC5: [] -> [EL_DREUSE] | CON5: [] -> [Y] | KEY1: [] -> [EL_PA103A03_2] | VAL1: [] -> [10311684G0800] | REMARKS: [] -> [교체 후락/횡락 전체]"
98,수정(MODIFIED),"SPEC1, CON1, SPEC2, CON2, SPEC3, CON3, SPEC4, CON4, SPEC5, CON5, SPEC6, CON6, KEY1, VAL1, REMARKS","REMARKS:신규 후락/신규 횡락(LH) | SPECS:[EL_ATYP=GTLX_E, EL_ETM=GH15SA, EL_ERPW=3, EL_EPP=>=550,<=700, EL_DREUSE=N, EL_ECWTP=R] | KEYS:[EL_PA103A03_2=10311684G0900]",,"SPEC1: [EL_ATYP] -> [] | CON1: [GTLX_E] -> [] | SPEC2: [EL_ETM] -> [] | CON2: [GH15SA] -> [] | SPEC3: [EL_ERPW] -> [] | CON3: [3] -> [] | SPEC4: [EL_EPP] -> [] | CON4: [>=550,<=700] -> [] | SPEC5: [EL_DREUSE] -> [] | CON5: [N] -> [] | SPEC6: [EL_ECWTP] -> [] | CON6: [R] -> [] | KEY1: [EL_PA103A03_2] -> [] | VAL1: [10311684G0900] -> [] | REMARKS: [신규 후락/신규 횡락(LH)] -> []"
99,수정(MODIFIED),"CON4, VAL1","REMARKS:신규 후락/신규 횡락(LH) | SPECS:[EL_ATYP=GTLX_E, EL_ETM=GH15SA, EL_ERPW=3, EL_EPP=>700,<=900, EL_DREUSE=N, EL_ECWTP=R] | KEYS:[EL_PA103A03_2=10311684G1000]","REMARKS:신규 후락/신규 횡락(LH) | SPECS:[EL_ATYP=GTLX_E, EL_ETM=GH15SA, EL_ERPW=3, EL_EPP=>=550,<=700, EL_DREUSE=N, EL_ECWTP=R] | KEYS:[EL_PA103A03_2=10311684G0900]","CON4: [>700,<=900] -> [>=550,<=700] | VAL1: [10311684G1000] -> [10311684G0900]"
100,수정(MODIFIED),"CON4, VAL1","REMARKS:신규 후락/신규 횡락(LH) | SPECS:[EL_ATYP=GTLX_E, EL_ETM=GH15SA, EL_ERPW=3, EL_EPP=>900,<=1250, EL_DREUSE=N, EL_ECWTP=R] | KEYS:[EL_PA103A03_2=10311684G1100]","REMARKS:신규 후락/신규 횡락(LH) | SPECS:[EL_ATYP=GTLX_E, EL_ETM=GH15SA, EL_ERPW=3, EL_EPP=>700,<=900, EL_DREUSE=N, EL_ECWTP=R] | KEYS:[EL_PA103A03_2=10311684G1000]","CON4: [>900,<=1250] -> [>700,<=900] | VAL1: [10311684G1100] -> [10311684G1000]"
101,수정(MODIFIED),"CON4, VAL1","REMARKS:신규 후락/신규 횡락(LH) | SPECS:[EL_ATYP=GTLX_E, EL_ETM=GH15SA, EL_ERPW=3, EL_EPP=>1250,<=1500, EL_DREUSE=N, EL_ECWTP=R] | KEYS:[EL_PA103A03_2=10311684G1200]","REMARKS:신규 후락/신규 횡락(LH) | SPECS:[EL_ATYP=GTLX_E, EL_ETM=GH15SA, EL_ERPW=3, EL_EPP=>900,<=1250, EL_DREUSE=N, EL_ECWTP=R] | KEYS:[EL_PA103A03_2=10311684G1100]","CON4: [>1250,<=1500] -> [>900,<=1250] | VAL1: [10311684G1200] -> [10311684G1100]"
102,수정(MODIFIED),"CON4, CON6, SPEC7, CON7, VAL1","REMARKS:신규 후락/신규 횡락(LH) | SPECS:[EL_ATYP=GTLX_E, EL_ETM=GH15SA, EL_ERPW=3, EL_EPP=>=550,<=700, EL_DREUSE=N, EL_ECWTP=!R, EL_EMFD=90] | KEYS:[EL_PA103A03_2=10311684G0900]","REMARKS:신규 후락/신규 횡락(LH) | SPECS:[EL_ATYP=GTLX_E, EL_ETM=GH15SA, EL_ERPW=3, EL_EPP=>1250,<=1500, EL_DREUSE=N, EL_ECWTP=R] | KEYS:[EL_PA103A03_2=10311684G1200]","CON4: [>=550,<=700] -> [>1250,<=1500] | CON6: [!R] -> [R] | SPEC7: [EL_EMFD] -> [] | CON7: [90] -> [] | VAL1: [10311684G0900] -> [10311684G1200]"
103,수정(MODIFIED),"CON4, VAL1","REMARKS:신규 후락/신규 횡락(LH) | SPECS:[EL_ATYP=GTLX_E, EL_ETM=GH15SA, EL_ERPW=3, EL_EPP=>700,<=900, EL_DREUSE=N, EL_ECWTP=!R, EL_EMFD=90] | KEYS:[EL_PA103A03_2=10311684G1000]","REMARKS:신규 후락/신규 횡락(LH) | SPECS:[EL_ATYP=GTLX_E, EL_ETM=GH15SA, EL_ERPW=3, EL_EPP=>=550,<=700, EL_DREUSE=N, EL_ECWTP=!R, EL_EMFD=90] | KEYS:[EL_PA103A03_2=10311684G0900]","CON4: [>700,<=900] -> [>=550,<=700] | VAL1: [10311684G1000] -> [10311684G0900]"
104,수정(MODIFIED),"CON4, VAL1","REMARKS:신규 후락/신규 횡락(LH) | SPECS:[EL_ATYP=GTLX_E, EL_ETM=GH15SA, EL_ERPW=3, EL_EPP=>900,<=1250, EL_DREUSE=N, EL_ECWTP=!R, EL_EMFD=90] | KEYS:[EL_PA103A03_2=10311684G1100]","REMARKS:신규 후락/신규 횡락(LH) | SPECS:[EL_ATYP=GTLX_E, EL_ETM=GH15SA, EL_ERPW=3, EL_EPP=>700,<=900, EL_DREUSE=N, EL_ECWTP=!R, EL_EMFD=90] | KEYS:[EL_PA103A03_2=10311684G1000]","CON4: [>900,<=1250] -> [>700,<=900] | VAL1: [10311684G1100] -> [10311684G1000]"
105,수정(MODIFIED),"CON4, VAL1","REMARKS:신규 후락/신규 횡락(LH) | SPECS:[EL_ATYP=GTLX_E, EL_ETM=GH15SA, EL_ERPW=3, EL_EPP=>1250,<=1500, EL_DREUSE=N, EL_ECWTP=!R, EL_EMFD=90] | KEYS:[EL_PA103A03_2=10311684G1200]","REMARKS:신규 후락/신규 횡락(LH) | SPECS:[EL_ATYP=GTLX_E, EL_ETM=GH15SA, EL_ERPW=3, EL_EPP=>900,<=1250, EL_DREUSE=N, EL_ECWTP=!R, EL_EMFD=90] | KEYS:[EL_PA103A03_2=10311684G1100]","CON4: [>1250,<=1500] -> [>900,<=1250] | VAL1: [10311684G1200] -> [10311684G1100]"
106,수정(MODIFIED),"CON4, CON7, VAL1","REMARKS:신규 후락/신규 횡락(LH) | SPECS:[EL_ATYP=GTLX_E, EL_ETM=GH15SA, EL_ERPW=3, EL_EPP=>=550,<=700, EL_DREUSE=N, EL_ECWTP=!R, EL_EMFD=SL] | KEYS:[EL_PA103A03_2=10311684G0900]","REMARKS:신규 후락/신규 횡락(LH) | SPECS:[EL_ATYP=GTLX_E, EL_ETM=GH15SA, EL_ERPW=3, EL_EPP=>1250,<=1500, EL_DREUSE=N, EL_ECWTP=!R, EL_EMFD=90] | KEYS:[EL_PA103A03_2=10311684G1200]","CON4: [>=550,<=700] -> [>1250,<=1500] | CON7: [SL] -> [90] | VAL1: [10311684G0900] -> [10311684G1200]"
107,수정(MODIFIED),"CON4, VAL1","REMARKS:신규 후락/신규 횡락(LH) | SPECS:[EL_ATYP=GTLX_E, EL_ETM=GH15SA, EL_ERPW=3, EL_EPP=>700,<=900, EL_DREUSE=N, EL_ECWTP=!R, EL_EMFD=SL] | KEYS:[EL_PA103A03_2=10311684G1000]","REMARKS:신규 후락/신규 횡락(LH) | SPECS:[EL_ATYP=GTLX_E, EL_ETM=GH15SA, EL_ERPW=3, EL_EPP=>=550,<=700, EL_DREUSE=N, EL_ECWTP=!R, EL_EMFD=SL] | KEYS:[EL_PA103A03_2=10311684G0900]","CON4: [>700,<=900] -> [>=550,<=700] | VAL1: [10311684G1000] -> [10311684G0900]"
108,수정(MODIFIED),"CON4, VAL1","REMARKS:신규 후락/신규 횡락(LH) | SPECS:[EL_ATYP=GTLX_E, EL_ETM=GH15SA, EL_ERPW=3, EL_EPP=>900,<=1250, EL_DREUSE=N, EL_ECWTP=!R, EL_EMFD=SL] | KEYS:[EL_PA103A03_2=10311684G1100]","REMARKS:신규 후락/신규 횡락(LH) | SPECS:[EL_ATYP=GTLX_E, EL_ETM=GH15SA, EL_ERPW=3, EL_EPP=>700,<=900, EL_DREUSE=N, EL_ECWTP=!R, EL_EMFD=SL] | KEYS:[EL_PA103A03_2=10311684G1000]","CON4: [>900,<=1250] -> [>700,<=900] | VAL1: [10311684G1100] -> [10311684G1000]"
109,수정(MODIFIED),"CON4, VAL1","REMARKS:신규 후락/신규 횡락(LH) | SPECS:[EL_ATYP=GTLX_E, EL_ETM=GH15SA, EL_ERPW=3, EL_EPP=>1250,<=1500, EL_DREUSE=N, EL_ECWTP=!R, EL_EMFD=SL] | KEYS:[EL_PA103A03_2=10311684G1200]","REMARKS:신규 후락/신규 횡락(LH) | SPECS:[EL_ATYP=GTLX_E, EL_ETM=GH15SA, EL_ERPW=3, EL_EPP=>900,<=1250, EL_DREUSE=N, EL_ECWTP=!R, EL_EMFD=SL] | KEYS:[EL_PA103A03_2=10311684G1100]","CON4: [>1250,<=1500] -> [>900,<=1250] | VAL1: [10311684G1200] -> [10311684G1100]"
110,수정(MODIFIED),"SPEC1, CON1, SPEC2, CON2, SPEC3, CON3, SPEC4, CON4, SPEC5, CON5, SPEC6, CON6, SPEC7, CON7, KEY1, VAL1, REMARKS",,"REMARKS:신규 후락/신규 횡락(LH) | SPECS:[EL_ATYP=GTLX_E, EL_ETM=GH15SA, EL_ERPW=3, EL_EPP=>1250,<=1500, EL_DREUSE=N, EL_ECWTP=!R, EL_EMFD=SL] | KEYS:[EL_PA103A03_2=10311684G1200]","SPEC1: [] -> [EL_ATYP] | CON1: [] -> [GTLX_E] | SPEC2: [] -> [EL_ETM] | CON2: [] -> [GH15SA] | SPEC3: [] -> [EL_ERPW] | CON3: [] -> [3] | SPEC4: [] -> [EL_EPP] | CON4: [] -> [>1250,<=1500] | SPEC5: [] -> [EL_DREUSE] | CON5: [] -> [N] | SPEC6: [] -> [EL_ECWTP] | CON6: [] -> [!R] | SPEC7: [] -> [EL_EMFD] | CON7: [] -> [SL] | KEY1: [] -> [EL_PA103A03_2] | VAL1: [] -> [10311684G1200] | REMARKS: [] -> [신규 후락/신규 횡락(LH)]"
111,수정(MODIFIED),"SPEC1, CON1, SPEC2, CON2, SPEC3, CON3, SPEC4, CON4, SPEC5, CON5, SPEC6, CON6, SPEC7, CON7, KEY1, VAL1, REMARKS","REMARKS:신규 횡락(RH) | SPECS:[EL_ATYP=GTLX_E, EL_ETM=GH15SA, EL_ERPW=3, EL_EPP=>=550,<=700, EL_DREUSE=N, EL_ECWTP=!R, EL_EMFD=SR] | KEYS:[EL_PA103A03_2=10311684G1300]",,"SPEC1: [EL_ATYP] -> [] | CON1: [GTLX_E] -> [] | SPEC2: [EL_ETM] -> [] | CON2: [GH15SA] -> [] | SPEC3: [EL_ERPW] -> [] | CON3: [3] -> [] | SPEC4: [EL_EPP] -> [] | CON4: [>=550,<=700] -> [] | SPEC5: [EL_DREUSE] -> [] | CON5: [N] -> [] | SPEC6: [EL_ECWTP] -> [] | CON6: [!R] -> [] | SPEC7: [EL_EMFD] -> [] | CON7: [SR] -> [] | KEY1: [EL_PA103A03_2] -> [] | VAL1: [10311684G1300] -> [] | REMARKS: [신규 횡락(RH)] -> []"
112,수정(MODIFIED),"CON4, VAL1","REMARKS:신규 횡락(RH) | SPECS:[EL_ATYP=GTLX_E, EL_ETM=GH15SA, EL_ERPW=3, EL_EPP=>700,<=900, EL_DREUSE=N, EL_ECWTP=!R, EL_EMFD=SR] | KEYS:[EL_PA103A03_2=10311684G1400]","REMARKS:신규 횡락(RH) | SPECS:[EL_ATYP=GTLX_E, EL_ETM=GH15SA, EL_ERPW=3, EL_EPP=>=550,<=700, EL_DREUSE=N, EL_ECWTP=!R, EL_EMFD=SR] | KEYS:[EL_PA103A03_2=10311684G1300]","CON4: [>700,<=900] -> [>=550,<=700] | VAL1: [10311684G1400] -> [10311684G1300]"
113,수정(MODIFIED),"CON4, VAL1","REMARKS:신규 횡락(RH) | SPECS:[EL_ATYP=GTLX_E, EL_ETM=GH15SA, EL_ERPW=3, EL_EPP=>900,<=1250, EL_DREUSE=N, EL_ECWTP=!R, EL_EMFD=SR] | KEYS:[EL_PA103A03_2=10311684G1500]","REMARKS:신규 횡락(RH) | SPECS:[EL_ATYP=GTLX_E, EL_ETM=GH15SA, EL_ERPW=3, EL_EPP=>700,<=900, EL_DREUSE=N, EL_ECWTP=!R, EL_EMFD=SR] | KEYS:[EL_PA103A03_2=10311684G1400]","CON4: [>900,<=1250] -> [>700,<=900] | VAL1: [10311684G1500] -> [10311684G1400]"
114,수정(MODIFIED),"CON4, VAL1","REMARKS:신규 횡락(RH) | SPECS:[EL_ATYP=GTLX_E, EL_ETM=GH15SA, EL_ERPW=3, EL_EPP=>1250,<=1500, EL_DREUSE=N, EL_ECWTP=!R, EL_EMFD=SR] | KEYS:[EL_PA103A03_2=10311684G1600]","REMARKS:신규 횡락(RH) | SPECS:[EL_ATYP=GTLX_E, EL_ETM=GH15SA, EL_ERPW=3, EL_EPP=>900,<=1250, EL_DREUSE=N, EL_ECWTP=!R, EL_EMFD=SR] | KEYS:[EL_PA103A03_2=10311684G1500]","CON4: [>1250,<=1500] -> [>900,<=1250] | VAL1: [10311684G1600] -> [10311684G1500]"
115,수정(MODIFIED),"SPEC1, CON1, SPEC2, CON2, SPEC3, CON3, SPEC4, CON4, SPEC5, CON5, SPEC6, CON6, SPEC7, CON7, KEY1, VAL1, REMARKS",,"REMARKS:신규 횡락(RH) | SPECS:[EL_ATYP=GTLX_E, EL_ETM=GH15SA, EL_ERPW=3, EL_EPP=>1250,<=1500, EL_DREUSE=N, EL_ECWTP=!R, EL_EMFD=SR] | KEYS:[EL_PA103A03_2=10311684G1600]","SPEC1: [] -> [EL_ATYP] | CON1: [] -> [GTLX_E] | SPEC2: [] -> [EL_ETM] | CON2: [] -> [GH15SA] | SPEC3: [] -> [EL_ERPW] | CON3: [] -> [3] | SPEC4: [] -> [EL_EPP] | CON4: [] -> [>1250,<=1500] | SPEC5: [] -> [EL_DREUSE] | CON5: [] -> [N] | SPEC6: [] -> [EL_ECWTP] | CON6: [] -> [!R] | SPEC7: [] -> [EL_EMFD] | CON7: [] -> [SR] | KEY1: [] -> [EL_PA103A03_2] | VAL1: [] -> [10311684G1600] | REMARKS: [] -> [신규 횡락(RH)]"
116,수정(MODIFIED),"SPEC1, CON1, SPEC2, CON2, SPEC3, CON3, SPEC4, CON4, SPEC5, CON5, SPEC6, CON6, KEY1, VAL1, REMARKS","REMARKS:교체 후락/교체 횡락(LH) | SPECS:[EL_ATYP=GTLX_E, EL_ETM=GH15SA, EL_ERPW=3, EL_EPP=>=550,<=700, EL_DREUSE=Y, EL_ECWTP=R] | KEYS:[EL_PA103A03_2=10311684G1700]",,"SPEC1: [EL_ATYP] -> [] | CON1: [GTLX_E] -> [] | SPEC2: [EL_ETM] -> [] | CON2: [GH15SA] -> [] | SPEC3: [EL_ERPW] -> [] | CON3: [3] -> [] | SPEC4: [EL_EPP] -> [] | CON4: [>=550,<=700] -> [] | SPEC5: [EL_DREUSE] -> [] | CON5: [Y] -> [] | SPEC6: [EL_ECWTP] -> [] | CON6: [R] -> [] | KEY1: [EL_PA103A03_2] -> [] | VAL1: [10311684G1700] -> [] | REMARKS: [교체 후락/교체 횡락(LH)] -> []"
117,수정(MODIFIED),"CON4, VAL1","REMARKS:교체 후락/교체 횡락(LH) | SPECS:[EL_ATYP=GTLX_E, EL_ETM=GH15SA, EL_ERPW=3, EL_EPP=>700,<=900, EL_DREUSE=Y, EL_ECWTP=R] | KEYS:[EL_PA103A03_2=10311684G1800]","REMARKS:교체 후락/교체 횡락(LH) | SPECS:[EL_ATYP=GTLX_E, EL_ETM=GH15SA, EL_ERPW=3, EL_EPP=>=550,<=700, EL_DREUSE=Y, EL_ECWTP=R] | KEYS:[EL_PA103A03_2=10311684G1700]","CON4: [>700,<=900] -> [>=550,<=700] | VAL1: [10311684G1800] -> [10311684G1700]"
118,수정(MODIFIED),"CON4, VAL1","REMARKS:교체 후락/교체 횡락(LH) | SPECS:[EL_ATYP=GTLX_E, EL_ETM=GH15SA, EL_ERPW=3, EL_EPP=>900,<=1250, EL_DREUSE=Y, EL_ECWTP=R] | KEYS:[EL_PA103A03_2=10311684G1900]","REMARKS:교체 후락/교체 횡락(LH) | SPECS:[EL_ATYP=GTLX_E, EL_ETM=GH15SA, EL_ERPW=3, EL_EPP=>700,<=900, EL_DREUSE=Y, EL_ECWTP=R] | KEYS:[EL_PA103A03_2=10311684G1800]","CON4: [>900,<=1250] -> [>700,<=900] | VAL1: [10311684G1900] -> [10311684G1800]"
119,수정(MODIFIED),"CON4, VAL1","REMARKS:교체 후락/교체 횡락(LH) | SPECS:[EL_ATYP=GTLX_E, EL_ETM=GH15SA, EL_ERPW=3, EL_EPP=>1250,<=1500, EL_DREUSE=Y, EL_ECWTP=R] | KEYS:[EL_PA103A03_2=10311684G2000]","REMARKS:교체 후락/교체 횡락(LH) | SPECS:[EL_ATYP=GTLX_E, EL_ETM=GH15SA, EL_ERPW=3, EL_EPP=>900,<=1250, EL_DREUSE=Y, EL_ECWTP=R] | KEYS:[EL_PA103A03_2=10311684G1900]","CON4: [>1250,<=1500] -> [>900,<=1250] | VAL1: [10311684G2000] -> [10311684G1900]"
120,수정(MODIFIED),"CON4, CON6, SPEC7, CON7, VAL1","REMARKS:교체 후락/교체 횡락(LH) | SPECS:[EL_ATYP=GTLX_E, EL_ETM=GH15SA, EL_ERPW=3, EL_EPP=>=550,<=700, EL_DREUSE=Y, EL_ECWTP=!R, EL_EMFD=90] | KEYS:[EL_PA103A03_2=10311684G1700]","REMARKS:교체 후락/교체 횡락(LH) | SPECS:[EL_ATYP=GTLX_E, EL_ETM=GH15SA, EL_ERPW=3, EL_EPP=>1250,<=1500, EL_DREUSE=Y, EL_ECWTP=R] | KEYS:[EL_PA103A03_2=10311684G2000]","CON4: [>=550,<=700] -> [>1250,<=1500] | CON6: [!R] -> [R] | SPEC7: [EL_EMFD] -> [] | CON7: [90] -> [] | VAL1: [10311684G1700] -> [10311684G2000]"
121,수정(MODIFIED),"CON4, VAL1","REMARKS:교체 후락/교체 횡락(LH) | SPECS:[EL_ATYP=GTLX_E, EL_ETM=GH15SA, EL_ERPW=3, EL_EPP=>700,<=900, EL_DREUSE=Y, EL_ECWTP=!R, EL_EMFD=90] | KEYS:[EL_PA103A03_2=10311684G1800]","REMARKS:교체 후락/교체 횡락(LH) | SPECS:[EL_ATYP=GTLX_E, EL_ETM=GH15SA, EL_ERPW=3, EL_EPP=>=550,<=700, EL_DREUSE=Y, EL_ECWTP=!R, EL_EMFD=90] | KEYS:[EL_PA103A03_2=10311684G1700]","CON4: [>700,<=900] -> [>=550,<=700] | VAL1: [10311684G1800] -> [10311684G1700]"
122,수정(MODIFIED),"CON4, VAL1","REMARKS:교체 후락/교체 횡락(LH) | SPECS:[EL_ATYP=GTLX_E, EL_ETM=GH15SA, EL_ERPW=3, EL_EPP=>900,<=1250, EL_DREUSE=Y, EL_ECWTP=!R, EL_EMFD=90] | KEYS:[EL_PA103A03_2=10311684G1900]","REMARKS:교체 후락/교체 횡락(LH) | SPECS:[EL_ATYP=GTLX_E, EL_ETM=GH15SA, EL_ERPW=3, EL_EPP=>700,<=900, EL_DREUSE=Y, EL_ECWTP=!R, EL_EMFD=90] | KEYS:[EL_PA103A03_2=10311684G1800]","CON4: [>900,<=1250] -> [>700,<=900] | VAL1: [10311684G1900] -> [10311684G1800]"
123,수정(MODIFIED),"CON4, VAL1","REMARKS:교체 후락/교체 횡락(LH) | SPECS:[EL_ATYP=GTLX_E, EL_ETM=GH15SA, EL_ERPW=3, EL_EPP=>1250,<=1500, EL_DREUSE=Y, EL_ECWTP=!R, EL_EMFD=90] | KEYS:[EL_PA103A03_2=10311684G2000]","REMARKS:교체 후락/교체 횡락(LH) | SPECS:[EL_ATYP=GTLX_E, EL_ETM=GH15SA, EL_ERPW=3, EL_EPP=>900,<=1250, EL_DREUSE=Y, EL_ECWTP=!R, EL_EMFD=90] | KEYS:[EL_PA103A03_2=10311684G1900]","CON4: [>1250,<=1500] -> [>900,<=1250] | VAL1: [10311684G2000] -> [10311684G1900]"
124,수정(MODIFIED),"CON4, CON7, VAL1","REMARKS:교체 후락/교체 횡락(LH) | SPECS:[EL_ATYP=GTLX_E, EL_ETM=GH15SA, EL_ERPW=3, EL_EPP=>=550,<=700, EL_DREUSE=Y, EL_ECWTP=!R, EL_EMFD=SL] | KEYS:[EL_PA103A03_2=10311684G1700]","REMARKS:교체 후락/교체 횡락(LH) | SPECS:[EL_ATYP=GTLX_E, EL_ETM=GH15SA, EL_ERPW=3, EL_EPP=>1250,<=1500, EL_DREUSE=Y, EL_ECWTP=!R, EL_EMFD=90] | KEYS:[EL_PA103A03_2=10311684G2000]","CON4: [>=550,<=700] -> [>1250,<=1500] | CON7: [SL] -> [90] | VAL1: [10311684G1700] -> [10311684G2000]"
125,수정(MODIFIED),"CON4, VAL1","REMARKS:교체 후락/교체 횡락(LH) | SPECS:[EL_ATYP=GTLX_E, EL_ETM=GH15SA, EL_ERPW=3, EL_EPP=>700,<=900, EL_DREUSE=Y, EL_ECWTP=!R, EL_EMFD=SL] | KEYS:[EL_PA103A03_2=10311684G1800]","REMARKS:교체 후락/교체 횡락(LH) | SPECS:[EL_ATYP=GTLX_E, EL_ETM=GH15SA, EL_ERPW=3, EL_EPP=>=550,<=700, EL_DREUSE=Y, EL_ECWTP=!R, EL_EMFD=SL] | KEYS:[EL_PA103A03_2=10311684G1700]","CON4: [>700,<=900] -> [>=550,<=700] | VAL1: [10311684G1800] -> [10311684G1700]"
126,수정(MODIFIED),"CON4, VAL1","REMARKS:교체 후락/교체 횡락(LH) | SPECS:[EL_ATYP=GTLX_E, EL_ETM=GH15SA, EL_ERPW=3, EL_EPP=>900,<=1250, EL_DREUSE=Y, EL_ECWTP=!R, EL_EMFD=SL] | KEYS:[EL_PA103A03_2=10311684G1900]","REMARKS:교체 후락/교체 횡락(LH) | SPECS:[EL_ATYP=GTLX_E, EL_ETM=GH15SA, EL_ERPW=3, EL_EPP=>700,<=900, EL_DREUSE=Y, EL_ECWTP=!R, EL_EMFD=SL] | KEYS:[EL_PA103A03_2=10311684G1800]","CON4: [>900,<=1250] -> [>700,<=900] | VAL1: [10311684G1900] -> [10311684G1800]"
127,수정(MODIFIED),"CON4, VAL1","REMARKS:교체 후락/교체 횡락(LH) | SPECS:[EL_ATYP=GTLX_E, EL_ETM=GH15SA, EL_ERPW=3, EL_EPP=>1250,<=1500, EL_DREUSE=Y, EL_ECWTP=!R, EL_EMFD=SL] | KEYS:[EL_PA103A03_2=10311684G2000]","REMARKS:교체 후락/교체 횡락(LH) | SPECS:[EL_ATYP=GTLX_E, EL_ETM=GH15SA, EL_ERPW=3, EL_EPP=>900,<=1250, EL_DREUSE=Y, EL_ECWTP=!R, EL_EMFD=SL] | KEYS:[EL_PA103A03_2=10311684G1900]","CON4: [>1250,<=1500] -> [>900,<=1250] | VAL1: [10311684G2000] -> [10311684G1900]"
128,수정(MODIFIED),"SPEC1, CON1, SPEC2, CON2, SPEC3, CON3, SPEC4, CON4, SPEC5, CON5, SPEC6, CON6, SPEC7, CON7, KEY1, VAL1, REMARKS",,"REMARKS:교체 후락/교체 횡락(LH) | SPECS:[EL_ATYP=GTLX_E, EL_ETM=GH15SA, EL_ERPW=3, EL_EPP=>1250,<=1500, EL_DREUSE=Y, EL_ECWTP=!R, EL_EMFD=SL] | KEYS:[EL_PA103A03_2=10311684G2000]","SPEC1: [] -> [EL_ATYP] | CON1: [] -> [GTLX_E] | SPEC2: [] -> [EL_ETM] | CON2: [] -> [GH15SA] | SPEC3: [] -> [EL_ERPW] | CON3: [] -> [3] | SPEC4: [] -> [EL_EPP] | CON4: [] -> [>1250,<=1500] | SPEC5: [] -> [EL_DREUSE] | CON5: [] -> [Y] | SPEC6: [] -> [EL_ECWTP] | CON6: [] -> [!R] | SPEC7: [] -> [EL_EMFD] | CON7: [] -> [SL] | KEY1: [] -> [EL_PA103A03_2] | VAL1: [] -> [10311684G2000] | REMARKS: [] -> [교체 후락/교체 횡락(LH)]"
129,수정(MODIFIED),"SPEC1, CON1, SPEC2, CON2, SPEC3, CON3, SPEC4, CON4, SPEC5, CON5, SPEC6, CON6, SPEC7, CON7, KEY1, VAL1, REMARKS","REMARKS:교체 횡락(RH) | SPECS:[EL_ATYP=GTLX_E, EL_ETM=GH15SA, EL_ERPW=3, EL_EPP=>=550,<=700, EL_DREUSE=Y, EL_ECWTP=!R, EL_EMFD=SR] | KEYS:[EL_PA103A03_2=10311684G2100]",,"SPEC1: [EL_ATYP] -> [] | CON1: [GTLX_E] -> [] | SPEC2: [EL_ETM] -> [] | CON2: [GH15SA] -> [] | SPEC3: [EL_ERPW] -> [] | CON3: [3] -> [] | SPEC4: [EL_EPP] -> [] | CON4: [>=550,<=700] -> [] | SPEC5: [EL_DREUSE] -> [] | CON5: [Y] -> [] | SPEC6: [EL_ECWTP] -> [] | CON6: [!R] -> [] | SPEC7: [EL_EMFD] -> [] | CON7: [SR] -> [] | KEY1: [EL_PA103A03_2] -> [] | VAL1: [10311684G2100] -> [] | REMARKS: [교체 횡락(RH)] -> []"
130,수정(MODIFIED),"CON4, VAL1","REMARKS:교체 횡락(RH) | SPECS:[EL_ATYP=GTLX_E, EL_ETM=GH15SA, EL_ERPW=3, EL_EPP=>700,<=900, EL_DREUSE=Y, EL_ECWTP=!R, EL_EMFD=SR] | KEYS:[EL_PA103A03_2=10311684G2200]","REMARKS:교체 횡락(RH) | SPECS:[EL_ATYP=GTLX_E, EL_ETM=GH15SA, EL_ERPW=3, EL_EPP=>=550,<=700, EL_DREUSE=Y, EL_ECWTP=!R, EL_EMFD=SR] | KEYS:[EL_PA103A03_2=10311684G2100]","CON4: [>700,<=900] -> [>=550,<=700] | VAL1: [10311684G2200] -> [10311684G2100]"
131,수정(MODIFIED),"CON4, VAL1","REMARKS:교체 횡락(RH) | SPECS:[EL_ATYP=GTLX_E, EL_ETM=GH15SA, EL_ERPW=3, EL_EPP=>900,<=1250, EL_DREUSE=Y, EL_ECWTP=!R, EL_EMFD=SR] | KEYS:[EL_PA103A03_2=10311684G2300]","REMARKS:교체 횡락(RH) | SPECS:[EL_ATYP=GTLX_E, EL_ETM=GH15SA, EL_ERPW=3, EL_EPP=>700,<=900, EL_DREUSE=Y, EL_ECWTP=!R, EL_EMFD=SR] | KEYS:[EL_PA103A03_2=10311684G2200]","CON4: [>900,<=1250] -> [>700,<=900] | VAL1: [10311684G2300] -> [10311684G2200]"
132,수정(MODIFIED),"CON4, VAL1","REMARKS:교체 횡락(RH) | SPECS:[EL_ATYP=GTLX_E, EL_ETM=GH15SA, EL_ERPW=3, EL_EPP=>1250,<=1500, EL_DREUSE=Y, EL_ECWTP=!R, EL_EMFD=SR] | KEYS:[EL_PA103A03_2=10311684G2400]","REMARKS:교체 횡락(RH) | SPECS:[EL_ATYP=GTLX_E, EL_ETM=GH15SA, EL_ERPW=3, EL_EPP=>900,<=1250, EL_DREUSE=Y, EL_ECWTP=!R, EL_EMFD=SR] | KEYS:[EL_PA103A03_2=10311684G2300]","CON4: [>1250,<=1500] -> [>900,<=1250] | VAL1: [10311684G2400] -> [10311684G2300]"
133,수정(MODIFIED),"SPEC1, CON1, SPEC2, CON2, SPEC3, CON3, SPEC4, CON4, SPEC5, CON5, SPEC6, CON6, SPEC7, CON7, KEY1, VAL1, REMARKS",,"REMARKS:교체 횡락(RH) | SPECS:[EL_ATYP=GTLX_E, EL_ETM=GH15SA, EL_ERPW=3, EL_EPP=>1250,<=1500, EL_DREUSE=Y, EL_ECWTP=!R, EL_EMFD=SR] | KEYS:[EL_PA103A03_2=10311684G2400]","SPEC1: [] -> [EL_ATYP] | CON1: [] -> [GTLX_E] | SPEC2: [] -> [EL_ETM] | CON2: [] -> [GH15SA] | SPEC3: [] -> [EL_ERPW] | CON3: [] -> [3] | SPEC4: [] -> [EL_EPP] | CON4: [] -> [>1250,<=1500] | SPEC5: [] -> [EL_DREUSE] | CON5: [] -> [Y] | SPEC6: [] -> [EL_ECWTP] | CON6: [] -> [!R] | SPEC7: [] -> [EL_EMFD] | CON7: [] -> [SR] | KEY1: [] -> [EL_PA103A03_2] | VAL1: [] -> [10311684G2400] | REMARKS: [] -> [교체 횡락(RH)]"
134,수정(MODIFIED),"SPEC1, CON1, SPEC2, CON2, SPEC3, CON3, SPEC4, CON4, KEY1, VAL1, REMARKS","REMARKS:신규 사선횡락/후락 | SPECS:[EL_ATYP=GTLX_E, EL_ETM=GH25SC, EL_EPP=>=700,<=1500, EL_DREUSE=N] | KEYS:[EL_PA103A03_2=10311441G0100]",,"SPEC1: [EL_ATYP] -> [] | CON1: [GTLX_E] -> [] | SPEC2: [EL_ETM] -> [] | CON2: [GH25SC] -> [] | SPEC3: [EL_EPP] -> [] | CON3: [>=700,<=1500] -> [] | SPEC4: [EL_DREUSE] -> [] | CON4: [N] -> [] | KEY1: [EL_PA103A03_2] -> [] | VAL1: [10311441G0100] -> [] | REMARKS: [신규 사선횡락/후락] -> []"
135,수정(MODIFIED),"CON4, SPEC5, CON5, SPEC6, CON6, REMARKS","REMARKS:교체 사선횡락 | SPECS:[EL_ATYP=GTLX_E, EL_ETM=GH25SC, EL_EPP=>=700,<=1500, EL_DREUSE=Y, EL_ECWTP=!R, EL_EMFD=!90] | KEYS:[EL_PA103A03_2=10311441G0100]","REMARKS:신규 사선횡락/후락 | SPECS:[EL_ATYP=GTLX_E, EL_ETM=GH25SC, EL_EPP=>=700,<=1500, EL_DREUSE=N] | KEYS:[EL_PA103A03_2=10311441G0100]",CON4: [Y] -> [N] | SPEC5: [EL_ECWTP] -> [] | CON5: [!R] -> [] | SPEC6: [EL_EMFD] -> [] | CON6: [!90] -> [] | REMARKS: [교체 사선횡락] -> [신규 사선횡락/후락]
136,수정(MODIFIED),"SPEC1, CON1, SPEC2, CON2, SPEC3, CON3, SPEC4, CON4, SPEC5, CON5, SPEC6, CON6, KEY1, VAL1, REMARKS",,"REMARKS:교체 사선횡락 | SPECS:[EL_ATYP=GTLX_E, EL_ETM=GH25SC, EL_EPP=>=700,<=1500, EL_DREUSE=Y, EL_ECWTP=!R, EL_EMFD=!90] | KEYS:[EL_PA103A03_2=10311441G0100]","SPEC1: [] -> [EL_ATYP] | CON1: [] -> [GTLX_E] | SPEC2: [] -> [EL_ETM] | CON2: [] -> [GH25SC] | SPEC3: [] -> [EL_EPP] | CON3: [] -> [>=700,<=1500] | SPEC4: [] -> [EL_DREUSE] | CON4: [] -> [Y] | SPEC5: [] -> [EL_ECWTP] | CON5: [] -> [!R] | SPEC6: [] -> [EL_EMFD] | CON6: [] -> [!90] | KEY1: [] -> [EL_PA103A03_2] | VAL1: [] -> [10311441G0100] | REMARKS: [] -> [교체 사선횡락]"
137,수정(MODIFIED),"SPEC1, CON1, SPEC2, CON2, SPEC3, CON3, SPEC4, CON4, SPEC5, CON5, KEY1, VAL1, REMARKS","REMARKS:교체 후락 | SPECS:[EL_ATYP=GTLX_E, EL_ETM=GH25SC, EL_EPP=>=700,<=1500, EL_DREUSE=Y, EL_ECWTP=R] | KEYS:[EL_PA103A03_2=10311441G0200]",,"SPEC1: [EL_ATYP] -> [] | CON1: [GTLX_E] -> [] | SPEC2: [EL_ETM] -> [] | CON2: [GH25SC] -> [] | SPEC3: [EL_EPP] -> [] | CON3: [>=700,<=1500] -> [] | SPEC4: [EL_DREUSE] -> [] | CON4: [Y] -> [] | SPEC5: [EL_ECWTP] -> [] | CON5: [R] -> [] | KEY1: [EL_PA103A03_2] -> [] | VAL1: [10311441G0200] -> [] | REMARKS: [교체 후락] -> []"
138,수정(MODIFIED),"CON5, SPEC6, CON6","REMARKS:교체 후락 | SPECS:[EL_ATYP=GTLX_E, EL_ETM=GH25SC, EL_EPP=>=700,<=1500, EL_DREUSE=Y, EL_ECWTP=!R, EL_EMFD=90] | KEYS:[EL_PA103A03_2=10311441G0200]","REMARKS:교체 후락 | SPECS:[EL_ATYP=GTLX_E, EL_ETM=GH25SC, EL_EPP=>=700,<=1500, EL_DREUSE=Y, EL_ECWTP=R] | KEYS:[EL_PA103A03_2=10311441G0200]",CON5: [!R] -> [R] | SPEC6: [EL_EMFD] -> [] | CON6: [90] -> []
139,수정(MODIFIED),"SPEC1, CON1, SPEC2, CON2, SPEC3, CON3, SPEC4, CON4, SPEC5, CON5, SPEC6, CON6, KEY1, VAL1, REMARKS",,"REMARKS:교체 후락 | SPECS:[EL_ATYP=GTLX_E, EL_ETM=GH25SC, EL_EPP=>=700,<=1500, EL_DREUSE=Y, EL_ECWTP=!R, EL_EMFD=90] | KEYS:[EL_PA103A03_2=10311441G0200]","SPEC1: [] -> [EL_ATYP] | CON1: [] -> [GTLX_E] | SPEC2: [] -> [EL_ETM] | CON2: [] -> [GH25SC] | SPEC3: [] -> [EL_EPP] | CON3: [] -> [>=700,<=1500] | SPEC4: [] -> [EL_DREUSE] | CON4: [] -> [Y] | SPEC5: [] -> [EL_ECWTP] | CON5: [] -> [!R] | SPEC6: [] -> [EL_EMFD] | CON6: [] -> [90] | KEY1: [] -> [EL_PA103A03_2] | VAL1: [] -> [10311441G0200] | REMARKS: [] -> [교체 후락]"
141,수정(MODIFIED),"SPEC1, SPEC2, CON2, SPEC3, CON3, SPEC4, CON4, SPEC5, CON5, SPEC6, CON6, KEY1, VAL1","SPECS:[EL_ATYP=None, EL_ETM=,?GT17?,?GT25?,?GT35?, EL_EMFD=90, EL_DPO=!(RG), EL_DTMDP=,A,B, EL_EMCBD=!SH] | KEYS:[EL_PA103A03_2=10310380G0100]",,"SPEC1: [EL_ATYP] -> [] | SPEC2: [EL_ETM] -> [] | CON2: [,?GT17?,?GT25?,?GT35?] -> [] | SPEC3: [EL_EMFD] -> [] | CON3: [90] -> [] | SPEC4: [EL_DPO] -> [] | CON4: [!(RG)] -> [] | SPEC5: [EL_DTMDP] -> [] | CON5: [,A,B] -> [] | SPEC6: [EL_EMCBD] -> [] | CON6: [!SH] -> [] | KEY1: [EL_PA103A03_2] -> [] | VAL1: [10310380G0100] -> []"
142,수정(MODIFIED),"CON2, CON6","SPECS:[EL_ATYP=None, EL_ETM=,?GT17?,?GT35?, EL_EMFD=90, EL_DPO=!(RG), EL_DTMDP=,A,B, EL_EMCBD=SH] | KEYS:[EL_PA103A03_2=10310380G0100]","SPECS:[EL_ATYP=None, EL_ETM=,?GT17?,?GT25?,?GT35?, EL_EMFD=90, EL_DPO=!(RG), EL_DTMDP=,A,B, EL_EMCBD=!SH] | KEYS:[EL_PA103A03_2=10310380G0100]","CON2: [,?GT17?,?GT35?] -> [,?GT17?,?GT25?,?GT35?] | CON6: [SH] -> [!SH]"
143,수정(MODIFIED),"CON2, VAL1","SPECS:[EL_ATYP=None, EL_ETM=?GT25?, EL_EMFD=90, EL_DPO=!(RG), EL_DTMDP=,A,B, EL_EMCBD=SH] | KEYS:[EL_PA103A03_2=V0027297G0100]","SPECS:[EL_ATYP=None, EL_ETM=,?GT17?,?GT35?, EL_EMFD=90, EL_DPO=!(RG), EL_DTMDP=,A,B, EL_EMCBD=SH] | KEYS:[EL_PA103A03_2=10310380G0100]","CON2: [?GT25?] -> [,?GT17?,?GT35?] | VAL1: [V0027297G0100] -> [10310380G0100]"
144,수정(MODIFIED),"CON2, CON3, CON6, VAL1","SPECS:[EL_ATYP=None, EL_ETM=,?GT17?,?GT25?,?GT35?, EL_EMFD=,SL,SR, EL_DPO=!(RG), EL_DTMDP=,A,B, EL_EMCBD=None] | KEYS:[EL_PA103A03_2=10310380G0200]","SPECS:[EL_ATYP=None, EL_ETM=?GT25?, EL_EMFD=90, EL_DPO=!(RG), EL_DTMDP=,A,B, EL_EMCBD=SH] | KEYS:[EL_PA103A03_2=V0027297G0100]","CON2: [,?GT17?,?GT25?,?GT35?] -> [?GT25?] | CON3: [,SL,SR] -> [90] | CON6: [] -> [SH] | VAL1: [10310380G0200] -> [V0027297G0100]"
145,수정(MODIFIED),"CON2, CON4, VAL1","SPECS:[EL_ATYP=None, EL_ETM=,?GT50?,?GT70?,?GT71?, EL_EMFD=,SL,SR, EL_DPO=None, EL_DTMDP=,A,B, EL_EMCBD=None] | KEYS:[EL_PA103A03_2=10310380G0300]","SPECS:[EL_ATYP=None, EL_ETM=,?GT17?,?GT25?,?GT35?, EL_EMFD=,SL,SR, EL_DPO=!(RG), EL_DTMDP=,A,B, EL_EMCBD=None] | KEYS:[EL_PA103A03_2=10310380G0200]","CON2: [,?GT50?,?GT70?,?GT71?] -> [,?GT17?,?GT25?,?GT35?] | CON4: [] -> [!(RG)] | VAL1: [10310380G0300] -> [10310380G0200]"
146,수정(MODIFIED),"SPEC1, SPEC2, CON2, SPEC3, CON3, SPEC4, SPEC5, CON5, SPEC6, KEY1, VAL1",,"SPECS:[EL_ATYP=None, EL_ETM=,?GT50?,?GT70?,?GT71?, EL_EMFD=,SL,SR, EL_DPO=None, EL_DTMDP=,A,B, EL_EMCBD=None] | KEYS:[EL_PA103A03_2=10310380G0300]","SPEC1: [] -> [EL_ATYP] | SPEC2: [] -> [EL_ETM] | CON2: [] -> [,?GT50?,?GT70?,?GT71?] | SPEC3: [] -> [EL_EMFD] | CON3: [] -> [,SL,SR] | SPEC4: [] -> [EL_DPO] | SPEC5: [] -> [EL_DTMDP] | CON5: [] -> [,A,B] | SPEC6: [] -> [EL_EMCBD] | KEY1: [] -> [EL_PA103A03_2] | VAL1: [] -> [10310380G0300]"
147,수정(MODIFIED),ADDR,ADDR:PICK3,,ADDR: [PICK3] -> []
148,수정(MODIFIED),"ADDR, SPEC1, CON1, SPEC2, CON2, SPEC3, CON3, SPEC5, CON5, KEY1, VAL1, KEY2, VAL2","SPECS:[EL_ATYP=GTLX, EL_ETM=,?GH15?,?GH25?,?GH15S?,?GH25S?, EL_DREUSE=N, EL_ECWTP=!R] | KEYS:[EL_PA103A03_3=10310082G0100, EL_PA103A03_4=10310082G0200]",ADDR:PICK3,"ADDR: [] -> [PICK3] | SPEC1: [EL_ATYP] -> [] | CON1: [GTLX] -> [] | SPEC2: [EL_ETM] -> [] | CON2: [,?GH15?,?GH25?,?GH15S?,?GH25S?] -> [] | SPEC3: [EL_DREUSE] -> [] | CON3: [N] -> [] | SPEC5: [EL_ECWTP] -> [] | CON5: [!R] -> [] | KEY1: [EL_PA103A03_3] -> [] | VAL1: [10310082G0100] -> [] | KEY2: [EL_PA103A03_4] -> [] | VAL2: [10310082G0200] -> []"
149,수정(MODIFIED),"CON1, CON2, SPEC3, CON3, SPEC4, CON4, CON5, SPEC6, VAL1, KEY2, VAL2","SPECS:[EL_ATYP=None, EL_ETM=,?GT50?,?GT70?,?GT71?, EL_EMFD=None, EL_DTMDP=,A,B, EL_ECWTP=R, EL_EMCBD=None] | KEYS:[EL_PA103A03_3=10300421G0300]","SPECS:[EL_ATYP=GTLX, EL_ETM=,?GH15?,?GH25?,?GH15S?,?GH25S?, EL_DREUSE=N, EL_ECWTP=!R] | KEYS:[EL_PA103A03_3=10310082G0100, EL_PA103A03_4=10310082G0200]","CON1: [] -> [GTLX] | CON2: [,?GT50?,?GT70?,?GT71?] -> [,?GH15?,?GH25?,?GH15S?,?GH25S?] | SPEC3: [EL_EMFD] -> [EL_DREUSE] | CON3: [] -> [N] | SPEC4: [EL_DTMDP] -> [] | CON4: [,A,B] -> [] | CON5: [R] -> [!R] | SPEC6: [EL_EMCBD] -> [] | VAL1: [10300421G0300] -> [10310082G0100] | KEY2: [] -> [EL_PA103A03_4] | VAL2: [] -> [10310082G0200]"
150,수정(MODIFIED),"CON3, CON5, CON6","SPECS:[EL_ATYP=None, EL_ETM=,?GT50?,?GT70?,?GT71?, EL_EMFD=90, EL_DTMDP=,A,B, EL_ECWTP=,R/L,R/R, EL_EMCBD=SH] | KEYS:[EL_PA103A03_3=10300421G0300]","SPECS:[EL_ATYP=None, EL_ETM=,?GT50?,?GT70?,?GT71?, EL_EMFD=None, EL_DTMDP=,A,B, EL_ECWTP=R, EL_EMCBD=None] | KEYS:[EL_PA103A03_3=10300421G0300]","CON3: [90] -> [] | CON5: [,R/L,R/R] -> [R] | CON6: [SH] -> []"
151,v45 신규 추가,전체 행 추가,-,"SPECS:[EL_ATYP=None, EL_ETM=,?GT50?,?GT70?,?GT71?, EL_EMFD=90, EL_DTMDP=,A,B, EL_ECWTP=,R/L,R/R, EL_EMCBD=SH] | KEYS:[EL_PA103A03_3=10300421G0300]",v45 버전에서 신규 추가된 행
