COLUMN,TITLE,VAL_213249L36,VAL_210003L45,DEC_213249L36,DEC_210003L45
CO_DPEXQ1,교환기(1) 대수,36,44,,
CO_ELQTY,E/L 대수,36.0,44.0,,
CO_QTDAT,CO_QTDAT,20260120,20241127,,
DESIGNER,designer,"7003411,7003286,","7009775,2037513,",,
EBOM_MANAGER,ebom_manager,전동근,이여진,,
EL_ALOCT,설치지역,05,08,,
EL_ARDR,RENDERING,,2248972917,,
EL_ASPC,시방서,2500083024,,DW_01,
EL_BCBTPL,버튼 누름판 도금(CAR),2798326957,,,
EL_BCDC,DOOR 색상/무늬,,SE2302,,
EL_BCDM,DOOR 재질,2501286202,2501279858,GLASTL_DE,SUSET_304
EL_BCI,CAGE 인테리어 적용,2500083899,,,
EL_BCIT,CAGE 인테리어 타입,2500083966,,,
EL_BCL,천장종류,2501389015,2500811464,INT,CD199A_1
EL_BCLC,천장색상,p022,,,
EL_BCLCD,LCD ; 사양,2701645546,,,
EL_BCLCDL,LCD;취부위치,2500084263,,FR,
EL_BCLCDQ,LCD ; 수량,2,,,
EL_BCLPS,◎ CEILING PLATE,2500083537,,,
EL_BCPI,CPI,,2500813817,,
EL_BETC,TRANSOM 색상/무늬,TR칼라 블랙비드블라스트,,,
EL_BETM,TRANSOM 재질/무늬,2500819266,2500286983,TR_BDBL,SUSHL_304
EL_BFSPC,FLOOR사양,렌더링참조,BL05,,
EL_BHOPB,장애인용 OPB,2701858099,2701858097,,
EL_BHOPBM,장애자 OPB : 재질,2701847113,2701841316,,
EL_BHR,HANDRAIL,,2500811504,,
EL_BKPC,◎ KICK PLATE 색상/무늬,KCC가루멜EX4420 S/SEPIA(DW)유광,,,
EL_BKPL,KICK PLATE,2501286192,2500024065,,
EL_BMOPB,MAIN OPB사양,2701813522,2701761472,N280A,N264A
EL_BMOPBM,MAIN OPB : 재질,2701847113,2701841316,,
EL_BSFED,SAFETY EDGE,2500003896,2501287962,,
EL_BSOPB,SUB OPB ; 사양,2701813522,2701761472,,
EL_BWC01,1.WALL;좌측전면 색상/무늬,TR칼라 블랙비드블라스트,,,
EL_BWC03,3. WALL;좌측면중앙 색상/무늬,,SE2302,,
EL_BWC05,5. WALL;후면좌면 색상/무늬,TR칼라 블랙비드블라스트,,,
EL_BWC06,6. WALL;후면중앙 색상/무늬,TR칼라 블랙비드블라스트,,,
EL_BWC07,7. WALL;후면우면 색상/무늬,TR칼라 블랙비드블라스트,,,
EL_BWC09,9.WALL;우측면중앙 색상/무늬,,SE2302,,
EL_BWC11,11.WALL;우측전면 색상/무늬,TR칼라 블랙비드블라스트,,,
EL_BWM01,1.WALL;좌측전면 재질,2500819266,2500286983,,
EL_BWM02,2.WALL;좌측면전면 재질,2500819166,2500286983,,
EL_BWM03,3. WALL;좌측면중앙 재질,2500819166,2501279858,,
EL_BWM04,4. WALL;좌측면후면 재질,2500819166,2500286983,,
EL_BWM05,5. WALL;후면좌면 재질,2500819266,2500286983,,
EL_BWM06,6. WALL;후면중앙 재질,2500819266,,,
EL_BWM07,7. WALL;후면우면 재질,2500819266,2500286983,,
EL_BWM08,8. WALL;우측면후면 재질,2500819166,2500286983,,
EL_BWM09,9.WALL;우측면중앙 재질,2500819166,2501279858,,
EL_BWM10,10.WALL;우측면전면 재질,2500819166,2500286983,,
EL_BWM11,11.WALL;우측전면 재질,2500819266,2500286983,,
EL_CHDC0,DOOR색상/무늬_(CP),,SE2302,,
EL_CHDC1,DOOR색상/무늬_(1),,SE2302,,
EL_CHDM0,DOOR재질_(CP),2501286202,2501279858,,
EL_CHDM1,DOOR재질_(1),2501286202,2501279858,,
EL_CHPB0,BUTTON_(CP),2719183407,2701761349,,
EL_CHPB1,BUTTON_(1),2719183407,2701761349,,
EL_CHPBMA0,BUTTON 재질_(CP),,2701841316,,
EL_CHPBMA1,BUTTON 재질_(1),,2701841316,,
EL_CJAMBC0,JAMB색상/무늬_(CP),KCC가루멜EX4420 S/SEPIA(DW)유광,,,
EL_CJAMBC1,JAMB색상/무늬_(1),KCC가루멜EX4420 S/SEPIA(DW)유광,,,
EL_CJAMBM0,JAMB재질_(CP),2500819166,2500286983,,
EL_CJAMBM1,JAMB재질_(1),2500819166,2500286983,,
EL_DCAIR,CAR 에어컨,2812147844,2500000827,,
EL_DCCTV,CCTV 카메라,2500000830,2500004307,,
EL_DCEEE,천장 구출구 적용,2248972918,2248972917,,
EL_DCLCP,제어반 전원표시램프,2248972917,,,
EL_DCRG,RGS 적용,,2500818119,,CAR
EL_DDH,DOOR HOLD,2248972917,,,
EL_DHSC,HATCH SILL 물막이 판,,2248972917,,
EL_DLATT,전력회생형 적용,2248972917,,,
EL_DRBVPL,레일브라켓 방진 라이너,,2702155475,,
EL_DRBVPLQ,레일브라켓 방진 라이너 적용단수,,6,,
EL_DSPD,SPD(20KA),,2248972917,,
EL_DTB,TOOL BOX,2248972917,,,
EL_E1BRH1,◎ H1 1st BRKT,N,Y,,
EL_ECAA,CAR 외부가로 ; AA,1690,1710,,
EL_ECBB,CAR 외부세로 ; BB,2160,2110,,
EL_ECBG,CAR; BG,1730,1750,,
EL_ECBUFBH,◎ CAR BUFFER BLOCKING 높이,880,1030,,
EL_ECCA,CAR 내부가로 ; CA ,1630,1650,,
EL_ECCB,CAR 내부세로 ; CB,1900,1850,,
EL_ECCTVP,◎ CCTV CAMERA 위치,,2501001900,,
EL_ECDOP,◎ CAR DOOR OPER,2865888105,2500591078,,
EL_ECEE,CAR 무게중심 ; EE,1080,1055,,
EL_ECGSH,CAR; GUIDE SHOE,2500000922,2500201007,,
EL_ECHH,도어높이;HH,2200,2100,,
EL_ECHOR,CAR중심 가로,1350,1300,,
EL_ECN,설치호기명,36,41,,
EL_ECSL,◎ 적용하중 (CAR),2960,2820,,
EL_ECVER,CAR중심 세로,1250,1255,,
EL_ECW,CAR자중,1610,1470,,
EL_ECWAD,CAR 추가 의장 무게 (전체),238,,,
EL_ECWSL,◎ 적용하중 (CWT),2285,2145,,
EL_EFH01,1층,0,4700,,
EL_EFHB,◎ BOT 층고,2750,2600,,
EL_EFHB1,B1층,0,2600,,
EL_EFHMAX,◎ 최대 층고,0,4700,,
EL_EFHMIN,◎ 최소 층고,2750,2600,,
EL_EFHT,◎ TOP-1 층고,2750,2600,,
EL_EHH,승강로 가로;XX,3200,2600,,
EL_EHJH,◎ LADDER; JH,1350,800,,
EL_EHO,승강로 OVERHEAD,5450,4700,,
EL_EHP,승강로 PIT,1500,1650,,
EL_EHTH,승강로 전장; TOTAL HEIGHT,9700,8950,,
EL_EHTRH,주행거리,2750,2600,,
EL_EHV,승강로 세로;YY,2500,2515,,
EL_EITS,CAR 내부 INTERIOR 측면 두께,15,0,,
EL_ELADHH,◎ LADDER; HH,0,100,,
EL_ELADRD,◎ LADDER; RD,700,150,,
EL_EMCBL,◎ MC BEAM; 길이,3500,2900,,
EL_EPPX,ROPE ; X 가로,1072,1082,,
EL_EPSRD,◎ PIT SCREEN;RD,278,218,,
EL_ERBH1,◎ RAIL BRKT 거리(H1),270,360,,
EL_ERBH2,◎ RAIL BRKT 거리(H2),420,360,,
EL_ERBH3,◎ RAIL BRKT 거리(H3),278,218,,
EL_ETMM,MOTOR용량,6.7,8.9,,
EL_EWM3,◎ WALL ; 측면중앙,900,1000,,
EL_EWM4,◎ WALL ; 측면좌우,500,425,,
EL_EWM5,◎ WALL ; 전면,334,344,,
EL_FDS1,개별입력1 이름,32111406G0100,OPB 표판 3T 적용,,
EL_FDS2,개별입력2 이름,,1층 낙수방지 커버,,
EL_FNS2,비표준 사양(2) ,NS-2026-1613,,,
EL_ZERR_A_1,자동 입력 오류,"카자중 확인 요망 (현재 전산 계산값 0이나, 1610 입력되어 있음), 시뮬PID : CALC_CAR_WT
M3값 확인요망 (현재 전산 계산값 1000이나, 900 입력되어 있음), 시뮬PID : CAL_WALL_EWM
RAIL BRACKET거리(H1) 확인 요망 (현재 전산 계산값 920이나, 270 입력되어 있음), 시뮬PID : CAL_EL_ERBH","카자중 확인 요망 (현재 전산 계산값 0이나, 1470 입력되어 있음), 시뮬PID : CALC_CAR_WT",,
EL_ZERR_C_1,공통 에러 메시지,"[설계주의] 비표준 사양이 있으니 확인 NS-9999-0001
[설계주의] 비표준 사양이 있으니 확인 NS-2026-1613
관통이면서 카 LCD적용 될 경우 LCD수량 확인
7"" LCD 취부 위치 및 홀 타공 확인","[설계주의] 비표준 사양이 있으니 확인 NS-9999-0001
시방서 적용 현장으로 시방서 사양 적용 여부 영업 담당자에게 문의할 것",,
EL_ZERR_E3_1,전기 에러 메시지,"INVERTER용량 미입력
비표준 DUTY가 적용되어 MCCB 용량이 0으로 계산 (설계자 검토 후 비표준 설계 진행)
연구소로 인버터 용량 문의 (계산 시 인버터 용량은 0kW)
LCD 2개 이상 적용 시 광송신기(26210035G1700) 1EA 추가
7W 매립형 LCD, OPB 적용 시(26200211G0100) / 기타 위치(26210035G0100)
CRT 화재관제 옵션(CRT_FIRE) 적용되므로 T NO. 에 관련 자재 수배
대우시방시 T NO에 화재감시용 단말기 ""204C2577G0200"",""259D0107G0200"",""290C0030G0100"" 적용
CPI 적용 확인 (MAIN OPB에 INDICATOR 없음)
GT 기종 관통호기 국내 자재 적용 시 FLS CAM BRACKET 585mm 적용할 것.","INVERTER용량 미입력
연구소로 인버터 용량 문의 (계산 시 인버터 용량은 0kW)
CRT 화재관제 옵션(CRT_FIRE) 적용되므로 T NO. 에 관련 자재 수배
감시반1에 연결대수 40초과시 연결된 호기 모두 485,이더넷 겸용통신 보드로 통일할 것 29000039G02 → G01 (RS485통신 사용시 0.1s/대 통신지연 발생)",,
EL_ZERR_E5_1,전기 미품목,EL_PA204A CP ASSY,"EL_PA204A CP ASSY
EL_PA205A03 RESISTOR BOX ASSY",,
EL_ZERR_M3_1,기계 에러 메시지,"[설계주의] LADDER; JH 값 비표준으로 LADDER 확인 필요함 (현재 최대 1000임)
[설계주의] NEX 관통 초도 설계 현장으로 주의할 것. (설계 후 입력오류메시지 삭제할 것)
[설계주의] NEX 관통형 초도 설계 현장으로 설계 주의, BOM 검토 필수 ! (설계 후 입력오류메시지 삭제할 것.)
[영업사양] 장애인용의 경우 HANDRAIL 3면 적용할 것.
[설계주의] 1차 브라켓 적용 여부 값이 제대로 들어가있는지 재확인 할 것.
RAIL 취부형 PIT LADDER BRACKET과 GOV TENSION SHEAVE 간섭 검토할 것.
H1 RAIL BRACKET 밟음 방지용 COVER 적용 검토할 것 (전산작업요청 02861 참고)","[설계주의] NEX 관통 초도 설계 현장으로 주의할 것. (설계 후 입력오류메시지 삭제할 것)
[설계주의] NEX 관통형 초도 설계 현장으로 설계 주의, BOM 검토 필수 ! (설계 후 입력오류메시지 삭제할 것.)
[영업사양] 장애인용의 경우 HANDRAIL 3면 적용할 것.",,
EL_ZERR_M5_1,기계 미품목,"EL_PB125A SAFETY (CAR) (시뮬 PID : EL_PB125A, 미품목 : AUTO_EL_ZERR_M5,401번째줄)
EL_PB128A01_1 CAR CABLE HANGER (시뮬 PID : EL_PB128A01, 미품목 : AUTO_EL_ZERR_M5,429번째줄)
EL_PB128A02_1 HATCH CABLE HANGER (시뮬 PID : EL_PB128A02, 미품목 : AUTO_EL_ZERR_M5,430번째줄)
EL_PB181A CWT FRAME (시뮬 PID : EL_PB181A, 미품목 : AUTO_EL_ZERR_M5,460번째줄)
EL_PF322C CAGE INTERIOR ASSY (시뮬 PID : EL_PF322C, 미품목 : AUTO_EL_ZERR_M5,745번째줄)","EL_PB125A SAFETY (CAR) (시뮬 PID : EL_PB125A, 미품목 : AUTO_EL_ZERR_M5,392번째줄)
EL_PB181A CWT FRAME (시뮬 PID : EL_PB181A, 미품목 : AUTO_EL_ZERR_M5,445번째줄)",,
EL_ZFDA,기계구조 최초설계,20260624,20250909,,
EL_ZFDB,기계의장 최초설계,20260624,20250909,,
EL_ZFDC,전기구조 최초설계,20260609,20250909,,
EL_ZFDD,전기_의장 최초 설계,20260609,20250909,,
EL_ZORINO,◎ 기존설계호기번호,213249L36,210003L45,,
EL_ZTEXT_D,옵션 특기사항,개별입력1 이름 : 32111406G0100,,,
ERPTPDATE,ERP 전송일시,20260904105830,20260804140407,,
MANAGER2,영업/기타 담당자,김상우,문일호,,
MANAGER_E,전기 담당자,이태호,이여진,,
MANAGER_M,기계 담당자,전동근,권용빈,,
MD$CDATE,생성/등록 일시,20260908152722,20260107170300,,
MD$DESC,수주명 (현장명),탕정푸르지오센터파크,HS 광주 첨단 센트럴,,
MD$MDATE,수정 일시,20260908152825,20260804140407,,
MD$NUMBER,호기번호,213249L36,210003L45,,
MD$STATUS,진행 상태,RLS,WIP,,
MD$USER,등록자 사번,7003286,SYSTEM.INTERNAL,,
PARTNOGROUP,자재그룹번호,,2248976043,,
PHONE,연락처1,01022311542,01096301485,,
PHONE2,연락처2,01064736997,01037881520,,
SAVEUSER,최종 저장자,전동근,이여진,,
VF$VERSION,버전,8,wip,,
